batch,index,path,track,lines,severity,tags,action,optimization_impact,finding,recommendation,validation
1,1,College/Academics/AcademicMetricsStore.swift,B-app-feature,190,Low,none,monitor,Low,No notable legacy/performance finding in current audit pass.,Retain for now; add owner/removal criteria if compatibility-related.,Build College scheme; run relevant tests/smoke path.
1,2,College/Academics/AcademicsAuditPanel.swift,B-app-feature,4,Low,none,monitor,Low,No notable legacy/performance finding in current audit pass.,Retain for now; add owner/removal criteria if compatibility-related.,Build College scheme; run relevant tests/smoke path.
1,3,College/Academics/AcademicsView.swift,B-app-feature,2734,Low,none,monitor,Low,No notable legacy/performance finding in current audit pass.,Retain for now; add owner/removal criteria if compatibility-related.,Build College scheme; run relevant tests/smoke path.
1,4,College/Academics/DegreeRequirementsFullView.swift,B-app-feature,363,Low,none,monitor,Low,No notable legacy/performance finding in current audit pass.,Retain for now; add owner/removal criteria if compatibility-related.,Build College scheme; run relevant tests/smoke path.
1,5,College/Academics/GPACalculation.swift,B-app-feature,35,Low,none,monitor,Low,No notable legacy/performance finding in current audit pass.,Retain for now; add owner/removal criteria if compatibility-related.,Build College scheme; run relevant tests/smoke path.
1,6,College/App/AppActivityCoordinator.swift,A-runtime-critical-app,111,Low,none,monitor,Low,No notable legacy/performance finding in current audit pass.,Retain for now; add owner/removal criteria if compatibility-related.,Build College scheme; run relevant tests/smoke path.
1,7,College/App/AppCompatibility.swift,A-runtime-critical-app,46,Low,none,monitor,Low,No notable legacy/performance finding in current audit pass.,Retain for now; add owner/removal criteria if compatibility-related.,Build College scheme; run relevant tests/smoke path.
1,8,College/App/AppHeaderView.swift,A-runtime-critical-app,165,Low,none,monitor,Low,No notable legacy/performance finding in current audit pass.,Retain for now; add owner/removal criteria if compatibility-related.,Build College scheme; run relevant tests/smoke path.
1,9,College/App/AppToolbarCoordinator.swift,A-runtime-critical-app,820,Low,none,monitor,Low,No notable legacy/performance finding in current audit pass.,Retain for now; add owner/removal criteria if compatibility-related.,Build College scheme; run relevant tests/smoke path.
1,10,College/App/CatalogMenuBarProgressController.swift,A-runtime-critical-app,127,Low,none,monitor,Low,No notable legacy/performance finding in current audit pass.,Retain for now; add owner/removal criteria if compatibility-related.,Build College scheme; run relevant tests/smoke path.
1,11,College/App/CatalogMenuBarProgressNotifier.swift,A-runtime-critical-app,27,Low,none,monitor,Low,No notable legacy/performance finding in current audit pass.,Retain for now; add owner/removal criteria if compatibility-related.,Build College scheme; run relevant tests/smoke path.
1,12,College/App/CollegeApp.swift,A-runtime-critical-app,645,Low,none,monitor,Low,No notable legacy/performance finding in current audit pass.,Retain for now; add owner/removal criteria if compatibility-related.,Build College scheme; run relevant tests/smoke path.
1,13,College/App/CollegeAppDelegate.swift,A-runtime-critical-app,147,Low,none,monitor,Low,No notable legacy/performance finding in current audit pass.,Retain for now; add owner/removal criteria if compatibility-related.,Build College scheme; run relevant tests/smoke path.
1,14,College/App/ContentView.swift,A-runtime-critical-app,1324,Low,none,monitor,Low,No notable legacy/performance finding in current audit pass.,Retain for now; add owner/removal criteria if compatibility-related.,Build College scheme; run relevant tests/smoke path.
1,15,College/App/LMSPortalConfiguration.swift,A-runtime-critical-app,101,Medium,legacy-data,monitor;delete,Low,Legacy UserDefaults key fallback retained.,Follow action class in rubric; validate with build/tests.,Build College scheme; run relevant tests/smoke path.
1,16,College/App/LaunchPreloadCoordinator.swift,A-runtime-critical-app,695,Medium,main-thread-work,optimize,Medium,Polling sleep loops in launch coordination.,"Measure baseline, move heavy work off hot path, and validate with build/tests.",Build College scheme; run relevant tests/smoke path.
1,17,College/App/LaunchUpdateCheckService.swift,A-runtime-critical-app,327,Medium,main-thread-work,optimize,Medium,Startup/update checks include repeated setup and synchronous file reads.,"Measure baseline, move heavy work off hot path, and validate with build/tests.",Build College scheme; run relevant tests/smoke path.
1,18,College/App/LaunchUpdateModels.swift,A-runtime-critical-app,40,Low,none,monitor,Low,No notable legacy/performance finding in current audit pass.,Retain for now; add owner/removal criteria if compatibility-related.,Build College scheme; run relevant tests/smoke path.
1,19,College/App/MainContentSignals.swift,A-runtime-critical-app,20,Low,none,monitor,Low,No notable legacy/performance finding in current audit pass.,Retain for now; add owner/removal criteria if compatibility-related.,Build College scheme; run relevant tests/smoke path.
1,20,College/App/ModalCoordinator.swift,A-runtime-critical-app,77,Low,none,monitor,Low,No notable legacy/performance finding in current audit pass.,Retain for now; add owner/removal criteria if compatibility-related.,Build College scheme; run relevant tests/smoke path.
1,21,College/App/OnboardingPreferenceBridge.swift,A-runtime-critical-app,51,Low,none,monitor,Low,No notable legacy/performance finding in current audit pass.,Retain for now; add owner/removal criteria if compatibility-related.,Build College scheme; run relevant tests/smoke path.
1,22,College/App/OnboardingRootView.swift,A-runtime-critical-app,2191,Medium,legacy-data,monitor;refactor,Medium,Legacy catoid fallback still active.,Follow action class in rubric; validate with build/tests.,Build College scheme; run relevant tests/smoke path.
1,23,College/App/PlannerMenuNotifications.swift,A-runtime-critical-app,26,Low,none,monitor,Low,No notable legacy/performance finding in current audit pass.,Retain for now; add owner/removal criteria if compatibility-related.,Build College scheme; run relevant tests/smoke path.
1,24,College/App/SessionTerminationTracker.swift,A-runtime-critical-app,22,Low,none,monitor,Low,No notable legacy/performance finding in current audit pass.,Retain for now; add owner/removal criteria if compatibility-related.,Build College scheme; run relevant tests/smoke path.
1,25,College/App/ShellToolbarPrincipalNavBar.swift,A-runtime-critical-app,97,Low,none,monitor,Low,No notable legacy/performance finding in current audit pass.,Retain for now; add owner/removal criteria if compatibility-related.,Build College scheme; run relevant tests/smoke path.
1,26,College/App/SidebarView.swift,A-runtime-critical-app,417,Low,none,monitor,Low,No notable legacy/performance finding in current audit pass.,Retain for now; add owner/removal criteria if compatibility-related.,Build College scheme; run relevant tests/smoke path.
1,27,College/App/TahoeGlassPane.swift,A-runtime-critical-app,91,Medium,dead-code-candidate,delete,Low,High-confidence likely unused file candidate.,"Verify references/dynamic use, then remove in cleanup wave.",Build College scheme; run relevant tests/smoke path.
1,28,College/App/UITestLaunchFlags.swift,A-runtime-critical-app,51,Low,none,monitor,Low,No notable legacy/performance finding in current audit pass.,Retain for now; add owner/removal criteria if compatibility-related.,Build College scheme; run relevant tests/smoke path.
1,29,College/App/WebShortcutStore.swift,A-runtime-critical-app,71,Low,none,monitor,Low,No notable legacy/performance finding in current audit pass.,Retain for now; add owner/removal criteria if compatibility-related.,Build College scheme; run relevant tests/smoke path.
1,30,College/Brightspace/BrightspaceDownloadManager.swift,B-app-feature,224,Low,none,monitor,Low,No notable legacy/performance finding in current audit pass.,Retain for now; add owner/removal criteria if compatibility-related.,Build College scheme; run relevant tests/smoke path.
1,31,College/Brightspace/BrightspaceImportSheet.swift,B-app-feature,336,Low,none,monitor,Low,No notable legacy/performance finding in current audit pass.,Retain for now; add owner/removal criteria if compatibility-related.,Build College scheme; run relevant tests/smoke path.
1,32,College/Brightspace/BrightspaceKeychainService.swift,B-app-feature,91,Low,none,monitor,Low,No notable legacy/performance finding in current audit pass.,Retain for now; add owner/removal criteria if compatibility-related.,Build College scheme; run relevant tests/smoke path.
1,33,College/Brightspace/BrightspaceView.swift,B-app-feature,293,Low,none,monitor,Low,No notable legacy/performance finding in current audit pass.,Retain for now; add owner/removal criteria if compatibility-related.,Build College scheme; run relevant tests/smoke path.
1,34,College/Brightspace/BrightspaceWebCoordinator.swift,B-app-feature,778,Low,none,monitor,Low,No notable legacy/performance finding in current audit pass.,Retain for now; add owner/removal criteria if compatibility-related.,Build College scheme; run relevant tests/smoke path.
1,35,College/Calendar/AddCalendarItemOverlay.swift,A-runtime-critical-app,5218,Low,none,monitor,Low,No notable legacy/performance finding in current audit pass.,Retain for now; add owner/removal criteria if compatibility-related.,Build College scheme; run relevant tests/smoke path.
1,36,College/Calendar/AddCalendarItemOverlaySizing.swift,A-runtime-critical-app,17,Low,none,monitor,Low,No notable legacy/performance finding in current audit pass.,Retain for now; add owner/removal criteria if compatibility-related.,Build College scheme; run relevant tests/smoke path.
1,37,College/Calendar/AddTaskOverlay.swift,A-runtime-critical-app,1335,Low,none,monitor,Low,No notable legacy/performance finding in current audit pass.,Retain for now; add owner/removal criteria if compatibility-related.,Build College scheme; run relevant tests/smoke path.
1,38,College/Calendar/AppleCalendarIntegration.swift,A-runtime-critical-app,132,Low,none,monitor,Low,No notable legacy/performance finding in current audit pass.,Retain for now; add owner/removal criteria if compatibility-related.,Build College scheme; run relevant tests/smoke path.
1,39,College/Calendar/CalendarCacheEngine.swift,A-runtime-critical-app,332,Low,none,monitor,Low,No notable legacy/performance finding in current audit pass.,Retain for now; add owner/removal criteria if compatibility-related.,Build College scheme; run relevant tests/smoke path.
1,40,College/Calendar/CalendarCourseLinker.swift,A-runtime-critical-app,212,Low,none,monitor,Low,No notable legacy/performance finding in current audit pass.,Retain for now; add owner/removal criteria if compatibility-related.,Build College scheme; run relevant tests/smoke path.
1,41,College/Calendar/CalendarEditorNotifications.swift,A-runtime-critical-app,6,Low,none,monitor,Low,No notable legacy/performance finding in current audit pass.,Retain for now; add owner/removal criteria if compatibility-related.,Build College scheme; run relevant tests/smoke path.
1,42,College/Calendar/CalendarIntegrationManager.swift,A-runtime-critical-app,5047,High,god-object;global-state;duplicate-implementation,refactor;test-first,High,Monolithic provider sync/auth/conflict/persistence orchestration.,Follow action class in rubric; validate with build/tests.,Build College scheme; run relevant tests/smoke path.
1,43,College/Calendar/CalendarReminderScheduler.swift,A-runtime-critical-app,206,Low,none,monitor,Low,No notable legacy/performance finding in current audit pass.,Retain for now; add owner/removal criteria if compatibility-related.,Build College scheme; run relevant tests/smoke path.
1,44,College/Calendar/CalendarTimeZonePreference.swift,A-runtime-critical-app,89,Low,none,monitor,Low,No notable legacy/performance finding in current audit pass.,Retain for now; add owner/removal criteria if compatibility-related.,Build College scheme; run relevant tests/smoke path.
1,45,College/Calendar/CalendarView.swift,A-runtime-critical-app,2910,Medium-High,recomposition-pressure,optimize;refactor,High,Many triggers can rebuild calendar caches/snapshots.,Follow action class in rubric; validate with build/tests.,Build College scheme; run relevant tests/smoke path.
1,46,College/Calendar/EventColorOverrides.swift,A-runtime-critical-app,29,Low,none,monitor,Low,No notable legacy/performance finding in current audit pass.,Retain for now; add owner/removal criteria if compatibility-related.,Build College scheme; run relevant tests/smoke path.
1,47,College/Calendar/NewEventModal.swift,A-runtime-critical-app,390,Low,none,monitor,Low,No notable legacy/performance finding in current audit pass.,Retain for now; add owner/removal criteria if compatibility-related.,Build College scheme; run relevant tests/smoke path.
1,48,College/CalendarBottomPill.swift,B-app-feature,257,Medium,dead-code-candidate;duplicate-implementation,delete,Low,High-confidence likely unused file candidate.,"Verify references/dynamic use, then remove in cleanup wave.",Build College scheme; run relevant tests/smoke path.
1,49,College/CalendarTopPill.swift,B-app-feature,410,Medium,dead-code-candidate;duplicate-implementation,delete,Low,High-confidence likely unused file candidate.,"Verify references/dynamic use, then remove in cleanup wave.",Build College scheme; run relevant tests/smoke path.
1,50,College/Catalog/CatalogModels.swift,A-runtime-critical-app,692,Medium,legacy-data,refactor;test-first,Medium,Legacy requirement fields coexist with newer model.,Follow action class in rubric; validate with build/tests.,Build College scheme; run relevant tests/smoke path.
1,51,College/Catalog/CatalogParsing/PrerequisitePromptBuilder.swift,A-runtime-critical-app,129,Low,none,monitor,Low,No notable legacy/performance finding in current audit pass.,Retain for now; add owner/removal criteria if compatibility-related.,Build College scheme; run relevant tests/smoke path.
1,52,College/Catalog/CatalogPrerequisiteValidator.swift,A-runtime-critical-app,189,Low,none,monitor,Low,No notable legacy/performance finding in current audit pass.,Retain for now; add owner/removal criteria if compatibility-related.,Build College scheme; run relevant tests/smoke path.
1,53,College/Catalog/ModernCampusAPI.swift,A-runtime-critical-app,71,Medium,legacy-api,monitor;delete,Low,Compatibility shim after API rename.,Follow action class in rubric; validate with build/tests.,Build College scheme; run relevant tests/smoke path.
1,54,College/Catalog/ModernCampusCatalogLabels.swift,A-runtime-critical-app,119,Low,none,monitor,Low,No notable legacy/performance finding in current audit pass.,Retain for now; add owner/removal criteria if compatibility-related.,Build College scheme; run relevant tests/smoke path.
1,55,College/Catalog/ModernCampusEngine.swift,A-runtime-critical-app,2549,Medium-High,duplicate-implementation;n-plus-one,optimize;refactor,High,Catalog scraping/parsing hot path.,Follow action class in rubric; validate with build/tests.,Build College scheme; run relevant tests/smoke path.
1,56,College/Catalog/SchoolScrapers/ModernCampusSchoolScrapers.swift,A-runtime-critical-app,5,Low,none,monitor,Low,No notable legacy/performance finding in current audit pass.,Retain for now; add owner/removal criteria if compatibility-related.,Build College scheme; run relevant tests/smoke path.
1,57,College/Catalog/SchoolScrapers/SchoolScraper.swift,A-runtime-critical-app,6,Low,none,monitor,Low,No notable legacy/performance finding in current audit pass.,Retain for now; add owner/removal criteria if compatibility-related.,Build College scheme; run relevant tests/smoke path.
1,58,College/Catalog/SchoolScrapers/StonyBrookUniversityScraper.swift,A-runtime-critical-app,4,Low,none,monitor,Low,No notable legacy/performance finding in current audit pass.,Retain for now; add owner/removal criteria if compatibility-related.,Build College scheme; run relevant tests/smoke path.
1,59,College/Catalog/SchoolScrapers/UniversityAtBuffaloScraper.swift,A-runtime-critical-app,5,Low,none,monitor,Low,No notable legacy/performance finding in current audit pass.,Retain for now; add owner/removal criteria if compatibility-related.,Build College scheme; run relevant tests/smoke path.
1,60,College/Catalog/UniversalCatalogScraper.swift,A-runtime-critical-app,3375,Medium-High,duplicate-implementation;n-plus-one,optimize;refactor,High,Catalog scraping/parsing overlap with ModernCampusEngine.,Follow action class in rubric; validate with build/tests.,Build College scheme; run relevant tests/smoke path.
1,61,College/Catalog/UniversitySearchView.swift,A-runtime-critical-app,477,Medium,dead-code-candidate,delete,Low,High-confidence likely unused file candidate.,"Verify references/dynamic use, then remove in cleanup wave.",Build College scheme; run relevant tests/smoke path.
1,62,College/Catalog/WebScraperService.swift,A-runtime-critical-app,422,Low,none,monitor,Low,No notable legacy/performance finding in current audit pass.,Retain for now; add owner/removal criteria if compatibility-related.,Build College scheme; run relevant tests/smoke path.
1,63,College/ConfigureBachelorsView.swift,B-app-feature,291,Medium,dead-code-candidate,delete,Low,High-confidence likely unused file candidate.,"Verify references/dynamic use, then remove in cleanup wave.",Build College scheme; run relevant tests/smoke path.
1,64,College/ConfigureMastersView.swift,B-app-feature,243,Medium,dead-code-candidate,delete,Low,High-confidence likely unused file candidate.,"Verify references/dynamic use, then remove in cleanup wave.",Build College scheme; run relevant tests/smoke path.
1,65,College/ConfigurePhdView.swift,B-app-feature,245,Medium,dead-code-candidate,delete,Low,High-confidence likely unused file candidate.,"Verify references/dynamic use, then remove in cleanup wave.",Build College scheme; run relevant tests/smoke path.
1,66,College/Core/MLXGlobalErrorHandler.swift,B-app-feature,34,Low,none,monitor,Low,No notable legacy/performance finding in current audit pass.,Retain for now; add owner/removal criteria if compatibility-related.,Build College scheme; run relevant tests/smoke path.
1,67,College/Core/SheetDismissOnOutsideClick.swift,B-app-feature,93,Low,none,monitor,Low,No notable legacy/performance finding in current audit pass.,Retain for now; add owner/removal criteria if compatibility-related.,Build College scheme; run relevant tests/smoke path.
1,68,College/CoreData/AppBackupManager.swift,A-runtime-critical-app,273,Medium,legacy-data,monitor;test-first,Low,Legacy plaintext backup support retained.,Follow action class in rubric; validate with build/tests.,Build College scheme; run relevant tests/smoke path.
1,69,College/CoreData/CoreDataManager.swift,A-runtime-critical-app,10082,High,god-object;legacy-data;n-plus-one;main-thread-work,refactor;optimize;test-first,Critical,Central data god object; repeated fetch/import paths; sync IO/decrypt concerns.,"Add tests, then refactor and optimize in isolated wave.",Build College scheme; run relevant tests/smoke path.
1,70,College/CoreData/Models.swift,A-runtime-critical-app,249,Low,none,monitor,Low,No notable legacy/performance finding in current audit pass.,Retain for now; add owner/removal criteria if compatibility-related.,Build College scheme; run relevant tests/smoke path.
1,71,College/CoreData/PersistenceController.swift,A-runtime-critical-app,171,Medium,legacy-data,monitor;test-first,Medium,Legacy store migration path still active.,Follow action class in rubric; validate with build/tests.,Build College scheme; run relevant tests/smoke path.
1,72,College/CoreData/ProfileEntity+Extensions.swift,A-runtime-critical-app,21,Low,none,monitor,Low,No notable legacy/performance finding in current audit pass.,Retain for now; add owner/removal criteria if compatibility-related.,Build College scheme; run relevant tests/smoke path.
1,73,College/CoreData/StringNormalization.swift,A-runtime-critical-app,26,Low,none,monitor,Low,No notable legacy/performance finding in current audit pass.,Retain for now; add owner/removal criteria if compatibility-related.,Build College scheme; run relevant tests/smoke path.
1,74,College/Courses/AddCourseView.swift,B-app-feature,506,Low,none,monitor,Low,No notable legacy/performance finding in current audit pass.,Retain for now; add owner/removal criteria if compatibility-related.,Build College scheme; run relevant tests/smoke path.
1,75,College/Courses/AddSemesterView.swift,B-app-feature,158,Low,none,monitor,Low,No notable legacy/performance finding in current audit pass.,Retain for now; add owner/removal criteria if compatibility-related.,Build College scheme; run relevant tests/smoke path.
1,76,College/Courses/CourseCatalogEntity+Display.swift,B-app-feature,16,Low,none,monitor,Low,No notable legacy/performance finding in current audit pass.,Retain for now; add owner/removal criteria if compatibility-related.,Build College scheme; run relevant tests/smoke path.
1,77,College/Courses/CourseCatalogManagerView.swift,B-app-feature,155,Low,none,monitor,Low,No notable legacy/performance finding in current audit pass.,Retain for now; add owner/removal criteria if compatibility-related.,Build College scheme; run relevant tests/smoke path.
1,78,College/Courses/CourseCatalogService.swift,B-app-feature,54,Low,none,monitor,Low,No notable legacy/performance finding in current audit pass.,Retain for now; add owner/removal criteria if compatibility-related.,Build College scheme; run relevant tests/smoke path.
1,79,College/Courses/CourseDashboardView.swift,B-app-feature,2499,Low,none,monitor,Low,No notable legacy/performance finding in current audit pass.,Retain for now; add owner/removal criteria if compatibility-related.,Build College scheme; run relevant tests/smoke path.
1,80,College/Courses/CourseSearchView.swift,B-app-feature,403,High,main-thread-work;n-plus-one,optimize,High,Interactive search can trigger heavy backfill/query behavior.,"Measure baseline, move heavy work off hot path, and validate with build/tests.",Build College scheme; run relevant tests/smoke path.
1,81,College/Courses/EditCourseDetailsView.swift,B-app-feature,1106,Low,none,monitor,Low,No notable legacy/performance finding in current audit pass.,Retain for now; add owner/removal criteria if compatibility-related.,Build College scheme; run relevant tests/smoke path.
1,82,College/Courses/GPACalculatorPopoverView.swift,B-app-feature,409,Low,none,monitor,Low,No notable legacy/performance finding in current audit pass.,Retain for now; add owner/removal criteria if compatibility-related.,Build College scheme; run relevant tests/smoke path.
1,83,College/Courses/GenEdAddCourseModal.swift,B-app-feature,463,Low,none,monitor,Low,No notable legacy/performance finding in current audit pass.,Retain for now; add owner/removal criteria if compatibility-related.,Build College scheme; run relevant tests/smoke path.
1,84,College/Debug/AppLogger.swift,B-app-feature,545,Low,none,monitor,Low,No notable legacy/performance finding in current audit pass.,Retain for now; add owner/removal criteria if compatibility-related.,Build College scheme; run relevant tests/smoke path.
1,85,College/Debug/AppLogsView.swift,B-app-feature,367,Low,none,monitor,Low,No notable legacy/performance finding in current audit pass.,Retain for now; add owner/removal criteria if compatibility-related.,Build College scheme; run relevant tests/smoke path.
1,86,College/Debug/CrashReportStore.swift,B-app-feature,207,Low,none,monitor,Low,No notable legacy/performance finding in current audit pass.,Retain for now; add owner/removal criteria if compatibility-related.,Build College scheme; run relevant tests/smoke path.
1,87,College/Debug/CrashSignalHandler.swift,B-app-feature,66,Low,none,monitor,Low,No notable legacy/performance finding in current audit pass.,Retain for now; add owner/removal criteria if compatibility-related.,Build College scheme; run relevant tests/smoke path.
1,88,College/Debug/DebugLogModifiers.swift,B-app-feature,39,Low,none,monitor,Low,No notable legacy/performance finding in current audit pass.,Retain for now; add owner/removal criteria if compatibility-related.,Build College scheme; run relevant tests/smoke path.
1,89,College/Debug/DebugLogger.swift,B-app-feature,237,Low,none,monitor,Low,No notable legacy/performance finding in current audit pass.,Retain for now; add owner/removal criteria if compatibility-related.,Build College scheme; run relevant tests/smoke path.
1,90,College/Debug/ErrorReportView.swift,B-app-feature,332,Low,none,monitor,Low,No notable legacy/performance finding in current audit pass.,Retain for now; add owner/removal criteria if compatibility-related.,Build College scheme; run relevant tests/smoke path.
1,91,College/Debug/GoogleDebugLog.swift,B-app-feature,58,Low,none,monitor,Low,No notable legacy/performance finding in current audit pass.,Retain for now; add owner/removal criteria if compatibility-related.,Build College scheme; run relevant tests/smoke path.
1,92,College/Debug/PerformanceMonitor.swift,B-app-feature,74,Low,none,monitor,Low,No notable legacy/performance finding in current audit pass.,Retain for now; add owner/removal criteria if compatibility-related.,Build College scheme; run relevant tests/smoke path.
1,93,College/Debug/RuntimeTelemetryMonitor.swift,B-app-feature,244,Low,none,monitor,Low,No notable legacy/performance finding in current audit pass.,Retain for now; add owner/removal criteria if compatibility-related.,Build College scheme; run relevant tests/smoke path.
1,94,College/Debug/UncaughtExceptionLogger.swift,B-app-feature,32,Low,none,monitor,Low,No notable legacy/performance finding in current audit pass.,Retain for now; add owner/removal criteria if compatibility-related.,Build College scheme; run relevant tests/smoke path.
1,95,College/Debug/UnlockDebugLog.swift,B-app-feature,235,Low,none,monitor,Low,No notable legacy/performance finding in current audit pass.,Retain for now; add owner/removal criteria if compatibility-related.,Build College scheme; run relevant tests/smoke path.
1,96,College/Degree/DegreeConfiguration.swift,B-app-feature,201,Low,none,monitor,Low,No notable legacy/performance finding in current audit pass.,Retain for now; add owner/removal criteria if compatibility-related.,Build College scheme; run relevant tests/smoke path.
1,97,College/Degree/DegreeView.swift,B-app-feature,1057,Low,none,monitor,Low,No notable legacy/performance finding in current audit pass.,Retain for now; add owner/removal criteria if compatibility-related.,Build College scheme; run relevant tests/smoke path.
1,98,College/Degree/GraduationValidator.swift,B-app-feature,465,Low,none,monitor,Low,No notable legacy/performance finding in current audit pass.,Retain for now; add owner/removal criteria if compatibility-related.,Build College scheme; run relevant tests/smoke path.
1,99,College/Degree/PrerequisiteValidator.swift,B-app-feature,267,Low,none,monitor,Low,No notable legacy/performance finding in current audit pass.,Retain for now; add owner/removal criteria if compatibility-related.,Build College scheme; run relevant tests/smoke path.
1,100,College/DegreeSettingsView.swift,B-app-feature,142,Low,none,monitor,Low,No notable legacy/performance finding in current audit pass.,Retain for now; add owner/removal criteria if compatibility-related.,Build College scheme; run relevant tests/smoke path.
1,101,College/DesignSystem/AppNavBar.swift,B-app-feature,226,Low,none,monitor,Low,No notable legacy/performance finding in current audit pass.,Retain for now; add owner/removal criteria if compatibility-related.,Build College scheme; run relevant tests/smoke path.
1,102,College/DesignSystem/AppPageHeader.swift,B-app-feature,162,Low,none,monitor,Low,No notable legacy/performance finding in current audit pass.,Retain for now; add owner/removal criteria if compatibility-related.,Build College scheme; run relevant tests/smoke path.
1,103,College/DesignSystem/AutoGrowingTextEditor.swift,B-app-feature,88,Low,none,monitor,Low,No notable legacy/performance finding in current audit pass.,Retain for now; add owner/removal criteria if compatibility-related.,Build College scheme; run relevant tests/smoke path.
1,104,College/DesignSystem/DashboardHints.swift,B-app-feature,75,Low,none,monitor,Low,No notable legacy/performance finding in current audit pass.,Retain for now; add owner/removal criteria if compatibility-related.,Build College scheme; run relevant tests/smoke path.
1,105,College/DesignSystem/DesignSystem.swift,B-app-feature,130,Low,none,monitor,Low,No notable legacy/performance finding in current audit pass.,Retain for now; add owner/removal criteria if compatibility-related.,Build College scheme; run relevant tests/smoke path.
1,106,College/DesignSystem/ToolbarMetrics.swift,B-app-feature,9,Low,none,monitor,Low,No notable legacy/performance finding in current audit pass.,Retain for now; add owner/removal criteria if compatibility-related.,Build College scheme; run relevant tests/smoke path.
1,107,College/DesignSystem/UnifiedActionHeader.swift,B-app-feature,144,Low,none,monitor,Low,No notable legacy/performance finding in current audit pass.,Retain for now; add owner/removal criteria if compatibility-related.,Build College scheme; run relevant tests/smoke path.
1,108,College/Documents/DocumentsView.swift,B-app-feature,2391,Low,none,monitor,Low,No notable legacy/performance finding in current audit pass.,Retain for now; add owner/removal criteria if compatibility-related.,Build College scheme; run relevant tests/smoke path.
1,109,College/Intelligence/AIAssistantAcademicTools.swift,B-app-feature,796,Low,none,monitor,Low,No notable legacy/performance finding in current audit pass.,Retain for now; add owner/removal criteria if compatibility-related.,Build College scheme; run relevant tests/smoke path.
1,110,College/Intelligence/AIAssistantFinancialTools.swift,B-app-feature,313,Low,none,monitor,Low,No notable legacy/performance finding in current audit pass.,Retain for now; add owner/removal criteria if compatibility-related.,Build College scheme; run relevant tests/smoke path.
1,111,College/Intelligence/AIAssistantService.swift,B-app-feature,950,Low,none,monitor,Low,No notable legacy/performance finding in current audit pass.,Retain for now; add owner/removal criteria if compatibility-related.,Build College scheme; run relevant tests/smoke path.
1,112,College/Intelligence/AIAssistantSystemTools.swift,B-app-feature,494,Low,none,monitor,Low,No notable legacy/performance finding in current audit pass.,Retain for now; add owner/removal criteria if compatibility-related.,Build College scheme; run relevant tests/smoke path.
1,113,College/Intelligence/AIAssistantToolRouter.swift,B-app-feature,646,Low,none,monitor,Low,No notable legacy/performance finding in current audit pass.,Retain for now; add owner/removal criteria if compatibility-related.,Build College scheme; run relevant tests/smoke path.
1,114,College/Intelligence/AIAssistantTools.swift,B-app-feature,688,Low,none,monitor,Low,No notable legacy/performance finding in current audit pass.,Retain for now; add owner/removal criteria if compatibility-related.,Build College scheme; run relevant tests/smoke path.
1,115,College/Intelligence/AIAssistantView.swift,B-app-feature,3532,Medium-High,recomposition-pressure;god-object,refactor;optimize;test-first,Medium,Large SwiftUI surface with broad state/persistence reactions.,"Add tests, then refactor and optimize in isolated wave.",Build College scheme; run relevant tests/smoke path.
1,116,College/Intelligence/AIAssistantViewModel.swift,B-app-feature,36,Low,none,monitor,Low,No notable legacy/performance finding in current audit pass.,Retain for now; add owner/removal criteria if compatibility-related.,Build College scheme; run relevant tests/smoke path.
1,117,College/Intelligence/AssistantArithmeticExpression.swift,B-app-feature,45,Low,none,monitor,Low,No notable legacy/performance finding in current audit pass.,Retain for now; add owner/removal criteria if compatibility-related.,Build College scheme; run relevant tests/smoke path.
1,118,College/Intelligence/AssistantAttachmentIngestor.swift,B-app-feature,279,Low,none,monitor,Low,No notable legacy/performance finding in current audit pass.,Retain for now; add owner/removal criteria if compatibility-related.,Build College scheme; run relevant tests/smoke path.
1,119,College/Intelligence/AssistantContextBudget.swift,B-app-feature,77,Low,none,monitor,Low,No notable legacy/performance finding in current audit pass.,Retain for now; add owner/removal criteria if compatibility-related.,Build College scheme; run relevant tests/smoke path.
1,120,College/Intelligence/AssistantConversationMemory.swift,B-app-feature,67,Low,none,monitor,Low,No notable legacy/performance finding in current audit pass.,Retain for now; add owner/removal criteria if compatibility-related.,Build College scheme; run relevant tests/smoke path.
1,121,College/Intelligence/AssistantFinancialAidPolicy.swift,B-app-feature,222,Low,none,monitor,Low,No notable legacy/performance finding in current audit pass.,Retain for now; add owner/removal criteria if compatibility-related.,Build College scheme; run relevant tests/smoke path.
1,122,College/Intelligence/AssistantIntentSemantics.swift,B-app-feature,353,Low,none,monitor,Low,No notable legacy/performance finding in current audit pass.,Retain for now; add owner/removal criteria if compatibility-related.,Build College scheme; run relevant tests/smoke path.
1,123,College/Intelligence/AssistantLogRedactor.swift,B-app-feature,31,Low,none,monitor,Low,No notable legacy/performance finding in current audit pass.,Retain for now; add owner/removal criteria if compatibility-related.,Build College scheme; run relevant tests/smoke path.
1,124,College/Intelligence/AssistantPolicyEvidence.swift,B-app-feature,386,Low,none,monitor,Low,No notable legacy/performance finding in current audit pass.,Retain for now; add owner/removal criteria if compatibility-related.,Build College scheme; run relevant tests/smoke path.
1,125,College/Intelligence/AssistantPolicyRAG.swift,B-app-feature,262,Low,none,monitor,Low,No notable legacy/performance finding in current audit pass.,Retain for now; add owner/removal criteria if compatibility-related.,Build College scheme; run relevant tests/smoke path.
2,126,College/Intelligence/AssistantReplyModels.swift,B-app-feature,48,Low,none,monitor,Low,No notable legacy/performance finding in current audit pass.,Retain for now; add owner/removal criteria if compatibility-related.,Build College scheme; run relevant tests/smoke path.
2,127,College/Intelligence/AssistantStudentGuidePanel.swift,B-app-feature,94,Low,none,monitor,Low,No notable legacy/performance finding in current audit pass.,Retain for now; add owner/removal criteria if compatibility-related.,Build College scheme; run relevant tests/smoke path.
2,128,College/Intelligence/AssistantToolSources.swift,B-app-feature,121,Low,none,monitor,Low,No notable legacy/performance finding in current audit pass.,Retain for now; add owner/removal criteria if compatibility-related.,Build College scheme; run relevant tests/smoke path.
2,129,College/Intelligence/AssistantWebFetchPolicy.swift,B-app-feature,71,Low,none,monitor,Low,No notable legacy/performance finding in current audit pass.,Retain for now; add owner/removal criteria if compatibility-related.,Build College scheme; run relevant tests/smoke path.
2,130,College/Intelligence/AssistantWebMemoryEmbedding.swift,B-app-feature,105,Low,dead-code-candidate,delete,Low,data(from:) appears declaration-only.,"Verify references/dynamic use, then remove in cleanup wave.",Build College scheme; run relevant tests/smoke path.
2,131,College/Intelligence/AssistantWebMemoryLibraryView.swift,B-app-feature,169,Low,none,monitor,Low,No notable legacy/performance finding in current audit pass.,Retain for now; add owner/removal criteria if compatibility-related.,Build College scheme; run relevant tests/smoke path.
2,132,College/Intelligence/AssistantWebMemoryStore.swift,B-app-feature,572,Low,dead-code-candidate,delete,Low,resetForTesting() appears declaration-only/debug-only.,"Verify references/dynamic use, then remove in cleanup wave.",Build College scheme; run relevant tests/smoke path.
2,133,College/Intelligence/AssistantWebPageExtractor.swift,B-app-feature,144,Low,none,monitor,Low,No notable legacy/performance finding in current audit pass.,Retain for now; add owner/removal criteria if compatibility-related.,Build College scheme; run relevant tests/smoke path.
2,134,College/Intelligence/AssistantWebSearchRateLimiter.swift,B-app-feature,55,Low,dead-code-candidate,delete,Low,resetForTesting() appears declaration-only/debug-only.,"Verify references/dynamic use, then remove in cleanup wave.",Build College scheme; run relevant tests/smoke path.
2,135,College/Intelligence/AssistantWebSearchSettings.swift,B-app-feature,66,Low,none,monitor,Low,No notable legacy/performance finding in current audit pass.,Retain for now; add owner/removal criteria if compatibility-related.,Build College scheme; run relevant tests/smoke path.
2,136,College/Intelligence/GitHubDataService.swift,B-app-feature,252,Low,none,monitor,Low,No notable legacy/performance finding in current audit pass.,Retain for now; add owner/removal criteria if compatibility-related.,Build College scheme; run relevant tests/smoke path.
2,137,College/Intelligence/IntelligenceDebugView.swift,B-app-feature,245,Low,dead-code-candidate,monitor,Low,Debug-only surface; likely intentionally retained.,Retain for now; add owner/removal criteria if compatibility-related.,Build College scheme; run relevant tests/smoke path.
2,138,College/Intelligence/IntelligenceService.swift,B-app-feature,444,Low,none,monitor,Low,No notable legacy/performance finding in current audit pass.,Retain for now; add owner/removal criteria if compatibility-related.,Build College scheme; run relevant tests/smoke path.
2,139,College/Intelligence/SearXNGClient.swift,B-app-feature,121,Low,none,monitor,Low,No notable legacy/performance finding in current audit pass.,Retain for now; add owner/removal criteria if compatibility-related.,Build College scheme; run relevant tests/smoke path.
2,140,College/Intelligence/ToolCallStreamParser.swift,B-app-feature,57,Low,dead-code-candidate,monitor,Low,ToolCallStreamParseResult appears internal-only; review before inlining/removal.,Retain for now; add owner/removal criteria if compatibility-related.,Build College scheme; run relevant tests/smoke path.
2,141,College/Location/LocationETAService.swift,B-app-feature,44,Low,none,monitor,Low,No notable legacy/performance finding in current audit pass.,Retain for now; add owner/removal criteria if compatibility-related.,Build College scheme; run relevant tests/smoke path.
2,142,College/Location/LocationPermissionService.swift,B-app-feature,79,Low,none,monitor,Low,No notable legacy/performance finding in current audit pass.,Retain for now; add owner/removal criteria if compatibility-related.,Build College scheme; run relevant tests/smoke path.
2,143,College/Location/LocationPickerSheet.swift,B-app-feature,265,Low,none,monitor,Low,No notable legacy/performance finding in current audit pass.,Retain for now; add owner/removal criteria if compatibility-related.,Build College scheme; run relevant tests/smoke path.
2,144,College/Location/LocationRecentsStore.swift,B-app-feature,32,Low,none,monitor,Low,No notable legacy/performance finding in current audit pass.,Retain for now; add owner/removal criteria if compatibility-related.,Build College scheme; run relevant tests/smoke path.
2,145,College/Location/MapLocationSearchService.swift,B-app-feature,272,Low,none,monitor,Low,No notable legacy/performance finding in current audit pass.,Retain for now; add owner/removal criteria if compatibility-related.,Build College scheme; run relevant tests/smoke path.
2,146,College/Location/TravelTimeStore.swift,B-app-feature,73,Low,none,monitor,Low,No notable legacy/performance finding in current audit pass.,Retain for now; add owner/removal criteria if compatibility-related.,Build College scheme; run relevant tests/smoke path.
2,147,College/MajorDetailsView.swift,B-app-feature,1997,Low,none,monitor,Low,No notable legacy/performance finding in current audit pass.,Retain for now; add owner/removal criteria if compatibility-related.,Build College scheme; run relevant tests/smoke path.
2,148,College/MajorMinorDetailsView.swift,B-app-feature,2084,Low,none,monitor,Low,No notable legacy/performance finding in current audit pass.,Retain for now; add owner/removal criteria if compatibility-related.,Build College scheme; run relevant tests/smoke path.
2,149,College/Notifications/AcademicNotificationScheduler.swift,B-app-feature,147,Low,none,monitor,Low,No notable legacy/performance finding in current audit pass.,Retain for now; add owner/removal criteria if compatibility-related.,Build College scheme; run relevant tests/smoke path.
2,150,College/Notifications/AppNotificationCenter.swift,B-app-feature,204,Low,none,monitor,Low,No notable legacy/performance finding in current audit pass.,Retain for now; add owner/removal criteria if compatibility-related.,Build College scheme; run relevant tests/smoke path.
2,151,College/Notifications/AppNotificationHost.swift,B-app-feature,8,Low,none,monitor,Low,No notable legacy/performance finding in current audit pass.,Retain for now; add owner/removal criteria if compatibility-related.,Build College scheme; run relevant tests/smoke path.
2,152,College/Notifications/NotificationNames.swift,B-app-feature,6,Low,none,monitor,Low,No notable legacy/performance finding in current audit pass.,Retain for now; add owner/removal criteria if compatibility-related.,Build College scheme; run relevant tests/smoke path.
2,153,College/Overview/OverviewDeepCatalogPrompt.swift,B-app-feature,18,Low,none,monitor,Low,No notable legacy/performance finding in current audit pass.,Retain for now; add owner/removal criteria if compatibility-related.,Build College scheme; run relevant tests/smoke path.
2,154,College/Overview/OverviewView.swift,B-app-feature,1893,Low,none,monitor,Low,No notable legacy/performance finding in current audit pass.,Retain for now; add owner/removal criteria if compatibility-related.,Build College scheme; run relevant tests/smoke path.
2,155,College/Overview/WeatherService.swift,B-app-feature,231,Low,none,monitor,Low,No notable legacy/performance finding in current audit pass.,Retain for now; add owner/removal criteria if compatibility-related.,Build College scheme; run relevant tests/smoke path.
2,156,College/Overview/WidgetKit/EqualizerBarsView.swift,B-app-feature,34,Low,none,monitor,Low,No notable legacy/performance finding in current audit pass.,Retain for now; add owner/removal criteria if compatibility-related.,Build College scheme; run relevant tests/smoke path.
2,157,College/Overview/WidgetKit/OverviewCard.swift,B-app-feature,42,Low,none,monitor,Low,No notable legacy/performance finding in current audit pass.,Retain for now; add owner/removal criteria if compatibility-related.,Build College scheme; run relevant tests/smoke path.
2,158,College/Overview/WidgetKit/WidgetConfiguration.swift,B-app-feature,96,Low,none,monitor,Low,No notable legacy/performance finding in current audit pass.,Retain for now; add owner/removal criteria if compatibility-related.,Build College scheme; run relevant tests/smoke path.
2,159,College/Overview/WidgetKit/WidgetDescriptor.swift,B-app-feature,73,Low,none,monitor,Low,No notable legacy/performance finding in current audit pass.,Retain for now; add owner/removal criteria if compatibility-related.,Build College scheme; run relevant tests/smoke path.
2,160,College/Overview/WidgetKit/WidgetPickerView.swift,B-app-feature,268,Low,none,monitor,Low,No notable legacy/performance finding in current audit pass.,Retain for now; add owner/removal criteria if compatibility-related.,Build College scheme; run relevant tests/smoke path.
2,161,College/Overview/WidgetKit/WidgetRegistry.swift,B-app-feature,56,Low,none,monitor,Low,No notable legacy/performance finding in current audit pass.,Retain for now; add owner/removal criteria if compatibility-related.,Build College scheme; run relevant tests/smoke path.
2,162,College/Overview/Widgets/AcademicsWidget.swift,B-app-feature,331,Low,none,monitor,Low,No notable legacy/performance finding in current audit pass.,Retain for now; add owner/removal criteria if compatibility-related.,Build College scheme; run relevant tests/smoke path.
2,163,College/Overview/Widgets/DeadlinesWidget.swift,B-app-feature,174,Low,none,monitor,Low,No notable legacy/performance finding in current audit pass.,Retain for now; add owner/removal criteria if compatibility-related.,Build College scheme; run relevant tests/smoke path.
2,164,College/Overview/Widgets/DocumentsWidget.swift,B-app-feature,147,Low,none,monitor,Low,No notable legacy/performance finding in current audit pass.,Retain for now; add owner/removal criteria if compatibility-related.,Build College scheme; run relevant tests/smoke path.
2,165,College/Overview/Widgets/EventsWidget.swift,B-app-feature,174,Low,none,monitor,Low,No notable legacy/performance finding in current audit pass.,Retain for now; add owner/removal criteria if compatibility-related.,Build College scheme; run relevant tests/smoke path.
2,166,College/Overview/Widgets/ScheduleWidget.swift,B-app-feature,201,Low,none,monitor,Low,No notable legacy/performance finding in current audit pass.,Retain for now; add owner/removal criteria if compatibility-related.,Build College scheme; run relevant tests/smoke path.
2,167,College/Overview/Widgets/TasksWidget.swift,B-app-feature,172,Low,none,monitor,Low,No notable legacy/performance finding in current audit pass.,Retain for now; add owner/removal criteria if compatibility-related.,Build College scheme; run relevant tests/smoke path.
2,168,College/Overview/Widgets/WeatherWidget.swift,B-app-feature,203,Low,none,monitor,Low,No notable legacy/performance finding in current audit pass.,Retain for now; add owner/removal criteria if compatibility-related.,Build College scheme; run relevant tests/smoke path.
2,169,College/PillCoordinator.swift,B-app-feature,131,Low,none,monitor,Low,No notable legacy/performance finding in current audit pass.,Retain for now; add owner/removal criteria if compatibility-related.,Build College scheme; run relevant tests/smoke path.
2,170,College/Profile/AcademicIdentityView.swift,B-app-feature,2120,Low,none,monitor,Low,No notable legacy/performance finding in current audit pass.,Retain for now; add owner/removal criteria if compatibility-related.,Build College scheme; run relevant tests/smoke path.
2,171,College/Profile/AchievementsView.swift,B-app-feature,562,Low,none,monitor,Low,No notable legacy/performance finding in current audit pass.,Retain for now; add owner/removal criteria if compatibility-related.,Build College scheme; run relevant tests/smoke path.
2,172,College/Profile/AdvisorMeetingPrepView.swift,B-app-feature,152,Low,none,monitor,Low,No notable legacy/performance finding in current audit pass.,Retain for now; add owner/removal criteria if compatibility-related.,Build College scheme; run relevant tests/smoke path.
2,173,College/Profile/ExperienceView.swift,B-app-feature,484,Low,none,monitor,Low,No notable legacy/performance finding in current audit pass.,Retain for now; add owner/removal criteria if compatibility-related.,Build College scheme; run relevant tests/smoke path.
2,174,College/Profile/PortfolioProject.swift,B-app-feature,26,Low,none,monitor,Low,No notable legacy/performance finding in current audit pass.,Retain for now; add owner/removal criteria if compatibility-related.,Build College scheme; run relevant tests/smoke path.
2,175,College/Profile/ProfileCompatibility.swift,B-app-feature,310,Low,none,monitor,Low,No notable legacy/performance finding in current audit pass.,Retain for now; add owner/removal criteria if compatibility-related.,Build College scheme; run relevant tests/smoke path.
2,176,College/Profile/ProfileEditOptions.swift,B-app-feature,10,Low,none,monitor,Low,No notable legacy/performance finding in current audit pass.,Retain for now; add owner/removal criteria if compatibility-related.,Build College scheme; run relevant tests/smoke path.
2,177,College/Profile/ProfileEditSheet.swift,B-app-feature,615,Low,none,monitor,Low,No notable legacy/performance finding in current audit pass.,Retain for now; add owner/removal criteria if compatibility-related.,Build College scheme; run relevant tests/smoke path.
2,178,College/Profile/ProfileView.swift,B-app-feature,801,Low,none,monitor,Low,No notable legacy/performance finding in current audit pass.,Retain for now; add owner/removal criteria if compatibility-related.,Build College scheme; run relevant tests/smoke path.
2,179,College/Rust/CollegeCoreSwift.swift,B-app-feature,165,Low,none,monitor,Low,No notable legacy/performance finding in current audit pass.,Retain for now; add owner/removal criteria if compatibility-related.,Build College scheme; run relevant tests/smoke path.
2,180,College/Security/DataWipeManager.swift,B-app-feature,61,Low,none,monitor,Low,No notable legacy/performance finding in current audit pass.,Retain for now; add owner/removal criteria if compatibility-related.,Build College scheme; run relevant tests/smoke path.
2,181,College/Security/PrivacyOverviewView.swift,B-app-feature,91,Low,none,monitor,Low,No notable legacy/performance finding in current audit pass.,Retain for now; add owner/removal criteria if compatibility-related.,Build College scheme; run relevant tests/smoke path.
2,182,College/Security/SecretStore.swift,B-app-feature,64,Low,none,monitor,Low,No notable legacy/performance finding in current audit pass.,Retain for now; add owner/removal criteria if compatibility-related.,Build College scheme; run relevant tests/smoke path.
2,183,College/Security/SecurityManager.swift,B-app-feature,536,Low,none,monitor,Low,No notable legacy/performance finding in current audit pass.,Retain for now; add owner/removal criteria if compatibility-related.,Build College scheme; run relevant tests/smoke path.
2,184,College/Security/UnlockView.swift,B-app-feature,184,Low,none,monitor,Low,No notable legacy/performance finding in current audit pass.,Retain for now; add owner/removal criteria if compatibility-related.,Build College scheme; run relevant tests/smoke path.
2,185,College/SelectionInspectorPill.swift,B-app-feature,220,Medium,dead-code-candidate;duplicate-implementation,delete,Low,High-confidence likely unused file candidate.,"Verify references/dynamic use, then remove in cleanup wave.",Build College scheme; run relevant tests/smoke path.
2,186,College/Services/CatalogBackgroundSyncRunner.swift,B-app-feature,738,Medium,dead-code-candidate;main-thread-work,delete;optimize,High,"Likely unused; if retained, main-actor sync orchestration is costly.",Verify deletion first; optimize only if retained.,Build College scheme; run relevant tests/smoke path.
2,187,College/Services/CatalogScrapeAuditCSVSupport.swift,B-app-feature,88,Low,none,monitor,Low,No notable legacy/performance finding in current audit pass.,Retain for now; add owner/removal criteria if compatibility-related.,Build College scheme; run relevant tests/smoke path.
2,188,College/Services/CloudIntegrationService.swift,B-app-feature,414,Low,none,monitor,Low,No notable legacy/performance finding in current audit pass.,Retain for now; add owner/removal criteria if compatibility-related.,Build College scheme; run relevant tests/smoke path.
2,189,College/Services/DocumentClassifierService.swift,B-app-feature,309,Low,none,monitor,Low,No notable legacy/performance finding in current audit pass.,Retain for now; add owner/removal criteria if compatibility-related.,Build College scheme; run relevant tests/smoke path.
2,190,College/Services/FSWatchdogService.swift,B-app-feature,250,Low,none,monitor,Low,No notable legacy/performance finding in current audit pass.,Retain for now; add owner/removal criteria if compatibility-related.,Build College scheme; run relevant tests/smoke path.
2,191,College/Services/GoogleAuthService.swift,B-app-feature,672,Low,none,monitor,Low,No notable legacy/performance finding in current audit pass.,Retain for now; add owner/removal criteria if compatibility-related.,Build College scheme; run relevant tests/smoke path.
2,192,College/Services/PDFAnnotationView.swift,B-app-feature,653,Low,none,monitor,Low,No notable legacy/performance finding in current audit pass.,Retain for now; add owner/removal criteria if compatibility-related.,Build College scheme; run relevant tests/smoke path.
2,193,College/Services/StaleFileMonitor.swift,B-app-feature,156,High,main-thread-work,optimize,Critical,Filesystem scan runs under main actor; likely UI hitch source.,"Measure baseline, move heavy work off hot path, and validate with build/tests.",Build College scheme; run relevant tests/smoke path.
2,194,College/Services/VaultDocumentService.swift,B-app-feature,196,Low,none,monitor,Low,No notable legacy/performance finding in current audit pass.,Retain for now; add owner/removal criteria if compatibility-related.,Build College scheme; run relevant tests/smoke path.
2,195,College/Services/VaultDuplicateDetector.swift,B-app-feature,148,Low,none,monitor,Low,No notable legacy/performance finding in current audit pass.,Retain for now; add owner/removal criteria if compatibility-related.,Build College scheme; run relevant tests/smoke path.
2,196,College/Services/VaultFileOrganizer.swift,B-app-feature,150,Low,none,monitor,Low,No notable legacy/performance finding in current audit pass.,Retain for now; add owner/removal criteria if compatibility-related.,Build College scheme; run relevant tests/smoke path.
2,197,College/Services/VaultImportSerialQueue.swift,B-app-feature,9,Low,none,monitor,Low,No notable legacy/performance finding in current audit pass.,Retain for now; add owner/removal criteria if compatibility-related.,Build College scheme; run relevant tests/smoke path.
2,198,College/Services/VaultScreenshotTriage.swift,B-app-feature,175,Low,none,monitor,Low,No notable legacy/performance finding in current audit pass.,Retain for now; add owner/removal criteria if compatibility-related.,Build College scheme; run relevant tests/smoke path.
2,199,College/Services/VaultSemesterArchive.swift,B-app-feature,116,Low,none,monitor,Low,No notable legacy/performance finding in current audit pass.,Retain for now; add owner/removal criteria if compatibility-related.,Build College scheme; run relevant tests/smoke path.
2,200,College/Services/VaultShareBundleService.swift,B-app-feature,113,Low,none,monitor,Low,No notable legacy/performance finding in current audit pass.,Retain for now; add owner/removal criteria if compatibility-related.,Build College scheme; run relevant tests/smoke path.
2,201,College/Services/VaultStorageAnalytics.swift,B-app-feature,119,Low,none,monitor,Low,No notable legacy/performance finding in current audit pass.,Retain for now; add owner/removal criteria if compatibility-related.,Build College scheme; run relevant tests/smoke path.
2,202,College/Services/VaultSummaryService.swift,B-app-feature,88,Low,none,monitor,Low,No notable legacy/performance finding in current audit pass.,Retain for now; add owner/removal criteria if compatibility-related.,Build College scheme; run relevant tests/smoke path.
2,203,College/Services/VaultUploadSheet.swift,B-app-feature,324,Low,none,monitor,Low,No notable legacy/performance finding in current audit pass.,Retain for now; add owner/removal criteria if compatibility-related.,Build College scheme; run relevant tests/smoke path.
2,204,College/Services/VaultWeeklyDigest.swift,B-app-feature,95,Low,none,monitor,Low,No notable legacy/performance finding in current audit pass.,Retain for now; add owner/removal criteria if compatibility-related.,Build College scheme; run relevant tests/smoke path.
2,205,College/Settings/ResourcesView.swift,B-app-feature,782,Medium,dead-code-candidate,delete,Low,High-confidence likely unused file candidate.,"Verify references/dynamic use, then remove in cleanup wave.",Build College scheme; run relevant tests/smoke path.
2,206,College/Settings/SettingsChromeViews.swift,B-app-feature,161,Low,none,monitor,Low,No notable legacy/performance finding in current audit pass.,Retain for now; add owner/removal criteria if compatibility-related.,Build College scheme; run relevant tests/smoke path.
2,207,College/Settings/SettingsPanels_Appearance.swift,B-app-feature,278,Low,none,monitor,Low,No notable legacy/performance finding in current audit pass.,Retain for now; add owner/removal criteria if compatibility-related.,Build College scheme; run relevant tests/smoke path.
2,208,College/Settings/SettingsPanels_Calendar.swift,B-app-feature,551,Low,none,monitor,Low,No notable legacy/performance finding in current audit pass.,Retain for now; add owner/removal criteria if compatibility-related.,Build College scheme; run relevant tests/smoke path.
2,209,College/Settings/SettingsPanels_General.swift,B-app-feature,189,Low,none,monitor,Low,No notable legacy/performance finding in current audit pass.,Retain for now; add owner/removal criteria if compatibility-related.,Build College scheme; run relevant tests/smoke path.
2,210,College/Settings/SettingsPanels_Services.swift,B-app-feature,870,Low,none,monitor,Low,No notable legacy/performance finding in current audit pass.,Retain for now; add owner/removal criteria if compatibility-related.,Build College scheme; run relevant tests/smoke path.
2,211,College/Settings/SettingsSessionController.swift,B-app-feature,216,Low,none,monitor,Low,No notable legacy/performance finding in current audit pass.,Retain for now; add owner/removal criteria if compatibility-related.,Build College scheme; run relevant tests/smoke path.
2,212,College/Settings/SettingsView.swift,B-app-feature,540,Low,none,monitor,Low,No notable legacy/performance finding in current audit pass.,Retain for now; add owner/removal criteria if compatibility-related.,Build College scheme; run relevant tests/smoke path.
2,213,College/Settings/SettingsWebShortcutsPanel.swift,B-app-feature,100,Low,none,monitor,Low,No notable legacy/performance finding in current audit pass.,Retain for now; add owner/removal criteria if compatibility-related.,Build College scheme; run relevant tests/smoke path.
2,214,College/Settings/WatchdogSettingsPanel.swift,B-app-feature,399,Low,none,monitor,Low,No notable legacy/performance finding in current audit pass.,Retain for now; add owner/removal criteria if compatibility-related.,Build College scheme; run relevant tests/smoke path.
2,215,College/SyllabusAI/AIStorageViewModel.swift,B-app-feature,56,Low,none,monitor,Low,No notable legacy/performance finding in current audit pass.,Retain for now; add owner/removal criteria if compatibility-related.,Build College scheme; run relevant tests/smoke path.
2,216,College/SyllabusAI/JSONSanitizer.swift,B-app-feature,72,Low,none,monitor,Low,No notable legacy/performance finding in current audit pass.,Retain for now; add owner/removal criteria if compatibility-related.,Build College scheme; run relevant tests/smoke path.
2,217,College/SyllabusAI/LocalLLMRunner.swift,B-app-feature,277,Low,none,monitor,Low,No notable legacy/performance finding in current audit pass.,Retain for now; add owner/removal criteria if compatibility-related.,Build College scheme; run relevant tests/smoke path.
2,218,College/SyllabusAI/ModelBootstrapService.swift,B-app-feature,112,Low,none,monitor,Low,No notable legacy/performance finding in current audit pass.,Retain for now; add owner/removal criteria if compatibility-related.,Build College scheme; run relevant tests/smoke path.
2,219,College/SyllabusAI/ModelManager.swift,B-app-feature,373,Low,none,monitor,Low,No notable legacy/performance finding in current audit pass.,Retain for now; add owner/removal criteria if compatibility-related.,Build College scheme; run relevant tests/smoke path.
2,220,College/SyllabusAI/SyllabusAnalysisViewModel.swift,B-app-feature,461,Low,none,monitor,Low,No notable legacy/performance finding in current audit pass.,Retain for now; add owner/removal criteria if compatibility-related.,Build College scheme; run relevant tests/smoke path.
2,221,College/SyllabusAI/SyllabusHeuristicExtractor.swift,B-app-feature,872,Low,none,monitor,Low,No notable legacy/performance finding in current audit pass.,Retain for now; add owner/removal criteria if compatibility-related.,Build College scheme; run relevant tests/smoke path.
2,222,College/SyllabusAI/SyllabusModels.swift,B-app-feature,895,Low,none,monitor,Low,No notable legacy/performance finding in current audit pass.,Retain for now; add owner/removal criteria if compatibility-related.,Build College scheme; run relevant tests/smoke path.
2,223,College/SyllabusAI/SyllabusPDFIngestService.swift,B-app-feature,161,Low,none,monitor,Low,No notable legacy/performance finding in current audit pass.,Retain for now; add owner/removal criteria if compatibility-related.,Build College scheme; run relevant tests/smoke path.
2,224,College/SyllabusAI/SyllabusPromptBuilder.swift,B-app-feature,158,Low,none,monitor,Low,No notable legacy/performance finding in current audit pass.,Retain for now; add owner/removal criteria if compatibility-related.,Build College scheme; run relevant tests/smoke path.
2,225,College/SyllabusAI/SyllabusReviewView.swift,B-app-feature,1512,Low,none,monitor,Low,No notable legacy/performance finding in current audit pass.,Retain for now; add owner/removal criteria if compatibility-related.,Build College scheme; run relevant tests/smoke path.
2,226,College/SyllabusAI/SyllabusScheduleInference.swift,B-app-feature,646,Low,none,monitor,Low,No notable legacy/performance finding in current audit pass.,Retain for now; add owner/removal criteria if compatibility-related.,Build College scheme; run relevant tests/smoke path.
2,227,College/WebShortcuts/ShortcutWebCoordinator.swift,B-app-feature,125,Low,none,monitor,Low,No notable legacy/performance finding in current audit pass.,Retain for now; add owner/removal criteria if compatibility-related.,Build College scheme; run relevant tests/smoke path.
2,228,College/WebShortcuts/ShortcutWebHostView.swift,B-app-feature,96,Low,none,monitor,Low,No notable legacy/performance finding in current audit pass.,Retain for now; add owner/removal criteria if compatibility-related.,Build College scheme; run relevant tests/smoke path.
2,229,College/WhatIfView.swift,B-app-feature,242,Medium,dead-code-candidate,delete,Low,Scaffold-like high-confidence likely unused file candidate.,"Verify references/dynamic use, then remove in cleanup wave.",Build College scheme; run relevant tests/smoke path.
2,230,CollegeTests/AIAssistantLocalLLMSmokeTests.swift,B-tests,93,Low,none,monitor,Low,No notable legacy/performance finding in current audit pass.,Retain for now; add owner/removal criteria if compatibility-related.,Build College scheme; run relevant tests/smoke path.
2,231,CollegeTests/AIAssistantToolRouterTests.swift,B-tests,213,Low,none,monitor,Low,No notable legacy/performance finding in current audit pass.,Retain for now; add owner/removal criteria if compatibility-related.,Build College scheme; run relevant tests/smoke path.
2,232,CollegeTests/AIAssistantToolsTests.swift,B-tests,75,Low,none,monitor,Low,No notable legacy/performance finding in current audit pass.,Retain for now; add owner/removal criteria if compatibility-related.,Build College scheme; run relevant tests/smoke path.
2,233,CollegeTests/AppSubsystemMicroBenchmarkTests.swift,B-tests,103,Low,none,monitor,Low,No notable legacy/performance finding in current audit pass.,Retain for now; add owner/removal criteria if compatibility-related.,Build College scheme; run relevant tests/smoke path.
2,234,CollegeTests/AssistantArithmeticExpressionTests.swift,B-tests,22,Low,none,monitor,Low,No notable legacy/performance finding in current audit pass.,Retain for now; add owner/removal criteria if compatibility-related.,Build College scheme; run relevant tests/smoke path.
2,235,CollegeTests/AssistantAttachmentRouterTests.swift,B-tests,37,Low,none,monitor,Low,No notable legacy/performance finding in current audit pass.,Retain for now; add owner/removal criteria if compatibility-related.,Build College scheme; run relevant tests/smoke path.
2,236,CollegeTests/AssistantAuditRoadmapTests.swift,B-tests,31,Low,none,monitor,Low,No notable legacy/performance finding in current audit pass.,Retain for now; add owner/removal criteria if compatibility-related.,Build College scheme; run relevant tests/smoke path.
2,237,CollegeTests/AssistantFinancialAidPolicyTests.swift,B-tests,204,Low,none,monitor,Low,No notable legacy/performance finding in current audit pass.,Retain for now; add owner/removal criteria if compatibility-related.,Build College scheme; run relevant tests/smoke path.
2,238,CollegeTests/AssistantGoldenPromptHarnessTests.swift,B-tests,292,Low,none,monitor,Low,No notable legacy/performance finding in current audit pass.,Retain for now; add owner/removal criteria if compatibility-related.,Build College scheme; run relevant tests/smoke path.
2,239,CollegeTests/AssistantPromptContractTests.swift,B-tests,123,Low,none,monitor,Low,No notable legacy/performance finding in current audit pass.,Retain for now; add owner/removal criteria if compatibility-related.,Build College scheme; run relevant tests/smoke path.
2,240,CollegeTests/AssistantToolRegistryRoleTests.swift,B-tests,20,Low,none,monitor,Low,No notable legacy/performance finding in current audit pass.,Retain for now; add owner/removal criteria if compatibility-related.,Build College scheme; run relevant tests/smoke path.
2,241,CollegeTests/AssistantToolSourcesTests.swift,B-tests,92,Low,none,monitor,Low,No notable legacy/performance finding in current audit pass.,Retain for now; add owner/removal criteria if compatibility-related.,Build College scheme; run relevant tests/smoke path.
2,242,CollegeTests/AssistantToolTraceCodableTests.swift,B-tests,17,Low,none,monitor,Low,No notable legacy/performance finding in current audit pass.,Retain for now; add owner/removal criteria if compatibility-related.,Build College scheme; run relevant tests/smoke path.
2,243,CollegeTests/AssistantTranscriptPersistenceBenchmarkTests.swift,B-tests,245,Low,none,monitor,Low,No notable legacy/performance finding in current audit pass.,Retain for now; add owner/removal criteria if compatibility-related.,Build College scheme; run relevant tests/smoke path.
2,244,CollegeTests/AssistantWebMemoryStorePerformanceTests.swift,B-tests,31,Low,none,monitor,Low,No notable legacy/performance finding in current audit pass.,Retain for now; add owner/removal criteria if compatibility-related.,Build College scheme; run relevant tests/smoke path.
2,245,CollegeTests/AssistantWebMemoryStoreTests.swift,B-tests,119,Low,none,monitor,Low,No notable legacy/performance finding in current audit pass.,Retain for now; add owner/removal criteria if compatibility-related.,Build College scheme; run relevant tests/smoke path.
2,246,CollegeTests/CSE191SyllabusSmokeTests.swift,B-tests,324,Low,none,monitor,Low,No notable legacy/performance finding in current audit pass.,Retain for now; add owner/removal criteria if compatibility-related.,Build College scheme; run relevant tests/smoke path.
2,247,CollegeTests/CollegeTests.swift,B-tests,16,Low,test-debt;dead-code-candidate,delete,Low,Template/stub test candidate.,"Verify references/dynamic use, then remove in cleanup wave.",Build College scheme; run relevant tests/smoke path.
2,248,CollegeTests/DepartmentsDropdownTests.swift,B-tests,194,Low,none,monitor,Low,No notable legacy/performance finding in current audit pass.,Retain for now; add owner/removal criteria if compatibility-related.,Build College scheme; run relevant tests/smoke path.
2,249,CollegeTests/LaunchUpdateSelectionTests.swift,B-tests,43,Low,none,monitor,Low,No notable legacy/performance finding in current audit pass.,Retain for now; add owner/removal criteria if compatibility-related.,Build College scheme; run relevant tests/smoke path.
2,250,CollegeTests/ModernCampusParsingUBTests.swift,B-tests,735,Low,none,monitor,Low,No notable legacy/performance finding in current audit pass.,Retain for now; add owner/removal criteria if compatibility-related.,Build College scheme; run relevant tests/smoke path.
3,251,CollegeTests/ModernCampusSidebarDiscoveryTests.swift,B-tests,49,Low,none,monitor,Low,No notable legacy/performance finding in current audit pass.,Retain for now; add owner/removal criteria if compatibility-related.,Build College scheme; run relevant tests/smoke path.
3,252,CollegeTests/OnboardingPreferenceBridgeTests.swift,B-tests,39,Low,none,monitor,Low,No notable legacy/performance finding in current audit pass.,Retain for now; add owner/removal criteria if compatibility-related.,Build College scheme; run relevant tests/smoke path.
3,253,CollegeTests/OrgUnitNormalizationTests.swift,B-tests,21,Low,none,monitor,Low,No notable legacy/performance finding in current audit pass.,Retain for now; add owner/removal criteria if compatibility-related.,Build College scheme; run relevant tests/smoke path.
3,254,CollegeTests/SearXNGClientTests.swift,B-tests,123,Low,none,monitor,Low,No notable legacy/performance finding in current audit pass.,Retain for now; add owner/removal criteria if compatibility-related.,Build College scheme; run relevant tests/smoke path.
3,255,CollegeTests/StonyBrookParsingTests.swift,B-tests,63,Low,none,monitor,Low,No notable legacy/performance finding in current audit pass.,Retain for now; add owner/removal criteria if compatibility-related.,Build College scheme; run relevant tests/smoke path.
3,256,CollegeTests/SyllabusNonCourseDateFilteringTests.swift,B-tests,75,Low,none,monitor,Low,No notable legacy/performance finding in current audit pass.,Retain for now; add owner/removal criteria if compatibility-related.,Build College scheme; run relevant tests/smoke path.
3,257,CollegeTests/SyllabusScheduleParsingTests.swift,B-tests,212,Low,none,monitor,Low,No notable legacy/performance finding in current audit pass.,Retain for now; add owner/removal criteria if compatibility-related.,Build College scheme; run relevant tests/smoke path.
3,258,CollegeTests/ToolCallStreamParserTests.swift,B-tests,35,Low,none,monitor,Low,No notable legacy/performance finding in current audit pass.,Retain for now; add owner/removal criteria if compatibility-related.,Build College scheme; run relevant tests/smoke path.
3,259,CollegeTests/UBMappingPersistenceTests.swift,B-tests,242,Low,none,monitor,Low,No notable legacy/performance finding in current audit pass.,Retain for now; add owner/removal criteria if compatibility-related.,Build College scheme; run relevant tests/smoke path.
3,260,CollegeTests/VaultDocumentCourseLinkTests.swift,B-tests,63,Low,none,monitor,Low,No notable legacy/performance finding in current audit pass.,Retain for now; add owner/removal criteria if compatibility-related.,Build College scheme; run relevant tests/smoke path.
3,261,CollegeUITests/AppWidePerformanceUITests.swift,B-tests,245,Medium,test-debt,optimize,Medium,UI test relies on fixed waits/sleeps or heavy flows; improve stability/runtime.,"Measure baseline, move heavy work off hot path, and validate with build/tests.",Build College scheme; run relevant tests/smoke path.
3,262,CollegeUITests/AssistantComprehensiveAnalysisUITests.swift,B-tests,361,Medium,test-debt,optimize,Medium,UI test relies on fixed waits/sleeps or heavy flows; improve stability/runtime.,"Measure baseline, move heavy work off hot path, and validate with build/tests.",Build College scheme; run relevant tests/smoke path.
3,263,CollegeUITests/AssistantEndToEndUITests.swift,B-tests,58,Low,none,monitor,Low,No notable legacy/performance finding in current audit pass.,Retain for now; add owner/removal criteria if compatibility-related.,Build College scheme; run relevant tests/smoke path.
3,264,CollegeUITests/AssistantInstrumentsSurrogateUITests.swift,B-tests,155,Medium,test-debt,optimize,Medium,UI test relies on fixed waits/sleeps or heavy flows; improve stability/runtime.,"Measure baseline, move heavy work off hot path, and validate with build/tests.",Build College scheme; run relevant tests/smoke path.
3,265,CollegeUITests/CollegeUITests.swift,B-tests,76,Low,test-debt;dead-code-candidate,delete,Low,Template/stub UI test candidate.,"Verify references/dynamic use, then remove in cleanup wave.",Build College scheme; run relevant tests/smoke path.
3,266,CollegeUITests/CollegeUITestsLaunchTests.swift,B-tests,57,Low,test-debt;dead-code-candidate,delete,Low,Template launch test candidate.,"Verify references/dynamic use, then remove in cleanup wave.",Build College scheme; run relevant tests/smoke path.
3,267,CollegeUITests/LaunchUpdateFlowUITests.swift,B-tests,47,Low,none,monitor,Low,No notable legacy/performance finding in current audit pass.,Retain for now; add owner/removal criteria if compatibility-related.,Build College scheme; run relevant tests/smoke path.
3,268,CollegeUITests/LayoutRegressionUITests.swift,B-tests,180,Low,none,monitor,Low,No notable legacy/performance finding in current audit pass.,Retain for now; add owner/removal criteria if compatibility-related.,Build College scheme; run relevant tests/smoke path.
3,269,CollegeUITests/PressableStressUITests.swift,B-tests,94,Medium,test-debt,optimize,Medium,UI test relies on fixed waits/sleeps or heavy flows; improve stability/runtime.,"Measure baseline, move heavy work off hot path, and validate with build/tests.",Build College scheme; run relevant tests/smoke path.
3,270,CollegeUITests/UITestCollegeHarness.swift,B-tests,174,Medium,test-debt,optimize,Medium,UI test relies on fixed waits/sleeps or heavy flows; improve stability/runtime.,"Measure baseline, move heavy work off hot path, and validate with build/tests.",Build College scheme; run relevant tests/smoke path.
3,271,SourcePackages/checkouts/LRUCache/Package.swift,C-dependency,19,Low,dependency-watch,dependency-watch,Low,Dependency source reviewed as vendor-owned; no app-actionable finding recorded unless surfaced separately.,Track upstream version/deprecation state; avoid local vendored edits unless app-blocking.,Build College scheme; run relevant tests/smoke path.
3,272,SourcePackages/checkouts/LRUCache/Sources/LRUCache.swift,C-dependency,332,Low,dependency-watch,dependency-watch,Low,Dependency source reviewed as vendor-owned; no app-actionable finding recorded unless surfaced separately.,Track upstream version/deprecation state; avoid local vendored edits unless app-blocking.,Build College scheme; run relevant tests/smoke path.
3,273,SourcePackages/checkouts/LRUCache/Tests/LRUCacheTests.swift,C-dependency,201,Low,dependency-watch,dependency-watch,Low,Dependency source reviewed as vendor-owned; no app-actionable finding recorded unless surfaced separately.,Track upstream version/deprecation state; avoid local vendored edits unless app-blocking.,Build College scheme; run relevant tests/smoke path.
3,274,SourcePackages/checkouts/LRUCache/Tests/LRUPerformanceTests.swift,C-dependency,169,Low,dependency-watch,dependency-watch,Low,Dependency source reviewed as vendor-owned; no app-actionable finding recorded unless surfaced separately.,Track upstream version/deprecation state; avoid local vendored edits unless app-blocking.,Build College scheme; run relevant tests/smoke path.
3,275,SourcePackages/checkouts/LRUCache/Tests/MetadataTests.swift,C-dependency,96,Low,dependency-watch,dependency-watch,Low,Dependency source reviewed as vendor-owned; no app-actionable finding recorded unless surfaced separately.,Track upstream version/deprecation state; avoid local vendored edits unless app-blocking.,Build College scheme; run relevant tests/smoke path.
3,276,SourcePackages/checkouts/SwiftSoup/Example/Example/AppDelegate.swift,C-dependency,43,Low,dependency-watch,dependency-watch,Low,Dependency source reviewed as vendor-owned; no app-actionable finding recorded unless surfaced separately.,Track upstream version/deprecation state; avoid local vendored edits unless app-blocking.,Build College scheme; run relevant tests/smoke path.
3,277,SourcePackages/checkouts/SwiftSoup/Example/Example/QueryViewController.swift,C-dependency,83,Low,dependency-watch,dependency-watch,Low,Dependency source reviewed as vendor-owned; no app-actionable finding recorded unless surfaced separately.,Track upstream version/deprecation state; avoid local vendored edits unless app-blocking.,Build College scheme; run relevant tests/smoke path.
3,278,SourcePackages/checkouts/SwiftSoup/Example/Example/ViewController.swift,C-dependency,159,Low,dependency-watch,dependency-watch,Low,Dependency source reviewed as vendor-owned; no app-actionable finding recorded unless surfaced separately.,Track upstream version/deprecation state; avoid local vendored edits unless app-blocking.,Build College scheme; run relevant tests/smoke path.
3,279,SourcePackages/checkouts/SwiftSoup/Package.swift,C-dependency,30,Low,dependency-watch,dependency-watch,Low,Dependency source reviewed as vendor-owned; no app-actionable finding recorded unless surfaced separately.,Track upstream version/deprecation state; avoid local vendored edits unless app-blocking.,Build College scheme; run relevant tests/smoke path.
3,280,SourcePackages/checkouts/SwiftSoup/Sources/Attribute.swift,C-dependency,196,Low,dependency-watch,dependency-watch,Low,Dependency source reviewed as vendor-owned; no app-actionable finding recorded unless surfaced separately.,Track upstream version/deprecation state; avoid local vendored edits unless app-blocking.,Build College scheme; run relevant tests/smoke path.
3,281,SourcePackages/checkouts/SwiftSoup/Sources/Attributes.swift,C-dependency,358,Low,dependency-watch,dependency-watch,Low,Dependency source reviewed as vendor-owned; no app-actionable finding recorded unless surfaced separately.,Track upstream version/deprecation state; avoid local vendored edits unless app-blocking.,Build College scheme; run relevant tests/smoke path.
3,282,SourcePackages/checkouts/SwiftSoup/Sources/BinarySearch.swift,C-dependency,94,Low,dependency-watch,dependency-watch,Low,Dependency source reviewed as vendor-owned; no app-actionable finding recorded unless surfaced separately.,Track upstream version/deprecation state; avoid local vendored edits unless app-blocking.,Build College scheme; run relevant tests/smoke path.
3,283,SourcePackages/checkouts/SwiftSoup/Sources/BooleanAttribute.swift,C-dependency,26,Low,dependency-watch,dependency-watch,Low,Dependency source reviewed as vendor-owned; no app-actionable finding recorded unless surfaced separately.,Track upstream version/deprecation state; avoid local vendored edits unless app-blocking.,Build College scheme; run relevant tests/smoke path.
3,284,SourcePackages/checkouts/SwiftSoup/Sources/CharacterExt.swift,C-dependency,80,Low,dependency-watch,dependency-watch,Low,Dependency source reviewed as vendor-owned; no app-actionable finding recorded unless surfaced separately.,Track upstream version/deprecation state; avoid local vendored edits unless app-blocking.,Build College scheme; run relevant tests/smoke path.
3,285,SourcePackages/checkouts/SwiftSoup/Sources/CharacterReader.swift,C-dependency,638,Low,dependency-watch,dependency-watch,Low,Dependency source reviewed as vendor-owned; no app-actionable finding recorded unless surfaced separately.,Track upstream version/deprecation state; avoid local vendored edits unless app-blocking.,Build College scheme; run relevant tests/smoke path.
3,286,SourcePackages/checkouts/SwiftSoup/Sources/Cleaner.swift,C-dependency,153,Low,dependency-watch,dependency-watch,Low,Dependency source reviewed as vendor-owned; no app-actionable finding recorded unless surfaced separately.,Track upstream version/deprecation state; avoid local vendored edits unless app-blocking.,Build College scheme; run relevant tests/smoke path.
3,287,SourcePackages/checkouts/SwiftSoup/Sources/Collector.swift,C-dependency,59,Low,dependency-watch,dependency-watch,Low,Dependency source reviewed as vendor-owned; no app-actionable finding recorded unless surfaced separately.,Track upstream version/deprecation state; avoid local vendored edits unless app-blocking.,Build College scheme; run relevant tests/smoke path.
3,288,SourcePackages/checkouts/SwiftSoup/Sources/CombiningEvaluator.swift,C-dependency,81,Low,dependency-watch,dependency-watch,Low,Dependency source reviewed as vendor-owned; no app-actionable finding recorded unless surfaced separately.,Track upstream version/deprecation state; avoid local vendored edits unless app-blocking.,Build College scheme; run relevant tests/smoke path.
3,289,SourcePackages/checkouts/SwiftSoup/Sources/Comment.swift,C-dependency,82,Low,dependency-watch,dependency-watch,Low,Dependency source reviewed as vendor-owned; no app-actionable finding recorded unless surfaced separately.,Track upstream version/deprecation state; avoid local vendored edits unless app-blocking.,Build College scheme; run relevant tests/smoke path.
3,290,SourcePackages/checkouts/SwiftSoup/Sources/CssSelector.swift,C-dependency,166,Low,dependency-watch,dependency-watch,Low,Dependency source reviewed as vendor-owned; no app-actionable finding recorded unless surfaced separately.,Track upstream version/deprecation state; avoid local vendored edits unless app-blocking.,Build College scheme; run relevant tests/smoke path.
3,291,SourcePackages/checkouts/SwiftSoup/Sources/DataNode.swift,C-dependency,103,Low,dependency-watch,dependency-watch,Low,Dependency source reviewed as vendor-owned; no app-actionable finding recorded unless surfaced separately.,Track upstream version/deprecation state; avoid local vendored edits unless app-blocking.,Build College scheme; run relevant tests/smoke path.
3,292,SourcePackages/checkouts/SwiftSoup/Sources/Document.swift,C-dependency,598,Low,dependency-watch,dependency-watch,Low,Dependency source reviewed as vendor-owned; no app-actionable finding recorded unless surfaced separately.,Track upstream version/deprecation state; avoid local vendored edits unless app-blocking.,Build College scheme; run relevant tests/smoke path.
3,293,SourcePackages/checkouts/SwiftSoup/Sources/DocumentType.swift,C-dependency,137,Low,dependency-watch,dependency-watch,Low,Dependency source reviewed as vendor-owned; no app-actionable finding recorded unless surfaced separately.,Track upstream version/deprecation state; avoid local vendored edits unless app-blocking.,Build College scheme; run relevant tests/smoke path.
3,294,SourcePackages/checkouts/SwiftSoup/Sources/Element.swift,C-dependency,1751,Low,dependency-watch,dependency-watch,Low,Dependency source reviewed as vendor-owned; no app-actionable finding recorded unless surfaced separately.,Track upstream version/deprecation state; avoid local vendored edits unless app-blocking.,Build College scheme; run relevant tests/smoke path.
3,295,SourcePackages/checkouts/SwiftSoup/Sources/Elements.swift,C-dependency,735,Low,dependency-watch,dependency-watch,Low,Dependency source reviewed as vendor-owned; no app-actionable finding recorded unless surfaced separately.,Track upstream version/deprecation state; avoid local vendored edits unless app-blocking.,Build College scheme; run relevant tests/smoke path.
3,296,SourcePackages/checkouts/SwiftSoup/Sources/Entities.swift,C-dependency,432,Low,dependency-watch,dependency-watch,Low,Dependency source reviewed as vendor-owned; no app-actionable finding recorded unless surfaced separately.,Track upstream version/deprecation state; avoid local vendored edits unless app-blocking.,Build College scheme; run relevant tests/smoke path.
3,297,SourcePackages/checkouts/SwiftSoup/Sources/Evaluator.swift,C-dependency,718,Low,dependency-watch,dependency-watch,Low,Dependency source reviewed as vendor-owned; no app-actionable finding recorded unless surfaced separately.,Track upstream version/deprecation state; avoid local vendored edits unless app-blocking.,Build College scheme; run relevant tests/smoke path.
3,298,SourcePackages/checkouts/SwiftSoup/Sources/Exception.swift,C-dependency,21,Low,dependency-watch,dependency-watch,Low,Dependency source reviewed as vendor-owned; no app-actionable finding recorded unless surfaced separately.,Track upstream version/deprecation state; avoid local vendored edits unless app-blocking.,Build College scheme; run relevant tests/smoke path.
3,299,SourcePackages/checkouts/SwiftSoup/Sources/FormElement.swift,C-dependency,145,Low,dependency-watch,dependency-watch,Low,Dependency source reviewed as vendor-owned; no app-actionable finding recorded unless surfaced separately.,Track upstream version/deprecation state; avoid local vendored edits unless app-blocking.,Build College scheme; run relevant tests/smoke path.
3,300,SourcePackages/checkouts/SwiftSoup/Sources/HtmlTreeBuilder.swift,C-dependency,835,Low,dependency-watch,dependency-watch,Low,Dependency source reviewed as vendor-owned; no app-actionable finding recorded unless surfaced separately.,Track upstream version/deprecation state; avoid local vendored edits unless app-blocking.,Build College scheme; run relevant tests/smoke path.
3,301,SourcePackages/checkouts/SwiftSoup/Sources/HtmlTreeBuilderState.swift,C-dependency,1582,Low,dependency-watch,dependency-watch,Low,Dependency source reviewed as vendor-owned; no app-actionable finding recorded unless surfaced separately.,Track upstream version/deprecation state; avoid local vendored edits unless app-blocking.,Build College scheme; run relevant tests/smoke path.
3,302,SourcePackages/checkouts/SwiftSoup/Sources/Mutex.swift,C-dependency,97,Low,dependency-watch,dependency-watch,Low,Dependency source reviewed as vendor-owned; no app-actionable finding recorded unless surfaced separately.,Track upstream version/deprecation state; avoid local vendored edits unless app-blocking.,Build College scheme; run relevant tests/smoke path.
3,303,SourcePackages/checkouts/SwiftSoup/Sources/Node.swift,C-dependency,969,Low,dependency-watch,dependency-watch,Low,Dependency source reviewed as vendor-owned; no app-actionable finding recorded unless surfaced separately.,Track upstream version/deprecation state; avoid local vendored edits unless app-blocking.,Build College scheme; run relevant tests/smoke path.
3,304,SourcePackages/checkouts/SwiftSoup/Sources/NodeTraversor.swift,C-dependency,50,Low,dependency-watch,dependency-watch,Low,Dependency source reviewed as vendor-owned; no app-actionable finding recorded unless surfaced separately.,Track upstream version/deprecation state; avoid local vendored edits unless app-blocking.,Build College scheme; run relevant tests/smoke path.
3,305,SourcePackages/checkouts/SwiftSoup/Sources/NodeVisitor.swift,C-dependency,35,Low,dependency-watch,dependency-watch,Low,Dependency source reviewed as vendor-owned; no app-actionable finding recorded unless surfaced separately.,Track upstream version/deprecation state; avoid local vendored edits unless app-blocking.,Build College scheme; run relevant tests/smoke path.
3,306,SourcePackages/checkouts/SwiftSoup/Sources/OrderedSet.swift,C-dependency,452,Low,dependency-watch,dependency-watch,Low,Dependency source reviewed as vendor-owned; no app-actionable finding recorded unless surfaced separately.,Track upstream version/deprecation state; avoid local vendored edits unless app-blocking.,Build College scheme; run relevant tests/smoke path.
3,307,SourcePackages/checkouts/SwiftSoup/Sources/ParseError.swift,C-dependency,41,Low,dependency-watch,dependency-watch,Low,Dependency source reviewed as vendor-owned; no app-actionable finding recorded unless surfaced separately.,Track upstream version/deprecation state; avoid local vendored edits unless app-blocking.,Build College scheme; run relevant tests/smoke path.
3,308,SourcePackages/checkouts/SwiftSoup/Sources/ParseErrorList.swift,C-dependency,51,Low,dependency-watch,dependency-watch,Low,Dependency source reviewed as vendor-owned; no app-actionable finding recorded unless surfaced separately.,Track upstream version/deprecation state; avoid local vendored edits unless app-blocking.,Build College scheme; run relevant tests/smoke path.
3,309,SourcePackages/checkouts/SwiftSoup/Sources/ParseSettings.swift,C-dependency,64,Low,dependency-watch,dependency-watch,Low,Dependency source reviewed as vendor-owned; no app-actionable finding recorded unless surfaced separately.,Track upstream version/deprecation state; avoid local vendored edits unless app-blocking.,Build College scheme; run relevant tests/smoke path.
3,310,SourcePackages/checkouts/SwiftSoup/Sources/Parser.swift,C-dependency,235,Low,dependency-watch,dependency-watch,Low,Dependency source reviewed as vendor-owned; no app-actionable finding recorded unless surfaced separately.,Track upstream version/deprecation state; avoid local vendored edits unless app-blocking.,Build College scheme; run relevant tests/smoke path.
3,311,SourcePackages/checkouts/SwiftSoup/Sources/ParsingStrings.swift,C-dependency,225,Low,dependency-watch,dependency-watch,Low,Dependency source reviewed as vendor-owned; no app-actionable finding recorded unless surfaced separately.,Track upstream version/deprecation state; avoid local vendored edits unless app-blocking.,Build College scheme; run relevant tests/smoke path.
3,312,SourcePackages/checkouts/SwiftSoup/Sources/Pattern.swift,C-dependency,83,Low,dependency-watch,dependency-watch,Low,Dependency source reviewed as vendor-owned; no app-actionable finding recorded unless surfaced separately.,Track upstream version/deprecation state; avoid local vendored edits unless app-blocking.,Build College scheme; run relevant tests/smoke path.
3,313,SourcePackages/checkouts/SwiftSoup/Sources/QueryParser.swift,C-dependency,390,Low,dependency-watch,dependency-watch,Low,Dependency source reviewed as vendor-owned; no app-actionable finding recorded unless surfaced separately.,Track upstream version/deprecation state; avoid local vendored edits unless app-blocking.,Build College scheme; run relevant tests/smoke path.
3,314,SourcePackages/checkouts/SwiftSoup/Sources/QueryParserCache.swift,C-dependency,145,Low,dependency-watch,dependency-watch,Low,Dependency source reviewed as vendor-owned; no app-actionable finding recorded unless surfaced separately.,Track upstream version/deprecation state; avoid local vendored edits unless app-blocking.,Build College scheme; run relevant tests/smoke path.
3,315,SourcePackages/checkouts/SwiftSoup/Sources/StreamReader.swift,C-dependency,88,Low,dependency-watch,dependency-watch,Low,Dependency source reviewed as vendor-owned; no app-actionable finding recorded unless surfaced separately.,Track upstream version/deprecation state; avoid local vendored edits unless app-blocking.,Build College scheme; run relevant tests/smoke path.
3,316,SourcePackages/checkouts/SwiftSoup/Sources/String.swift,C-dependency,541,Low,dependency-watch,dependency-watch,Low,Dependency source reviewed as vendor-owned; no app-actionable finding recorded unless surfaced separately.,Track upstream version/deprecation state; avoid local vendored edits unless app-blocking.,Build College scheme; run relevant tests/smoke path.
3,317,SourcePackages/checkouts/SwiftSoup/Sources/StringBuilder.swift,C-dependency,282,Low,dependency-watch,dependency-watch,Low,Dependency source reviewed as vendor-owned; no app-actionable finding recorded unless surfaced separately.,Track upstream version/deprecation state; avoid local vendored edits unless app-blocking.,Build College scheme; run relevant tests/smoke path.
3,318,SourcePackages/checkouts/SwiftSoup/Sources/StringUtil.swift,C-dependency,334,Low,dependency-watch,dependency-watch,Low,Dependency source reviewed as vendor-owned; no app-actionable finding recorded unless surfaced separately.,Track upstream version/deprecation state; avoid local vendored edits unless app-blocking.,Build College scheme; run relevant tests/smoke path.
3,319,SourcePackages/checkouts/SwiftSoup/Sources/StructuralEvaluator.swift,C-dependency,173,Low,dependency-watch,dependency-watch,Low,Dependency source reviewed as vendor-owned; no app-actionable finding recorded unless surfaced separately.,Track upstream version/deprecation state; avoid local vendored edits unless app-blocking.,Build College scheme; run relevant tests/smoke path.
3,320,SourcePackages/checkouts/SwiftSoup/Sources/SwiftSoup.swift,C-dependency,275,Low,dependency-watch,dependency-watch,Low,Dependency source reviewed as vendor-owned; no app-actionable finding recorded unless surfaced separately.,Track upstream version/deprecation state; avoid local vendored edits unless app-blocking.,Build College scheme; run relevant tests/smoke path.
3,321,SourcePackages/checkouts/SwiftSoup/Sources/Tag.swift,C-dependency,370,Low,dependency-watch,dependency-watch,Low,Dependency source reviewed as vendor-owned; no app-actionable finding recorded unless surfaced separately.,Track upstream version/deprecation state; avoid local vendored edits unless app-blocking.,Build College scheme; run relevant tests/smoke path.
3,322,SourcePackages/checkouts/SwiftSoup/Sources/TextNode.swift,C-dependency,260,Low,dependency-watch,dependency-watch,Low,Dependency source reviewed as vendor-owned; no app-actionable finding recorded unless surfaced separately.,Track upstream version/deprecation state; avoid local vendored edits unless app-blocking.,Build College scheme; run relevant tests/smoke path.
3,323,SourcePackages/checkouts/SwiftSoup/Sources/Token.swift,C-dependency,464,Low,dependency-watch,dependency-watch,Low,Dependency source reviewed as vendor-owned; no app-actionable finding recorded unless surfaced separately.,Track upstream version/deprecation state; avoid local vendored edits unless app-blocking.,Build College scheme; run relevant tests/smoke path.
3,324,SourcePackages/checkouts/SwiftSoup/Sources/TokenQueue.swift,C-dependency,436,Low,dependency-watch,dependency-watch,Low,Dependency source reviewed as vendor-owned; no app-actionable finding recorded unless surfaced separately.,Track upstream version/deprecation state; avoid local vendored edits unless app-blocking.,Build College scheme; run relevant tests/smoke path.
3,325,SourcePackages/checkouts/SwiftSoup/Sources/Tokeniser.swift,C-dependency,320,Low,dependency-watch,dependency-watch,Low,Dependency source reviewed as vendor-owned; no app-actionable finding recorded unless surfaced separately.,Track upstream version/deprecation state; avoid local vendored edits unless app-blocking.,Build College scheme; run relevant tests/smoke path.
3,326,SourcePackages/checkouts/SwiftSoup/Sources/TokeniserState.swift,C-dependency,1657,Low,dependency-watch,dependency-watch,Low,Dependency source reviewed as vendor-owned; no app-actionable finding recorded unless surfaced separately.,Track upstream version/deprecation state; avoid local vendored edits unless app-blocking.,Build College scheme; run relevant tests/smoke path.
3,327,SourcePackages/checkouts/SwiftSoup/Sources/TreeBuilder.swift,C-dependency,142,Low,dependency-watch,dependency-watch,Low,Dependency source reviewed as vendor-owned; no app-actionable finding recorded unless surfaced separately.,Track upstream version/deprecation state; avoid local vendored edits unless app-blocking.,Build College scheme; run relevant tests/smoke path.
3,328,SourcePackages/checkouts/SwiftSoup/Sources/UTF8Arrays.swift,C-dependency,225,Low,dependency-watch,dependency-watch,Low,Dependency source reviewed as vendor-owned; no app-actionable finding recorded unless surfaced separately.,Track upstream version/deprecation state; avoid local vendored edits unless app-blocking.,Build College scheme; run relevant tests/smoke path.
3,329,SourcePackages/checkouts/SwiftSoup/Sources/UnicodeScalar.swift,C-dependency,66,Low,dependency-watch,dependency-watch,Low,Dependency source reviewed as vendor-owned; no app-actionable finding recorded unless surfaced separately.,Track upstream version/deprecation state; avoid local vendored edits unless app-blocking.,Build College scheme; run relevant tests/smoke path.
3,330,SourcePackages/checkouts/SwiftSoup/Sources/Validate.swift,C-dependency,140,Low,dependency-watch,dependency-watch,Low,Dependency source reviewed as vendor-owned; no app-actionable finding recorded unless surfaced separately.,Track upstream version/deprecation state; avoid local vendored edits unless app-blocking.,Build College scheme; run relevant tests/smoke path.
3,331,SourcePackages/checkouts/SwiftSoup/Sources/Whitelist.swift,C-dependency,657,Low,dependency-watch,dependency-watch,Low,Dependency source reviewed as vendor-owned; no app-actionable finding recorded unless surfaced separately.,Track upstream version/deprecation state; avoid local vendored edits unless app-blocking.,Build College scheme; run relevant tests/smoke path.
3,332,SourcePackages/checkouts/SwiftSoup/Sources/XmlDeclaration.swift,C-dependency,84,Low,dependency-watch,dependency-watch,Low,Dependency source reviewed as vendor-owned; no app-actionable finding recorded unless surfaced separately.,Track upstream version/deprecation state; avoid local vendored edits unless app-blocking.,Build College scheme; run relevant tests/smoke path.
3,333,SourcePackages/checkouts/SwiftSoup/Sources/XmlTreeBuilder.swift,C-dependency,156,Low,dependency-watch,dependency-watch,Low,Dependency source reviewed as vendor-owned; no app-actionable finding recorded unless surfaced separately.,Track upstream version/deprecation state; avoid local vendored edits unless app-blocking.,Build College scheme; run relevant tests/smoke path.
3,334,SourcePackages/checkouts/SwiftSoup/Tests-macOS/ParserBenchmark.swift,C-dependency,118,Low,dependency-watch,dependency-watch,Low,Dependency source reviewed as vendor-owned; no app-actionable finding recorded unless surfaced separately.,Track upstream version/deprecation state; avoid local vendored edits unless app-blocking.,Build College scheme; run relevant tests/smoke path.
3,335,SourcePackages/checkouts/SwiftSoup/Tests/SwiftSoupTests/AttributeParseTest.swift,C-dependency,96,Low,dependency-watch,dependency-watch,Low,Dependency source reviewed as vendor-owned; no app-actionable finding recorded unless surfaced separately.,Track upstream version/deprecation state; avoid local vendored edits unless app-blocking.,Build College scheme; run relevant tests/smoke path.
3,336,SourcePackages/checkouts/SwiftSoup/Tests/SwiftSoupTests/AttributeTest.swift,C-dependency,39,Low,dependency-watch,dependency-watch,Low,Dependency source reviewed as vendor-owned; no app-actionable finding recorded unless surfaced separately.,Track upstream version/deprecation state; avoid local vendored edits unless app-blocking.,Build College scheme; run relevant tests/smoke path.
3,337,SourcePackages/checkouts/SwiftSoup/Tests/SwiftSoupTests/AttributesTest.swift,C-dependency,79,Low,dependency-watch,dependency-watch,Low,Dependency source reviewed as vendor-owned; no app-actionable finding recorded unless surfaced separately.,Track upstream version/deprecation state; avoid local vendored edits unless app-blocking.,Build College scheme; run relevant tests/smoke path.
3,338,SourcePackages/checkouts/SwiftSoup/Tests/SwiftSoupTests/BuildEntities.swift,C-dependency,20,Low,dependency-watch,dependency-watch,Low,Dependency source reviewed as vendor-owned; no app-actionable finding recorded unless surfaced separately.,Track upstream version/deprecation state; avoid local vendored edits unless app-blocking.,Build College scheme; run relevant tests/smoke path.
3,339,SourcePackages/checkouts/SwiftSoup/Tests/SwiftSoupTests/CharacterReaderTest.swift,C-dependency,317,Low,dependency-watch,dependency-watch,Low,Dependency source reviewed as vendor-owned; no app-actionable finding recorded unless surfaced separately.,Track upstream version/deprecation state; avoid local vendored edits unless app-blocking.,Build College scheme; run relevant tests/smoke path.
3,340,SourcePackages/checkouts/SwiftSoup/Tests/SwiftSoupTests/CleanerTest.swift,C-dependency,296,Low,dependency-watch,dependency-watch,Low,Dependency source reviewed as vendor-owned; no app-actionable finding recorded unless surfaced separately.,Track upstream version/deprecation state; avoid local vendored edits unless app-blocking.,Build College scheme; run relevant tests/smoke path.
3,341,SourcePackages/checkouts/SwiftSoup/Tests/SwiftSoupTests/CssTest.swift,C-dependency,301,Low,dependency-watch,dependency-watch,Low,Dependency source reviewed as vendor-owned; no app-actionable finding recorded unless surfaced separately.,Track upstream version/deprecation state; avoid local vendored edits unless app-blocking.,Build College scheme; run relevant tests/smoke path.
3,342,SourcePackages/checkouts/SwiftSoup/Tests/SwiftSoupTests/DocumentTest.swift,C-dependency,474,Low,dependency-watch,dependency-watch,Low,Dependency source reviewed as vendor-owned; no app-actionable finding recorded unless surfaced separately.,Track upstream version/deprecation state; avoid local vendored edits unless app-blocking.,Build College scheme; run relevant tests/smoke path.
3,343,SourcePackages/checkouts/SwiftSoup/Tests/SwiftSoupTests/DocumentTypeTest.swift,C-dependency,41,Low,dependency-watch,dependency-watch,Low,Dependency source reviewed as vendor-owned; no app-actionable finding recorded unless surfaced separately.,Track upstream version/deprecation state; avoid local vendored edits unless app-blocking.,Build College scheme; run relevant tests/smoke path.
3,344,SourcePackages/checkouts/SwiftSoup/Tests/SwiftSoupTests/ElementTest.swift,C-dependency,997,Low,dependency-watch,dependency-watch,Low,Dependency source reviewed as vendor-owned; no app-actionable finding recorded unless surfaced separately.,Track upstream version/deprecation state; avoid local vendored edits unless app-blocking.,Build College scheme; run relevant tests/smoke path.
3,345,SourcePackages/checkouts/SwiftSoup/Tests/SwiftSoupTests/ElementsTest.swift,C-dependency,314,Low,dependency-watch,dependency-watch,Low,Dependency source reviewed as vendor-owned; no app-actionable finding recorded unless surfaced separately.,Track upstream version/deprecation state; avoid local vendored edits unless app-blocking.,Build College scheme; run relevant tests/smoke path.
3,346,SourcePackages/checkouts/SwiftSoup/Tests/SwiftSoupTests/EntitiesTest.swift,C-dependency,144,Low,dependency-watch,dependency-watch,Low,Dependency source reviewed as vendor-owned; no app-actionable finding recorded unless surfaced separately.,Track upstream version/deprecation state; avoid local vendored edits unless app-blocking.,Build College scheme; run relevant tests/smoke path.
3,347,SourcePackages/checkouts/SwiftSoup/Tests/SwiftSoupTests/FormElementTest.swift,C-dependency,150,Low,dependency-watch,dependency-watch,Low,Dependency source reviewed as vendor-owned; no app-actionable finding recorded unless surfaced separately.,Track upstream version/deprecation state; avoid local vendored edits unless app-blocking.,Build College scheme; run relevant tests/smoke path.
3,348,SourcePackages/checkouts/SwiftSoup/Tests/SwiftSoupTests/HtmlParserTest.swift,C-dependency,630,Low,dependency-watch,dependency-watch,Low,Dependency source reviewed as vendor-owned; no app-actionable finding recorded unless surfaced separately.,Track upstream version/deprecation state; avoid local vendored edits unless app-blocking.,Build College scheme; run relevant tests/smoke path.
3,349,SourcePackages/checkouts/SwiftSoup/Tests/SwiftSoupTests/NodeTest.swift,C-dependency,371,Low,dependency-watch,dependency-watch,Low,Dependency source reviewed as vendor-owned; no app-actionable finding recorded unless surfaced separately.,Track upstream version/deprecation state; avoid local vendored edits unless app-blocking.,Build College scheme; run relevant tests/smoke path.
3,350,SourcePackages/checkouts/SwiftSoup/Tests/SwiftSoupTests/NodeTraversorTest.swift,C-dependency,86,Low,dependency-watch,dependency-watch,Low,Dependency source reviewed as vendor-owned; no app-actionable finding recorded unless surfaced separately.,Track upstream version/deprecation state; avoid local vendored edits unless app-blocking.,Build College scheme; run relevant tests/smoke path.
3,351,SourcePackages/checkouts/SwiftSoup/Tests/SwiftSoupTests/ParseSettingsTest.swift,C-dependency,31,Low,dependency-watch,dependency-watch,Low,Dependency source reviewed as vendor-owned; no app-actionable finding recorded unless surfaced separately.,Track upstream version/deprecation state; avoid local vendored edits unless app-blocking.,Build College scheme; run relevant tests/smoke path.
3,352,SourcePackages/checkouts/SwiftSoup/Tests/SwiftSoupTests/QueryParserCacheTest.swift,C-dependency,35,Low,dependency-watch,dependency-watch,Low,Dependency source reviewed as vendor-owned; no app-actionable finding recorded unless surfaced separately.,Track upstream version/deprecation state; avoid local vendored edits unless app-blocking.,Build College scheme; run relevant tests/smoke path.
3,353,SourcePackages/checkouts/SwiftSoup/Tests/SwiftSoupTests/QueryParserTest.swift,C-dependency,55,Low,dependency-watch,dependency-watch,Low,Dependency source reviewed as vendor-owned; no app-actionable finding recorded unless surfaced separately.,Track upstream version/deprecation state; avoid local vendored edits unless app-blocking.,Build College scheme; run relevant tests/smoke path.
3,354,SourcePackages/checkouts/SwiftSoup/Tests/SwiftSoupTests/SelectorTest.swift,C-dependency,694,Low,dependency-watch,dependency-watch,Low,Dependency source reviewed as vendor-owned; no app-actionable finding recorded unless surfaced separately.,Track upstream version/deprecation state; avoid local vendored edits unless app-blocking.,Build College scheme; run relevant tests/smoke path.
3,355,SourcePackages/checkouts/SwiftSoup/Tests/SwiftSoupTests/StringUtilTest.swift,C-dependency,122,Low,dependency-watch,dependency-watch,Low,Dependency source reviewed as vendor-owned; no app-actionable finding recorded unless surfaced separately.,Track upstream version/deprecation state; avoid local vendored edits unless app-blocking.,Build College scheme; run relevant tests/smoke path.
3,356,SourcePackages/checkouts/SwiftSoup/Tests/SwiftSoupTests/TagTest.swift,C-dependency,71,Low,dependency-watch,dependency-watch,Low,Dependency source reviewed as vendor-owned; no app-actionable finding recorded unless surfaced separately.,Track upstream version/deprecation state; avoid local vendored edits unless app-blocking.,Build College scheme; run relevant tests/smoke path.
3,357,SourcePackages/checkouts/SwiftSoup/Tests/SwiftSoupTests/TextNodeTest.swift,C-dependency,76,Low,dependency-watch,dependency-watch,Low,Dependency source reviewed as vendor-owned; no app-actionable finding recorded unless surfaced separately.,Track upstream version/deprecation state; avoid local vendored edits unless app-blocking.,Build College scheme; run relevant tests/smoke path.
3,358,SourcePackages/checkouts/SwiftSoup/Tests/SwiftSoupTests/TextUtil.swift,C-dependency,42,Low,dependency-watch,dependency-watch,Low,Dependency source reviewed as vendor-owned; no app-actionable finding recorded unless surfaced separately.,Track upstream version/deprecation state; avoid local vendored edits unless app-blocking.,Build College scheme; run relevant tests/smoke path.
3,359,SourcePackages/checkouts/SwiftSoup/Tests/SwiftSoupTests/TokenQueueTest.swift,C-dependency,65,Low,dependency-watch,dependency-watch,Low,Dependency source reviewed as vendor-owned; no app-actionable finding recorded unless surfaced separately.,Track upstream version/deprecation state; avoid local vendored edits unless app-blocking.,Build College scheme; run relevant tests/smoke path.
3,360,SourcePackages/checkouts/SwiftSoup/Tests/SwiftSoupTests/XmlTreeBuilderTest.swift,C-dependency,169,Low,dependency-watch,dependency-watch,Low,Dependency source reviewed as vendor-owned; no app-actionable finding recorded unless surfaced separately.,Track upstream version/deprecation state; avoid local vendored edits unless app-blocking.,Build College scheme; run relevant tests/smoke path.
3,361,SourcePackages/checkouts/mlx-swift-lm/Libraries/Embedders/BaseConfiguration.swift,C-dependency,190,Low,dependency-watch,dependency-watch,Low,Dependency source reviewed as vendor-owned; no app-actionable finding recorded unless surfaced separately.,Track upstream version/deprecation state; avoid local vendored edits unless app-blocking.,Build College scheme; run relevant tests/smoke path.
3,362,SourcePackages/checkouts/mlx-swift-lm/Libraries/Embedders/Bert.swift,C-dependency,332,Low,dependency-watch,dependency-watch,Low,Dependency source reviewed as vendor-owned; no app-actionable finding recorded unless surfaced separately.,Track upstream version/deprecation state; avoid local vendored edits unless app-blocking.,Build College scheme; run relevant tests/smoke path.
3,363,SourcePackages/checkouts/mlx-swift-lm/Libraries/Embedders/Configuration.swift,C-dependency,101,Low,dependency-watch,dependency-watch,Low,Dependency source reviewed as vendor-owned; no app-actionable finding recorded unless surfaced separately.,Track upstream version/deprecation state; avoid local vendored edits unless app-blocking.,Build College scheme; run relevant tests/smoke path.
3,364,SourcePackages/checkouts/mlx-swift-lm/Libraries/Embedders/EmbeddingModel.swift,C-dependency,126,Low,dependency-watch,dependency-watch,Low,Dependency source reviewed as vendor-owned; no app-actionable finding recorded unless surfaced separately.,Track upstream version/deprecation state; avoid local vendored edits unless app-blocking.,Build College scheme; run relevant tests/smoke path.
3,365,SourcePackages/checkouts/mlx-swift-lm/Libraries/Embedders/Load.swift,C-dependency,228,Low,dependency-watch,dependency-watch,Low,Dependency source reviewed as vendor-owned; no app-actionable finding recorded unless surfaced separately.,Track upstream version/deprecation state; avoid local vendored edits unless app-blocking.,Build College scheme; run relevant tests/smoke path.
3,366,SourcePackages/checkouts/mlx-swift-lm/Libraries/Embedders/Models.swift,C-dependency,209,Low,dependency-watch,dependency-watch,Low,Dependency source reviewed as vendor-owned; no app-actionable finding recorded unless surfaced separately.,Track upstream version/deprecation state; avoid local vendored edits unless app-blocking.,Build College scheme; run relevant tests/smoke path.
3,367,SourcePackages/checkouts/mlx-swift-lm/Libraries/Embedders/NomicBert.swift,C-dependency,526,Low,dependency-watch,dependency-watch,Low,Dependency source reviewed as vendor-owned; no app-actionable finding recorded unless surfaced separately.,Track upstream version/deprecation state; avoid local vendored edits unless app-blocking.,Build College scheme; run relevant tests/smoke path.
3,368,SourcePackages/checkouts/mlx-swift-lm/Libraries/Embedders/Pooling.swift,C-dependency,171,Low,dependency-watch,dependency-watch,Low,Dependency source reviewed as vendor-owned; no app-actionable finding recorded unless surfaced separately.,Track upstream version/deprecation state; avoid local vendored edits unless app-blocking.,Build College scheme; run relevant tests/smoke path.
3,369,SourcePackages/checkouts/mlx-swift-lm/Libraries/Embedders/Qwen3.swift,C-dependency,281,Low,dependency-watch,dependency-watch,Low,Dependency source reviewed as vendor-owned; no app-actionable finding recorded unless surfaced separately.,Track upstream version/deprecation state; avoid local vendored edits unless app-blocking.,Build College scheme; run relevant tests/smoke path.
3,370,SourcePackages/checkouts/mlx-swift-lm/Libraries/Embedders/Tokenizer.swift,C-dependency,83,Low,dependency-watch,dependency-watch,Low,Dependency source reviewed as vendor-owned; no app-actionable finding recorded unless surfaced separately.,Track upstream version/deprecation state; avoid local vendored edits unless app-blocking.,Build College scheme; run relevant tests/smoke path.
3,371,SourcePackages/checkouts/mlx-swift-lm/Libraries/MLXLLM/LLMModel.swift,C-dependency,42,Low,dependency-watch,dependency-watch,Low,Dependency source reviewed as vendor-owned; no app-actionable finding recorded unless surfaced separately.,Track upstream version/deprecation state; avoid local vendored edits unless app-blocking.,Build College scheme; run relevant tests/smoke path.
3,372,SourcePackages/checkouts/mlx-swift-lm/Libraries/MLXLLM/LLMModelFactory.swift,C-dependency,566,Low,dependency-watch,dependency-watch,Low,Dependency source reviewed as vendor-owned; no app-actionable finding recorded unless surfaced separately.,Track upstream version/deprecation state; avoid local vendored edits unless app-blocking.,Build College scheme; run relevant tests/smoke path.
3,373,SourcePackages/checkouts/mlx-swift-lm/Libraries/MLXLLM/Lora+Data.swift,C-dependency,69,Low,dependency-watch,dependency-watch,Low,Dependency source reviewed as vendor-owned; no app-actionable finding recorded unless surfaced separately.,Track upstream version/deprecation state; avoid local vendored edits unless app-blocking.,Build College scheme; run relevant tests/smoke path.
3,374,SourcePackages/checkouts/mlx-swift-lm/Libraries/MLXLLM/LoraTrain.swift,C-dependency,349,Low,dependency-watch,dependency-watch,Low,Dependency source reviewed as vendor-owned; no app-actionable finding recorded unless surfaced separately.,Track upstream version/deprecation state; avoid local vendored edits unless app-blocking.,Build College scheme; run relevant tests/smoke path.
3,375,SourcePackages/checkouts/mlx-swift-lm/Libraries/MLXLLM/Models/AfMoE.swift,C-dependency,591,Low,dependency-watch,dependency-watch,Low,Dependency source reviewed as vendor-owned; no app-actionable finding recorded unless surfaced separately.,Track upstream version/deprecation state; avoid local vendored edits unless app-blocking.,Build College scheme; run relevant tests/smoke path.
4,376,SourcePackages/checkouts/mlx-swift-lm/Libraries/MLXLLM/Models/Apertus.swift,C-dependency,483,Low,dependency-watch,dependency-watch,Low,Dependency source reviewed as vendor-owned; no app-actionable finding recorded unless surfaced separately.,Track upstream version/deprecation state; avoid local vendored edits unless app-blocking.,Build College scheme; run relevant tests/smoke path.
4,377,SourcePackages/checkouts/mlx-swift-lm/Libraries/MLXLLM/Models/BaichuanM1.swift,C-dependency,300,Low,dependency-watch,dependency-watch,Low,Dependency source reviewed as vendor-owned; no app-actionable finding recorded unless surfaced separately.,Track upstream version/deprecation state; avoid local vendored edits unless app-blocking.,Build College scheme; run relevant tests/smoke path.
4,378,SourcePackages/checkouts/mlx-swift-lm/Libraries/MLXLLM/Models/BailingMoe.swift,C-dependency,367,Low,dependency-watch,dependency-watch,Low,Dependency source reviewed as vendor-owned; no app-actionable finding recorded unless surfaced separately.,Track upstream version/deprecation state; avoid local vendored edits unless app-blocking.,Build College scheme; run relevant tests/smoke path.
4,379,SourcePackages/checkouts/mlx-swift-lm/Libraries/MLXLLM/Models/Bitnet.swift,C-dependency,499,Low,dependency-watch,dependency-watch,Low,Dependency source reviewed as vendor-owned; no app-actionable finding recorded unless surfaced separately.,Track upstream version/deprecation state; avoid local vendored edits unless app-blocking.,Build College scheme; run relevant tests/smoke path.
4,380,SourcePackages/checkouts/mlx-swift-lm/Libraries/MLXLLM/Models/Cohere.swift,C-dependency,240,Low,dependency-watch,dependency-watch,Low,Dependency source reviewed as vendor-owned; no app-actionable finding recorded unless surfaced separately.,Track upstream version/deprecation state; avoid local vendored edits unless app-blocking.,Build College scheme; run relevant tests/smoke path.
4,381,SourcePackages/checkouts/mlx-swift-lm/Libraries/MLXLLM/Models/DeepseekV3.swift,C-dependency,563,Low,dependency-watch,dependency-watch,Low,Dependency source reviewed as vendor-owned; no app-actionable finding recorded unless surfaced separately.,Track upstream version/deprecation state; avoid local vendored edits unless app-blocking.,Build College scheme; run relevant tests/smoke path.
4,382,SourcePackages/checkouts/mlx-swift-lm/Libraries/MLXLLM/Models/Ernie4_5.swift,C-dependency,236,Low,dependency-watch,dependency-watch,Low,Dependency source reviewed as vendor-owned; no app-actionable finding recorded unless surfaced separately.,Track upstream version/deprecation state; avoid local vendored edits unless app-blocking.,Build College scheme; run relevant tests/smoke path.
4,383,SourcePackages/checkouts/mlx-swift-lm/Libraries/MLXLLM/Models/Exaone4.swift,C-dependency,305,Low,dependency-watch,dependency-watch,Low,Dependency source reviewed as vendor-owned; no app-actionable finding recorded unless surfaced separately.,Track upstream version/deprecation state; avoid local vendored edits unless app-blocking.,Build College scheme; run relevant tests/smoke path.
4,384,SourcePackages/checkouts/mlx-swift-lm/Libraries/MLXLLM/Models/FalconH1.swift,C-dependency,758,Low,dependency-watch,dependency-watch,Low,Dependency source reviewed as vendor-owned; no app-actionable finding recorded unless surfaced separately.,Track upstream version/deprecation state; avoid local vendored edits unless app-blocking.,Build College scheme; run relevant tests/smoke path.
4,385,SourcePackages/checkouts/mlx-swift-lm/Libraries/MLXLLM/Models/GLM4.swift,C-dependency,281,Low,dependency-watch,dependency-watch,Low,Dependency source reviewed as vendor-owned; no app-actionable finding recorded unless surfaced separately.,Track upstream version/deprecation state; avoid local vendored edits unless app-blocking.,Build College scheme; run relevant tests/smoke path.
4,386,SourcePackages/checkouts/mlx-swift-lm/Libraries/MLXLLM/Models/GLM4MOE.swift,C-dependency,453,Low,dependency-watch,dependency-watch,Low,Dependency source reviewed as vendor-owned; no app-actionable finding recorded unless surfaced separately.,Track upstream version/deprecation state; avoid local vendored edits unless app-blocking.,Build College scheme; run relevant tests/smoke path.
4,387,SourcePackages/checkouts/mlx-swift-lm/Libraries/MLXLLM/Models/GLM4MOELite.swift,C-dependency,542,Low,dependency-watch,dependency-watch,Low,Dependency source reviewed as vendor-owned; no app-actionable finding recorded unless surfaced separately.,Track upstream version/deprecation state; avoid local vendored edits unless app-blocking.,Build College scheme; run relevant tests/smoke path.
4,388,SourcePackages/checkouts/mlx-swift-lm/Libraries/MLXLLM/Models/GPTOSS.swift,C-dependency,548,Low,dependency-watch,dependency-watch,Low,Dependency source reviewed as vendor-owned; no app-actionable finding recorded unless surfaced separately.,Track upstream version/deprecation state; avoid local vendored edits unless app-blocking.,Build College scheme; run relevant tests/smoke path.
4,389,SourcePackages/checkouts/mlx-swift-lm/Libraries/MLXLLM/Models/Gemma.swift,C-dependency,237,Low,dependency-watch,dependency-watch,Low,Dependency source reviewed as vendor-owned; no app-actionable finding recorded unless surfaced separately.,Track upstream version/deprecation state; avoid local vendored edits unless app-blocking.,Build College scheme; run relevant tests/smoke path.
4,390,SourcePackages/checkouts/mlx-swift-lm/Libraries/MLXLLM/Models/Gemma2.swift,C-dependency,279,Low,dependency-watch,dependency-watch,Low,Dependency source reviewed as vendor-owned; no app-actionable finding recorded unless surfaced separately.,Track upstream version/deprecation state; avoid local vendored edits unless app-blocking.,Build College scheme; run relevant tests/smoke path.
4,391,SourcePackages/checkouts/mlx-swift-lm/Libraries/MLXLLM/Models/Gemma3Text.swift,C-dependency,433,Low,dependency-watch,dependency-watch,Low,Dependency source reviewed as vendor-owned; no app-actionable finding recorded unless surfaced separately.,Track upstream version/deprecation state; avoid local vendored edits unless app-blocking.,Build College scheme; run relevant tests/smoke path.
4,392,SourcePackages/checkouts/mlx-swift-lm/Libraries/MLXLLM/Models/Gemma3nText.swift,C-dependency,1040,Low,dependency-watch,dependency-watch,Low,Dependency source reviewed as vendor-owned; no app-actionable finding recorded unless surfaced separately.,Track upstream version/deprecation state; avoid local vendored edits unless app-blocking.,Build College scheme; run relevant tests/smoke path.
4,393,SourcePackages/checkouts/mlx-swift-lm/Libraries/MLXLLM/Models/Granite.swift,C-dependency,287,Low,dependency-watch,dependency-watch,Low,Dependency source reviewed as vendor-owned; no app-actionable finding recorded unless surfaced separately.,Track upstream version/deprecation state; avoid local vendored edits unless app-blocking.,Build College scheme; run relevant tests/smoke path.
4,394,SourcePackages/checkouts/mlx-swift-lm/Libraries/MLXLLM/Models/GraniteMoeHybrid.swift,C-dependency,711,Low,dependency-watch,dependency-watch,Low,Dependency source reviewed as vendor-owned; no app-actionable finding recorded unless surfaced separately.,Track upstream version/deprecation state; avoid local vendored edits unless app-blocking.,Build College scheme; run relevant tests/smoke path.
4,395,SourcePackages/checkouts/mlx-swift-lm/Libraries/MLXLLM/Models/Internlm2.swift,C-dependency,328,Low,dependency-watch,dependency-watch,Low,Dependency source reviewed as vendor-owned; no app-actionable finding recorded unless surfaced separately.,Track upstream version/deprecation state; avoid local vendored edits unless app-blocking.,Build College scheme; run relevant tests/smoke path.
4,396,SourcePackages/checkouts/mlx-swift-lm/Libraries/MLXLLM/Models/Jamba.swift,C-dependency,581,Low,dependency-watch,dependency-watch,Low,Dependency source reviewed as vendor-owned; no app-actionable finding recorded unless surfaced separately.,Track upstream version/deprecation state; avoid local vendored edits unless app-blocking.,Build College scheme; run relevant tests/smoke path.
4,397,SourcePackages/checkouts/mlx-swift-lm/Libraries/MLXLLM/Models/LFM2.swift,C-dependency,411,Low,dependency-watch,dependency-watch,Low,Dependency source reviewed as vendor-owned; no app-actionable finding recorded unless surfaced separately.,Track upstream version/deprecation state; avoid local vendored edits unless app-blocking.,Build College scheme; run relevant tests/smoke path.
4,398,SourcePackages/checkouts/mlx-swift-lm/Libraries/MLXLLM/Models/LFM2MoE.swift,C-dependency,497,Low,dependency-watch,dependency-watch,Low,Dependency source reviewed as vendor-owned; no app-actionable finding recorded unless surfaced separately.,Track upstream version/deprecation state; avoid local vendored edits unless app-blocking.,Build College scheme; run relevant tests/smoke path.
4,399,SourcePackages/checkouts/mlx-swift-lm/Libraries/MLXLLM/Models/Lille130m.swift,C-dependency,247,Low,dependency-watch,dependency-watch,Low,Dependency source reviewed as vendor-owned; no app-actionable finding recorded unless surfaced separately.,Track upstream version/deprecation state; avoid local vendored edits unless app-blocking.,Build College scheme; run relevant tests/smoke path.
4,400,SourcePackages/checkouts/mlx-swift-lm/Libraries/MLXLLM/Models/Llama.swift,C-dependency,476,Low,dependency-watch,dependency-watch,Low,Dependency source reviewed as vendor-owned; no app-actionable finding recorded unless surfaced separately.,Track upstream version/deprecation state; avoid local vendored edits unless app-blocking.,Build College scheme; run relevant tests/smoke path.
4,401,SourcePackages/checkouts/mlx-swift-lm/Libraries/MLXLLM/Models/MiMo.swift,C-dependency,276,Low,dependency-watch,dependency-watch,Low,Dependency source reviewed as vendor-owned; no app-actionable finding recorded unless surfaced separately.,Track upstream version/deprecation state; avoid local vendored edits unless app-blocking.,Build College scheme; run relevant tests/smoke path.
4,402,SourcePackages/checkouts/mlx-swift-lm/Libraries/MLXLLM/Models/MiniCPM.swift,C-dependency,265,Low,dependency-watch,dependency-watch,Low,Dependency source reviewed as vendor-owned; no app-actionable finding recorded unless surfaced separately.,Track upstream version/deprecation state; avoid local vendored edits unless app-blocking.,Build College scheme; run relevant tests/smoke path.
4,403,SourcePackages/checkouts/mlx-swift-lm/Libraries/MLXLLM/Models/Mistral3Text.swift,C-dependency,492,Low,dependency-watch,dependency-watch,Low,Dependency source reviewed as vendor-owned; no app-actionable finding recorded unless surfaced separately.,Track upstream version/deprecation state; avoid local vendored edits unless app-blocking.,Build College scheme; run relevant tests/smoke path.
4,404,SourcePackages/checkouts/mlx-swift-lm/Libraries/MLXLLM/Models/NanoChat.swift,C-dependency,282,Low,dependency-watch,dependency-watch,Low,Dependency source reviewed as vendor-owned; no app-actionable finding recorded unless surfaced separately.,Track upstream version/deprecation state; avoid local vendored edits unless app-blocking.,Build College scheme; run relevant tests/smoke path.
4,405,SourcePackages/checkouts/mlx-swift-lm/Libraries/MLXLLM/Models/NemotronH.swift,C-dependency,1003,Low,dependency-watch,dependency-watch,Low,Dependency source reviewed as vendor-owned; no app-actionable finding recorded unless surfaced separately.,Track upstream version/deprecation state; avoid local vendored edits unless app-blocking.,Build College scheme; run relevant tests/smoke path.
4,406,SourcePackages/checkouts/mlx-swift-lm/Libraries/MLXLLM/Models/Olmo2.swift,C-dependency,422,Low,dependency-watch,dependency-watch,Low,Dependency source reviewed as vendor-owned; no app-actionable finding recorded unless surfaced separately.,Track upstream version/deprecation state; avoid local vendored edits unless app-blocking.,Build College scheme; run relevant tests/smoke path.
4,407,SourcePackages/checkouts/mlx-swift-lm/Libraries/MLXLLM/Models/Olmo3.swift,C-dependency,332,Low,dependency-watch,dependency-watch,Low,Dependency source reviewed as vendor-owned; no app-actionable finding recorded unless surfaced separately.,Track upstream version/deprecation state; avoid local vendored edits unless app-blocking.,Build College scheme; run relevant tests/smoke path.
4,408,SourcePackages/checkouts/mlx-swift-lm/Libraries/MLXLLM/Models/OlmoE.swift,C-dependency,467,Low,dependency-watch,dependency-watch,Low,Dependency source reviewed as vendor-owned; no app-actionable finding recorded unless surfaced separately.,Track upstream version/deprecation state; avoid local vendored edits unless app-blocking.,Build College scheme; run relevant tests/smoke path.
4,409,SourcePackages/checkouts/mlx-swift-lm/Libraries/MLXLLM/Models/OpenELM.swift,C-dependency,309,Low,dependency-watch,dependency-watch,Low,Dependency source reviewed as vendor-owned; no app-actionable finding recorded unless surfaced separately.,Track upstream version/deprecation state; avoid local vendored edits unless app-blocking.,Build College scheme; run relevant tests/smoke path.
4,410,SourcePackages/checkouts/mlx-swift-lm/Libraries/MLXLLM/Models/Phi.swift,C-dependency,243,Low,dependency-watch,dependency-watch,Low,Dependency source reviewed as vendor-owned; no app-actionable finding recorded unless surfaced separately.,Track upstream version/deprecation state; avoid local vendored edits unless app-blocking.,Build College scheme; run relevant tests/smoke path.
4,411,SourcePackages/checkouts/mlx-swift-lm/Libraries/MLXLLM/Models/Phi3.swift,C-dependency,327,Low,dependency-watch,dependency-watch,Low,Dependency source reviewed as vendor-owned; no app-actionable finding recorded unless surfaced separately.,Track upstream version/deprecation state; avoid local vendored edits unless app-blocking.,Build College scheme; run relevant tests/smoke path.
4,412,SourcePackages/checkouts/mlx-swift-lm/Libraries/MLXLLM/Models/PhiMoE.swift,C-dependency,270,Low,dependency-watch,dependency-watch,Low,Dependency source reviewed as vendor-owned; no app-actionable finding recorded unless surfaced separately.,Track upstream version/deprecation state; avoid local vendored edits unless app-blocking.,Build College scheme; run relevant tests/smoke path.
4,413,SourcePackages/checkouts/mlx-swift-lm/Libraries/MLXLLM/Models/Qwen2.swift,C-dependency,281,Low,dependency-watch,dependency-watch,Low,Dependency source reviewed as vendor-owned; no app-actionable finding recorded unless surfaced separately.,Track upstream version/deprecation state; avoid local vendored edits unless app-blocking.,Build College scheme; run relevant tests/smoke path.
4,414,SourcePackages/checkouts/mlx-swift-lm/Libraries/MLXLLM/Models/Qwen3.swift,C-dependency,289,Low,dependency-watch,dependency-watch,Low,Dependency source reviewed as vendor-owned; no app-actionable finding recorded unless surfaced separately.,Track upstream version/deprecation state; avoid local vendored edits unless app-blocking.,Build College scheme; run relevant tests/smoke path.
4,415,SourcePackages/checkouts/mlx-swift-lm/Libraries/MLXLLM/Models/Qwen3MoE.swift,C-dependency,364,Low,dependency-watch,dependency-watch,Low,Dependency source reviewed as vendor-owned; no app-actionable finding recorded unless surfaced separately.,Track upstream version/deprecation state; avoid local vendored edits unless app-blocking.,Build College scheme; run relevant tests/smoke path.
4,416,SourcePackages/checkouts/mlx-swift-lm/Libraries/MLXLLM/Models/Qwen3Next.swift,C-dependency,800,Low,dependency-watch,dependency-watch,Low,Dependency source reviewed as vendor-owned; no app-actionable finding recorded unless surfaced separately.,Track upstream version/deprecation state; avoid local vendored edits unless app-blocking.,Build College scheme; run relevant tests/smoke path.
4,417,SourcePackages/checkouts/mlx-swift-lm/Libraries/MLXLLM/Models/SSM.swift,C-dependency,237,Low,dependency-watch,dependency-watch,Low,Dependency source reviewed as vendor-owned; no app-actionable finding recorded unless surfaced separately.,Track upstream version/deprecation state; avoid local vendored edits unless app-blocking.,Build College scheme; run relevant tests/smoke path.
4,418,SourcePackages/checkouts/mlx-swift-lm/Libraries/MLXLLM/Models/SmolLM3.swift,C-dependency,375,Low,dependency-watch,dependency-watch,Low,Dependency source reviewed as vendor-owned; no app-actionable finding recorded unless surfaced separately.,Track upstream version/deprecation state; avoid local vendored edits unless app-blocking.,Build College scheme; run relevant tests/smoke path.
4,419,SourcePackages/checkouts/mlx-swift-lm/Libraries/MLXLLM/Models/Starcoder2.swift,C-dependency,258,Low,dependency-watch,dependency-watch,Low,Dependency source reviewed as vendor-owned; no app-actionable finding recorded unless surfaced separately.,Track upstream version/deprecation state; avoid local vendored edits unless app-blocking.,Build College scheme; run relevant tests/smoke path.
4,420,SourcePackages/checkouts/mlx-swift-lm/Libraries/MLXLMCommon/Adapters/LoRA/DoRA+Layers.swift,C-dependency,182,Low,dependency-watch,dependency-watch,Low,Dependency source reviewed as vendor-owned; no app-actionable finding recorded unless surfaced separately.,Track upstream version/deprecation state; avoid local vendored edits unless app-blocking.,Build College scheme; run relevant tests/smoke path.
4,421,SourcePackages/checkouts/mlx-swift-lm/Libraries/MLXLMCommon/Adapters/LoRA/LoRA+Layers.swift,C-dependency,189,Low,dependency-watch,dependency-watch,Low,Dependency source reviewed as vendor-owned; no app-actionable finding recorded unless surfaced separately.,Track upstream version/deprecation state; avoid local vendored edits unless app-blocking.,Build College scheme; run relevant tests/smoke path.
4,422,SourcePackages/checkouts/mlx-swift-lm/Libraries/MLXLMCommon/Adapters/LoRA/LoRAContainer.swift,C-dependency,232,Low,dependency-watch,dependency-watch,Low,Dependency source reviewed as vendor-owned; no app-actionable finding recorded unless surfaced separately.,Track upstream version/deprecation state; avoid local vendored edits unless app-blocking.,Build College scheme; run relevant tests/smoke path.
4,423,SourcePackages/checkouts/mlx-swift-lm/Libraries/MLXLMCommon/Adapters/LoRA/LoRAModel.swift,C-dependency,85,Low,dependency-watch,dependency-watch,Low,Dependency source reviewed as vendor-owned; no app-actionable finding recorded unless surfaced separately.,Track upstream version/deprecation state; avoid local vendored edits unless app-blocking.,Build College scheme; run relevant tests/smoke path.
4,424,SourcePackages/checkouts/mlx-swift-lm/Libraries/MLXLMCommon/Adapters/ModelAdapter.swift,C-dependency,116,Low,dependency-watch,dependency-watch,Low,Dependency source reviewed as vendor-owned; no app-actionable finding recorded unless surfaced separately.,Track upstream version/deprecation state; avoid local vendored edits unless app-blocking.,Build College scheme; run relevant tests/smoke path.
4,425,SourcePackages/checkouts/mlx-swift-lm/Libraries/MLXLMCommon/Adapters/ModelAdapterFactory.swift,C-dependency,89,Low,dependency-watch,dependency-watch,Low,Dependency source reviewed as vendor-owned; no app-actionable finding recorded unless surfaced separately.,Track upstream version/deprecation state; avoid local vendored edits unless app-blocking.,Build College scheme; run relevant tests/smoke path.
4,426,SourcePackages/checkouts/mlx-swift-lm/Libraries/MLXLMCommon/Adapters/ModelAdapterTypeRegistry.swift,C-dependency,46,Low,dependency-watch,dependency-watch,Low,Dependency source reviewed as vendor-owned; no app-actionable finding recorded unless surfaced separately.,Track upstream version/deprecation state; avoid local vendored edits unless app-blocking.,Build College scheme; run relevant tests/smoke path.
4,427,SourcePackages/checkouts/mlx-swift-lm/Libraries/MLXLMCommon/AttentionUtils.swift,C-dependency,77,Low,dependency-watch,dependency-watch,Low,Dependency source reviewed as vendor-owned; no app-actionable finding recorded unless surfaced separately.,Track upstream version/deprecation state; avoid local vendored edits unless app-blocking.,Build College scheme; run relevant tests/smoke path.
4,428,SourcePackages/checkouts/mlx-swift-lm/Libraries/MLXLMCommon/BaseConfiguration.swift,C-dependency,169,Low,dependency-watch,dependency-watch,Low,Dependency source reviewed as vendor-owned; no app-actionable finding recorded unless surfaced separately.,Track upstream version/deprecation state; avoid local vendored edits unless app-blocking.,Build College scheme; run relevant tests/smoke path.
4,429,SourcePackages/checkouts/mlx-swift-lm/Libraries/MLXLMCommon/Chat.swift,C-dependency,150,Low,dependency-watch,dependency-watch,Low,Dependency source reviewed as vendor-owned; no app-actionable finding recorded unless surfaced separately.,Track upstream version/deprecation state; avoid local vendored edits unless app-blocking.,Build College scheme; run relevant tests/smoke path.
4,430,SourcePackages/checkouts/mlx-swift-lm/Libraries/MLXLMCommon/ChatSession.swift,C-dependency,359,Low,dependency-watch,dependency-watch,Low,Dependency source reviewed as vendor-owned; no app-actionable finding recorded unless surfaced separately.,Track upstream version/deprecation state; avoid local vendored edits unless app-blocking.,Build College scheme; run relevant tests/smoke path.
4,431,SourcePackages/checkouts/mlx-swift-lm/Libraries/MLXLMCommon/Evaluate.swift,C-dependency,1046,Low,dependency-watch,dependency-watch,Low,Dependency source reviewed as vendor-owned; no app-actionable finding recorded unless surfaced separately.,Track upstream version/deprecation state; avoid local vendored edits unless app-blocking.,Build College scheme; run relevant tests/smoke path.
4,432,SourcePackages/checkouts/mlx-swift-lm/Libraries/MLXLMCommon/Extensions/Encodable+toolResult.swift,C-dependency,14,Low,dependency-watch,dependency-watch,Low,Dependency source reviewed as vendor-owned; no app-actionable finding recorded unless surfaced separately.,Track upstream version/deprecation state; avoid local vendored edits unless app-blocking.,Build College scheme; run relevant tests/smoke path.
4,433,SourcePackages/checkouts/mlx-swift-lm/Libraries/MLXLMCommon/GenerationConfigFile.swift,C-dependency,16,Low,dependency-watch,dependency-watch,Low,Dependency source reviewed as vendor-owned; no app-actionable finding recorded unless surfaced separately.,Track upstream version/deprecation state; avoid local vendored edits unless app-blocking.,Build College scheme; run relevant tests/smoke path.
4,434,SourcePackages/checkouts/mlx-swift-lm/Libraries/MLXLMCommon/InterpolationUtils.swift,C-dependency,454,Low,dependency-watch,dependency-watch,Low,Dependency source reviewed as vendor-owned; no app-actionable finding recorded unless surfaced separately.,Track upstream version/deprecation state; avoid local vendored edits unless app-blocking.,Build College scheme; run relevant tests/smoke path.
4,435,SourcePackages/checkouts/mlx-swift-lm/Libraries/MLXLMCommon/JSONDecodingTypes.swift,C-dependency,148,Low,dependency-watch,dependency-watch,Low,Dependency source reviewed as vendor-owned; no app-actionable finding recorded unless surfaced separately.,Track upstream version/deprecation state; avoid local vendored edits unless app-blocking.,Build College scheme; run relevant tests/smoke path.
4,436,SourcePackages/checkouts/mlx-swift-lm/Libraries/MLXLMCommon/KVCache.swift,C-dependency,1585,Low,dependency-watch,dependency-watch,Low,Dependency source reviewed as vendor-owned; no app-actionable finding recorded unless surfaced separately.,Track upstream version/deprecation state; avoid local vendored edits unless app-blocking.,Build College scheme; run relevant tests/smoke path.
4,437,SourcePackages/checkouts/mlx-swift-lm/Libraries/MLXLMCommon/LanguageModel.swift,C-dependency,219,Low,dependency-watch,dependency-watch,Low,Dependency source reviewed as vendor-owned; no app-actionable finding recorded unless surfaced separately.,Track upstream version/deprecation state; avoid local vendored edits unless app-blocking.,Build College scheme; run relevant tests/smoke path.
4,438,SourcePackages/checkouts/mlx-swift-lm/Libraries/MLXLMCommon/Load.swift,C-dependency,105,Low,dependency-watch,dependency-watch,Low,Dependency source reviewed as vendor-owned; no app-actionable finding recorded unless surfaced separately.,Track upstream version/deprecation state; avoid local vendored edits unless app-blocking.,Build College scheme; run relevant tests/smoke path.
4,439,SourcePackages/checkouts/mlx-swift-lm/Libraries/MLXLMCommon/ModelConfiguration.swift,C-dependency,109,Low,dependency-watch,dependency-watch,Low,Dependency source reviewed as vendor-owned; no app-actionable finding recorded unless surfaced separately.,Track upstream version/deprecation state; avoid local vendored edits unless app-blocking.,Build College scheme; run relevant tests/smoke path.
4,440,SourcePackages/checkouts/mlx-swift-lm/Libraries/MLXLMCommon/ModelContainer.swift,C-dependency,207,Low,dependency-watch,dependency-watch,Low,Dependency source reviewed as vendor-owned; no app-actionable finding recorded unless surfaced separately.,Track upstream version/deprecation state; avoid local vendored edits unless app-blocking.,Build College scheme; run relevant tests/smoke path.
4,441,SourcePackages/checkouts/mlx-swift-lm/Libraries/MLXLMCommon/ModelFactory.swift,C-dependency,388,Low,dependency-watch,dependency-watch,Low,Dependency source reviewed as vendor-owned; no app-actionable finding recorded unless surfaced separately.,Track upstream version/deprecation state; avoid local vendored edits unless app-blocking.,Build College scheme; run relevant tests/smoke path.
4,442,SourcePackages/checkouts/mlx-swift-lm/Libraries/MLXLMCommon/Models/Gemma.swift,C-dependency,41,Low,dependency-watch,dependency-watch,Low,Dependency source reviewed as vendor-owned; no app-actionable finding recorded unless surfaced separately.,Track upstream version/deprecation state; avoid local vendored edits unless app-blocking.,Build College scheme; run relevant tests/smoke path.
4,443,SourcePackages/checkouts/mlx-swift-lm/Libraries/MLXLMCommon/Module+Extensions.swift,C-dependency,24,Low,dependency-watch,dependency-watch,Low,Dependency source reviewed as vendor-owned; no app-actionable finding recorded unless surfaced separately.,Track upstream version/deprecation state; avoid local vendored edits unless app-blocking.,Build College scheme; run relevant tests/smoke path.
4,444,SourcePackages/checkouts/mlx-swift-lm/Libraries/MLXLMCommon/Registries/AbstractModelRegistry.swift,C-dependency,54,Low,dependency-watch,dependency-watch,Low,Dependency source reviewed as vendor-owned; no app-actionable finding recorded unless surfaced separately.,Track upstream version/deprecation state; avoid local vendored edits unless app-blocking.,Build College scheme; run relevant tests/smoke path.
4,445,SourcePackages/checkouts/mlx-swift-lm/Libraries/MLXLMCommon/Registries/ModelTypeRegistry.swift,C-dependency,35,Low,dependency-watch,dependency-watch,Low,Dependency source reviewed as vendor-owned; no app-actionable finding recorded unless surfaced separately.,Track upstream version/deprecation state; avoid local vendored edits unless app-blocking.,Build College scheme; run relevant tests/smoke path.
4,446,SourcePackages/checkouts/mlx-swift-lm/Libraries/MLXLMCommon/Registries/ProcessorTypeRegistry.swift,C-dependency,42,Low,dependency-watch,dependency-watch,Low,Dependency source reviewed as vendor-owned; no app-actionable finding recorded unless surfaced separately.,Track upstream version/deprecation state; avoid local vendored edits unless app-blocking.,Build College scheme; run relevant tests/smoke path.
4,447,SourcePackages/checkouts/mlx-swift-lm/Libraries/MLXLMCommon/RoPEUtils.swift,C-dependency,276,Low,dependency-watch,dependency-watch,Low,Dependency source reviewed as vendor-owned; no app-actionable finding recorded unless surfaced separately.,Track upstream version/deprecation state; avoid local vendored edits unless app-blocking.,Build College scheme; run relevant tests/smoke path.
4,448,SourcePackages/checkouts/mlx-swift-lm/Libraries/MLXLMCommon/SuScaledRoPE.swift,C-dependency,75,Low,dependency-watch,dependency-watch,Low,Dependency source reviewed as vendor-owned; no app-actionable finding recorded unless surfaced separately.,Track upstream version/deprecation state; avoid local vendored edits unless app-blocking.,Build College scheme; run relevant tests/smoke path.
4,449,SourcePackages/checkouts/mlx-swift-lm/Libraries/MLXLMCommon/SwitchLayers.swift,C-dependency,200,Low,dependency-watch,dependency-watch,Low,Dependency source reviewed as vendor-owned; no app-actionable finding recorded unless surfaced separately.,Track upstream version/deprecation state; avoid local vendored edits unless app-blocking.,Build College scheme; run relevant tests/smoke path.
4,450,SourcePackages/checkouts/mlx-swift-lm/Libraries/MLXLMCommon/Tokenizer.swift,C-dependency,157,Low,dependency-watch,dependency-watch,Low,Dependency source reviewed as vendor-owned; no app-actionable finding recorded unless surfaced separately.,Track upstream version/deprecation state; avoid local vendored edits unless app-blocking.,Build College scheme; run relevant tests/smoke path.
4,451,SourcePackages/checkouts/mlx-swift-lm/Libraries/MLXLMCommon/Tool/Parsers/GLM4ToolCallParser.swift,C-dependency,72,Low,dependency-watch,dependency-watch,Low,Dependency source reviewed as vendor-owned; no app-actionable finding recorded unless surfaced separately.,Track upstream version/deprecation state; avoid local vendored edits unless app-blocking.,Build College scheme; run relevant tests/smoke path.
4,452,SourcePackages/checkouts/mlx-swift-lm/Libraries/MLXLMCommon/Tool/Parsers/GemmaFunctionParser.swift,C-dependency,83,Low,dependency-watch,dependency-watch,Low,Dependency source reviewed as vendor-owned; no app-actionable finding recorded unless surfaced separately.,Track upstream version/deprecation state; avoid local vendored edits unless app-blocking.,Build College scheme; run relevant tests/smoke path.
4,453,SourcePackages/checkouts/mlx-swift-lm/Libraries/MLXLMCommon/Tool/Parsers/JSONToolCallParser.swift,C-dependency,38,Low,dependency-watch,dependency-watch,Low,Dependency source reviewed as vendor-owned; no app-actionable finding recorded unless surfaced separately.,Track upstream version/deprecation state; avoid local vendored edits unless app-blocking.,Build College scheme; run relevant tests/smoke path.
4,454,SourcePackages/checkouts/mlx-swift-lm/Libraries/MLXLMCommon/Tool/Parsers/KimiK2ToolCallParser.swift,C-dependency,62,Low,dependency-watch,dependency-watch,Low,Dependency source reviewed as vendor-owned; no app-actionable finding recorded unless surfaced separately.,Track upstream version/deprecation state; avoid local vendored edits unless app-blocking.,Build College scheme; run relevant tests/smoke path.
4,455,SourcePackages/checkouts/mlx-swift-lm/Libraries/MLXLMCommon/Tool/Parsers/MiniMaxM2ToolCallParser.swift,C-dependency,81,Low,dependency-watch,dependency-watch,Low,Dependency source reviewed as vendor-owned; no app-actionable finding recorded unless surfaced separately.,Track upstream version/deprecation state; avoid local vendored edits unless app-blocking.,Build College scheme; run relevant tests/smoke path.
4,456,SourcePackages/checkouts/mlx-swift-lm/Libraries/MLXLMCommon/Tool/Parsers/ParserUtilities.swift,C-dependency,243,Low,dependency-watch,dependency-watch,Low,Dependency source reviewed as vendor-owned; no app-actionable finding recorded unless surfaced separately.,Track upstream version/deprecation state; avoid local vendored edits unless app-blocking.,Build College scheme; run relevant tests/smoke path.
4,457,SourcePackages/checkouts/mlx-swift-lm/Libraries/MLXLMCommon/Tool/Parsers/XMLFunctionParser.swift,C-dependency,69,Low,dependency-watch,dependency-watch,Low,Dependency source reviewed as vendor-owned; no app-actionable finding recorded unless surfaced separately.,Track upstream version/deprecation state; avoid local vendored edits unless app-blocking.,Build College scheme; run relevant tests/smoke path.
4,458,SourcePackages/checkouts/mlx-swift-lm/Libraries/MLXLMCommon/Tool/Tool.swift,C-dependency,63,Low,dependency-watch,dependency-watch,Low,Dependency source reviewed as vendor-owned; no app-actionable finding recorded unless surfaced separately.,Track upstream version/deprecation state; avoid local vendored edits unless app-blocking.,Build College scheme; run relevant tests/smoke path.
4,459,SourcePackages/checkouts/mlx-swift-lm/Libraries/MLXLMCommon/Tool/ToolCall.swift,C-dependency,57,Low,dependency-watch,dependency-watch,Low,Dependency source reviewed as vendor-owned; no app-actionable finding recorded unless surfaced separately.,Track upstream version/deprecation state; avoid local vendored edits unless app-blocking.,Build College scheme; run relevant tests/smoke path.
4,460,SourcePackages/checkouts/mlx-swift-lm/Libraries/MLXLMCommon/Tool/ToolCallFormat.swift,C-dependency,111,Low,dependency-watch,dependency-watch,Low,Dependency source reviewed as vendor-owned; no app-actionable finding recorded unless surfaced separately.,Track upstream version/deprecation state; avoid local vendored edits unless app-blocking.,Build College scheme; run relevant tests/smoke path.
4,461,SourcePackages/checkouts/mlx-swift-lm/Libraries/MLXLMCommon/Tool/ToolCallProcessor.swift,C-dependency,200,Low,dependency-watch,dependency-watch,Low,Dependency source reviewed as vendor-owned; no app-actionable finding recorded unless surfaced separately.,Track upstream version/deprecation state; avoid local vendored edits unless app-blocking.,Build College scheme; run relevant tests/smoke path.
4,462,SourcePackages/checkouts/mlx-swift-lm/Libraries/MLXLMCommon/Tool/ToolParameter.swift,C-dependency,85,Low,dependency-watch,dependency-watch,Low,Dependency source reviewed as vendor-owned; no app-actionable finding recorded unless surfaced separately.,Track upstream version/deprecation state; avoid local vendored edits unless app-blocking.,Build College scheme; run relevant tests/smoke path.
4,463,SourcePackages/checkouts/mlx-swift-lm/Libraries/MLXLMCommon/Tool/Value.swift,C-dependency,131,Low,dependency-watch,dependency-watch,Low,Dependency source reviewed as vendor-owned; no app-actionable finding recorded unless surfaced separately.,Track upstream version/deprecation state; avoid local vendored edits unless app-blocking.,Build College scheme; run relevant tests/smoke path.
4,464,SourcePackages/checkouts/mlx-swift-lm/Libraries/MLXLMCommon/UserInput.swift,C-dependency,365,Low,dependency-watch,dependency-watch,Low,Dependency source reviewed as vendor-owned; no app-actionable finding recorded unless surfaced separately.,Track upstream version/deprecation state; avoid local vendored edits unless app-blocking.,Build College scheme; run relevant tests/smoke path.
4,465,SourcePackages/checkouts/mlx-swift-lm/Libraries/MLXLMCommon/Utilities/SerialAccessContainer.swift,C-dependency,118,Low,dependency-watch,dependency-watch,Low,Dependency source reviewed as vendor-owned; no app-actionable finding recorded unless surfaced separately.,Track upstream version/deprecation state; avoid local vendored edits unless app-blocking.,Build College scheme; run relevant tests/smoke path.
4,466,SourcePackages/checkouts/mlx-swift-lm/Libraries/MLXVLM/MediaProcessing.swift,C-dependency,562,Low,dependency-watch,dependency-watch,Low,Dependency source reviewed as vendor-owned; no app-actionable finding recorded unless surfaced separately.,Track upstream version/deprecation state; avoid local vendored edits unless app-blocking.,Build College scheme; run relevant tests/smoke path.
4,467,SourcePackages/checkouts/mlx-swift-lm/Libraries/MLXVLM/Models/FastVLM.swift,C-dependency,1183,Low,dependency-watch,dependency-watch,Low,Dependency source reviewed as vendor-owned; no app-actionable finding recorded unless surfaced separately.,Track upstream version/deprecation state; avoid local vendored edits unless app-blocking.,Build College scheme; run relevant tests/smoke path.
4,468,SourcePackages/checkouts/mlx-swift-lm/Libraries/MLXVLM/Models/Gemma3.swift,C-dependency,1178,Low,dependency-watch,dependency-watch,Low,Dependency source reviewed as vendor-owned; no app-actionable finding recorded unless surfaced separately.,Track upstream version/deprecation state; avoid local vendored edits unless app-blocking.,Build College scheme; run relevant tests/smoke path.
4,469,SourcePackages/checkouts/mlx-swift-lm/Libraries/MLXVLM/Models/Idefics3.swift,C-dependency,900,Low,dependency-watch,dependency-watch,Low,Dependency source reviewed as vendor-owned; no app-actionable finding recorded unless surfaced separately.,Track upstream version/deprecation state; avoid local vendored edits unless app-blocking.,Build College scheme; run relevant tests/smoke path.
4,470,SourcePackages/checkouts/mlx-swift-lm/Libraries/MLXVLM/Models/LFM2VL.swift,C-dependency,1283,Low,dependency-watch,dependency-watch,Low,Dependency source reviewed as vendor-owned; no app-actionable finding recorded unless surfaced separately.,Track upstream version/deprecation state; avoid local vendored edits unless app-blocking.,Build College scheme; run relevant tests/smoke path.
4,471,SourcePackages/checkouts/mlx-swift-lm/Libraries/MLXVLM/Models/Mistral3.swift,C-dependency,1108,Low,dependency-watch,dependency-watch,Low,Dependency source reviewed as vendor-owned; no app-actionable finding recorded unless surfaced separately.,Track upstream version/deprecation state; avoid local vendored edits unless app-blocking.,Build College scheme; run relevant tests/smoke path.
4,472,SourcePackages/checkouts/mlx-swift-lm/Libraries/MLXVLM/Models/Paligemma.swift,C-dependency,738,Low,dependency-watch,dependency-watch,Low,Dependency source reviewed as vendor-owned; no app-actionable finding recorded unless surfaced separately.,Track upstream version/deprecation state; avoid local vendored edits unless app-blocking.,Build College scheme; run relevant tests/smoke path.
4,473,SourcePackages/checkouts/mlx-swift-lm/Libraries/MLXVLM/Models/Pixtral.swift,C-dependency,1136,Low,dependency-watch,dependency-watch,Low,Dependency source reviewed as vendor-owned; no app-actionable finding recorded unless surfaced separately.,Track upstream version/deprecation state; avoid local vendored edits unless app-blocking.,Build College scheme; run relevant tests/smoke path.
4,474,SourcePackages/checkouts/mlx-swift-lm/Libraries/MLXVLM/Models/Qwen25VL.swift,C-dependency,1098,Low,dependency-watch,dependency-watch,Low,Dependency source reviewed as vendor-owned; no app-actionable finding recorded unless surfaced separately.,Track upstream version/deprecation state; avoid local vendored edits unless app-blocking.,Build College scheme; run relevant tests/smoke path.
4,475,SourcePackages/checkouts/mlx-swift-lm/Libraries/MLXVLM/Models/Qwen2VL.swift,C-dependency,926,Low,dependency-watch,dependency-watch,Low,Dependency source reviewed as vendor-owned; no app-actionable finding recorded unless surfaced separately.,Track upstream version/deprecation state; avoid local vendored edits unless app-blocking.,Build College scheme; run relevant tests/smoke path.
4,476,SourcePackages/checkouts/mlx-swift-lm/Libraries/MLXVLM/Models/Qwen3VL.swift,C-dependency,1766,Low,dependency-watch,dependency-watch,Low,Dependency source reviewed as vendor-owned; no app-actionable finding recorded unless surfaced separately.,Track upstream version/deprecation state; avoid local vendored edits unless app-blocking.,Build College scheme; run relevant tests/smoke path.
4,477,SourcePackages/checkouts/mlx-swift-lm/Libraries/MLXVLM/Models/QwenVL.swift,C-dependency,258,Low,dependency-watch,dependency-watch,Low,Dependency source reviewed as vendor-owned; no app-actionable finding recorded unless surfaced separately.,Track upstream version/deprecation state; avoid local vendored edits unless app-blocking.,Build College scheme; run relevant tests/smoke path.
4,478,SourcePackages/checkouts/mlx-swift-lm/Libraries/MLXVLM/Models/SmolVLM2.swift,C-dependency,363,Low,dependency-watch,dependency-watch,Low,Dependency source reviewed as vendor-owned; no app-actionable finding recorded unless surfaced separately.,Track upstream version/deprecation state; avoid local vendored edits unless app-blocking.,Build College scheme; run relevant tests/smoke path.
4,479,SourcePackages/checkouts/mlx-swift-lm/Libraries/MLXVLM/VLMModel.swift,C-dependency,7,Low,dependency-watch,dependency-watch,Low,Dependency source reviewed as vendor-owned; no app-actionable finding recorded unless surfaced separately.,Track upstream version/deprecation state; avoid local vendored edits unless app-blocking.,Build College scheme; run relevant tests/smoke path.
4,480,SourcePackages/checkouts/mlx-swift-lm/Libraries/MLXVLM/VLMModelFactory.swift,C-dependency,396,Low,dependency-watch,dependency-watch,Low,Dependency source reviewed as vendor-owned; no app-actionable finding recorded unless surfaced separately.,Track upstream version/deprecation state; avoid local vendored edits unless app-blocking.,Build College scheme; run relevant tests/smoke path.
4,481,SourcePackages/checkouts/mlx-swift-lm/Package.swift,C-dependency,160,Low,dependency-watch,dependency-watch,Low,Dependency source reviewed as vendor-owned; no app-actionable finding recorded unless surfaced separately.,Track upstream version/deprecation state; avoid local vendored edits unless app-blocking.,Build College scheme; run relevant tests/smoke path.
4,482,SourcePackages/checkouts/mlx-swift-lm/Tests/Benchmarks/ModelLoadingBenchmarks.swift,C-dependency,112,Low,dependency-watch,dependency-watch,Low,Dependency source reviewed as vendor-owned; no app-actionable finding recorded unless surfaced separately.,Track upstream version/deprecation state; avoid local vendored edits unless app-blocking.,Build College scheme; run relevant tests/smoke path.
4,483,SourcePackages/checkouts/mlx-swift-lm/Tests/MLXLMIntegrationTests/ChatSessionIntegrationTests.swift,C-dependency,114,Low,dependency-watch,dependency-watch,Low,Dependency source reviewed as vendor-owned; no app-actionable finding recorded unless surfaced separately.,Track upstream version/deprecation state; avoid local vendored edits unless app-blocking.,Build College scheme; run relevant tests/smoke path.
4,484,SourcePackages/checkouts/mlx-swift-lm/Tests/MLXLMIntegrationTests/ToolCallIntegrationTests.swift,C-dependency,246,Low,dependency-watch,dependency-watch,Low,Dependency source reviewed as vendor-owned; no app-actionable finding recorded unless surfaced separately.,Track upstream version/deprecation state; avoid local vendored edits unless app-blocking.,Build College scheme; run relevant tests/smoke path.
4,485,SourcePackages/checkouts/mlx-swift-lm/Tests/MLXLMTests/BaseConfigurationTests.swift,C-dependency,73,Low,dependency-watch,dependency-watch,Low,Dependency source reviewed as vendor-owned; no app-actionable finding recorded unless surfaced separately.,Track upstream version/deprecation state; avoid local vendored edits unless app-blocking.,Build College scheme; run relevant tests/smoke path.
4,486,SourcePackages/checkouts/mlx-swift-lm/Tests/MLXLMTests/ChatSessionTests.swift,C-dependency,163,Low,dependency-watch,dependency-watch,Low,Dependency source reviewed as vendor-owned; no app-actionable finding recorded unless surfaced separately.,Track upstream version/deprecation state; avoid local vendored edits unless app-blocking.,Build College scheme; run relevant tests/smoke path.
4,487,SourcePackages/checkouts/mlx-swift-lm/Tests/MLXLMTests/EvalTests.swift,C-dependency,184,Low,dependency-watch,dependency-watch,Low,Dependency source reviewed as vendor-owned; no app-actionable finding recorded unless surfaced separately.,Track upstream version/deprecation state; avoid local vendored edits unless app-blocking.,Build College scheme; run relevant tests/smoke path.
4,488,SourcePackages/checkouts/mlx-swift-lm/Tests/MLXLMTests/MediaProcessingTests.swift,C-dependency,128,Low,dependency-watch,dependency-watch,Low,Dependency source reviewed as vendor-owned; no app-actionable finding recorded unless surfaced separately.,Track upstream version/deprecation state; avoid local vendored edits unless app-blocking.,Build College scheme; run relevant tests/smoke path.
4,489,SourcePackages/checkouts/mlx-swift-lm/Tests/MLXLMTests/NemotronHTests.swift,C-dependency,643,Low,dependency-watch,dependency-watch,Low,Dependency source reviewed as vendor-owned; no app-actionable finding recorded unless surfaced separately.,Track upstream version/deprecation state; avoid local vendored edits unless app-blocking.,Build College scheme; run relevant tests/smoke path.
4,490,SourcePackages/checkouts/mlx-swift-lm/Tests/MLXLMTests/TestTokenizer.swift,C-dependency,148,Low,dependency-watch,dependency-watch,Low,Dependency source reviewed as vendor-owned; no app-actionable finding recorded unless surfaced separately.,Track upstream version/deprecation state; avoid local vendored edits unless app-blocking.,Build College scheme; run relevant tests/smoke path.
4,491,SourcePackages/checkouts/mlx-swift-lm/Tests/MLXLMTests/ToolTests.swift,C-dependency,339,Low,dependency-watch,dependency-watch,Low,Dependency source reviewed as vendor-owned; no app-actionable finding recorded unless surfaced separately.,Track upstream version/deprecation state; avoid local vendored edits unless app-blocking.,Build College scheme; run relevant tests/smoke path.
4,492,SourcePackages/checkouts/mlx-swift-lm/Tests/MLXLMTests/UserInputTests.swift,C-dependency,143,Low,dependency-watch,dependency-watch,Low,Dependency source reviewed as vendor-owned; no app-actionable finding recorded unless surfaced separately.,Track upstream version/deprecation state; avoid local vendored edits unless app-blocking.,Build College scheme; run relevant tests/smoke path.
4,493,SourcePackages/checkouts/mlx-swift/Package.swift,C-dependency,269,Low,dependency-watch,dependency-watch,Low,Dependency source reviewed as vendor-owned; no app-actionable finding recorded unless surfaced separately.,Track upstream version/deprecation state; avoid local vendored edits unless app-blocking.,Build College scheme; run relevant tests/smoke path.
4,494,SourcePackages/checkouts/mlx-swift/Source/Examples/CustomFunctionExample.swift,C-dependency,303,Low,dependency-watch,dependency-watch,Low,Dependency source reviewed as vendor-owned; no app-actionable finding recorded unless surfaced separately.,Track upstream version/deprecation state; avoid local vendored edits unless app-blocking.,Build College scheme; run relevant tests/smoke path.
4,495,SourcePackages/checkouts/mlx-swift/Source/Examples/CustomFunctionExampleSimple.swift,C-dependency,163,Low,dependency-watch,dependency-watch,Low,Dependency source reviewed as vendor-owned; no app-actionable finding recorded unless surfaced separately.,Track upstream version/deprecation state; avoid local vendored edits unless app-blocking.,Build College scheme; run relevant tests/smoke path.
4,496,SourcePackages/checkouts/mlx-swift/Source/Examples/Example1.swift,C-dependency,58,Low,dependency-watch,dependency-watch,Low,Dependency source reviewed as vendor-owned; no app-actionable finding recorded unless surfaced separately.,Track upstream version/deprecation state; avoid local vendored edits unless app-blocking.,Build College scheme; run relevant tests/smoke path.
4,497,SourcePackages/checkouts/mlx-swift/Source/Examples/Tutorial.swift,C-dependency,143,Low,dependency-watch,dependency-watch,Low,Dependency source reviewed as vendor-owned; no app-actionable finding recorded unless surfaced separately.,Track upstream version/deprecation state; avoid local vendored edits unless app-blocking.,Build College scheme; run relevant tests/smoke path.
4,498,SourcePackages/checkouts/mlx-swift/Source/MLX/ArrayAt.swift,C-dependency,238,Low,dependency-watch,dependency-watch,Low,Dependency source reviewed as vendor-owned; no app-actionable finding recorded unless surfaced separately.,Track upstream version/deprecation state; avoid local vendored edits unless app-blocking.,Build College scheme; run relevant tests/smoke path.
4,499,SourcePackages/checkouts/mlx-swift/Source/MLX/Cmlx+Util.swift,C-dependency,181,Low,dependency-watch,dependency-watch,Low,Dependency source reviewed as vendor-owned; no app-actionable finding recorded unless surfaced separately.,Track upstream version/deprecation state; avoid local vendored edits unless app-blocking.,Build College scheme; run relevant tests/smoke path.
4,500,SourcePackages/checkouts/mlx-swift/Source/MLX/DType.swift,C-dependency,435,Low,dependency-watch,dependency-watch,Low,Dependency source reviewed as vendor-owned; no app-actionable finding recorded unless surfaced separately.,Track upstream version/deprecation state; avoid local vendored edits unless app-blocking.,Build College scheme; run relevant tests/smoke path.
5,501,SourcePackages/checkouts/mlx-swift/Source/MLX/Device.swift,C-dependency,197,Low,dependency-watch,dependency-watch,Low,Dependency source reviewed as vendor-owned; no app-actionable finding recorded unless surfaced separately.,Track upstream version/deprecation state; avoid local vendored edits unless app-blocking.,Build College scheme; run relevant tests/smoke path.
5,502,SourcePackages/checkouts/mlx-swift/Source/MLX/ErrorHandler.swift,C-dependency,394,Low,dependency-watch,dependency-watch,Low,Dependency source reviewed as vendor-owned; no app-actionable finding recorded unless surfaced separately.,Track upstream version/deprecation state; avoid local vendored edits unless app-blocking.,Build College scheme; run relevant tests/smoke path.
5,503,SourcePackages/checkouts/mlx-swift/Source/MLX/Export.swift,C-dependency,300,Low,dependency-watch,dependency-watch,Low,Dependency source reviewed as vendor-owned; no app-actionable finding recorded unless surfaced separately.,Track upstream version/deprecation state; avoid local vendored edits unless app-blocking.,Build College scheme; run relevant tests/smoke path.
5,504,SourcePackages/checkouts/mlx-swift/Source/MLX/FFT.swift,C-dependency,633,Low,dependency-watch,dependency-watch,Low,Dependency source reviewed as vendor-owned; no app-actionable finding recorded unless surfaced separately.,Track upstream version/deprecation state; avoid local vendored edits unless app-blocking.,Build College scheme; run relevant tests/smoke path.
5,505,SourcePackages/checkouts/mlx-swift/Source/MLX/Factory.swift,C-dependency,1328,Low,dependency-watch,dependency-watch,Low,Dependency source reviewed as vendor-owned; no app-actionable finding recorded unless surfaced separately.,Track upstream version/deprecation state; avoid local vendored edits unless app-blocking.,Build College scheme; run relevant tests/smoke path.
5,506,SourcePackages/checkouts/mlx-swift/Source/MLX/Foundation+Util.swift,C-dependency,46,Low,dependency-watch,dependency-watch,Low,Dependency source reviewed as vendor-owned; no app-actionable finding recorded unless surfaced separately.,Track upstream version/deprecation state; avoid local vendored edits unless app-blocking.,Build College scheme; run relevant tests/smoke path.
5,507,SourcePackages/checkouts/mlx-swift/Source/MLX/GPU+Metal.swift,C-dependency,235,Low,dependency-watch,dependency-watch,Low,Dependency source reviewed as vendor-owned; no app-actionable finding recorded unless surfaced separately.,Track upstream version/deprecation state; avoid local vendored edits unless app-blocking.,Build College scheme; run relevant tests/smoke path.
5,508,SourcePackages/checkouts/mlx-swift/Source/MLX/IO.swift,C-dependency,341,Low,dependency-watch,dependency-watch,Low,Dependency source reviewed as vendor-owned; no app-actionable finding recorded unless surfaced separately.,Track upstream version/deprecation state; avoid local vendored edits unless app-blocking.,Build College scheme; run relevant tests/smoke path.
5,509,SourcePackages/checkouts/mlx-swift/Source/MLX/Linalg.swift,C-dependency,719,Low,dependency-watch,dependency-watch,Low,Dependency source reviewed as vendor-owned; no app-actionable finding recorded unless surfaced separately.,Track upstream version/deprecation state; avoid local vendored edits unless app-blocking.,Build College scheme; run relevant tests/smoke path.
5,510,SourcePackages/checkouts/mlx-swift/Source/MLX/MLXArray+Bytes.swift,C-dependency,289,Low,dependency-watch,dependency-watch,Low,Dependency source reviewed as vendor-owned; no app-actionable finding recorded unless surfaced separately.,Track upstream version/deprecation state; avoid local vendored edits unless app-blocking.,Build College scheme; run relevant tests/smoke path.
5,511,SourcePackages/checkouts/mlx-swift/Source/MLX/MLXArray+Indexing.swift,C-dependency,1599,Low,dependency-watch,dependency-watch,Low,Dependency source reviewed as vendor-owned; no app-actionable finding recorded unless surfaced separately.,Track upstream version/deprecation state; avoid local vendored edits unless app-blocking.,Build College scheme; run relevant tests/smoke path.
5,512,SourcePackages/checkouts/mlx-swift/Source/MLX/MLXArray+Init.swift,C-dependency,557,Low,dependency-watch,dependency-watch,Low,Dependency source reviewed as vendor-owned; no app-actionable finding recorded unless surfaced separately.,Track upstream version/deprecation state; avoid local vendored edits unless app-blocking.,Build College scheme; run relevant tests/smoke path.
5,513,SourcePackages/checkouts/mlx-swift/Source/MLX/MLXArray+Metal.swift,C-dependency,37,Low,dependency-watch,dependency-watch,Low,Dependency source reviewed as vendor-owned; no app-actionable finding recorded unless surfaced separately.,Track upstream version/deprecation state; avoid local vendored edits unless app-blocking.,Build College scheme; run relevant tests/smoke path.
5,514,SourcePackages/checkouts/mlx-swift/Source/MLX/MLXArray+Ops.swift,C-dependency,3088,Low,dependency-watch,dependency-watch,Low,Dependency source reviewed as vendor-owned; no app-actionable finding recorded unless surfaced separately.,Track upstream version/deprecation state; avoid local vendored edits unless app-blocking.,Build College scheme; run relevant tests/smoke path.
5,515,SourcePackages/checkouts/mlx-swift/Source/MLX/MLXArray.swift,C-dependency,623,Low,dependency-watch,dependency-watch,Low,Dependency source reviewed as vendor-owned; no app-actionable finding recorded unless surfaced separately.,Track upstream version/deprecation state; avoid local vendored edits unless app-blocking.,Build College scheme; run relevant tests/smoke path.
5,516,SourcePackages/checkouts/mlx-swift/Source/MLX/MLXCustomFunction.swift,C-dependency,152,Low,dependency-watch,dependency-watch,Low,Dependency source reviewed as vendor-owned; no app-actionable finding recorded unless surfaced separately.,Track upstream version/deprecation state; avoid local vendored edits unless app-blocking.,Build College scheme; run relevant tests/smoke path.
5,517,SourcePackages/checkouts/mlx-swift/Source/MLX/MLXFast.swift,C-dependency,369,Low,dependency-watch,dependency-watch,Low,Dependency source reviewed as vendor-owned; no app-actionable finding recorded unless surfaced separately.,Track upstream version/deprecation state; avoid local vendored edits unless app-blocking.,Build College scheme; run relevant tests/smoke path.
5,518,SourcePackages/checkouts/mlx-swift/Source/MLX/MLXFastKernel.swift,C-dependency,185,Low,dependency-watch,dependency-watch,Low,Dependency source reviewed as vendor-owned; no app-actionable finding recorded unless surfaced separately.,Track upstream version/deprecation state; avoid local vendored edits unless app-blocking.,Build College scheme; run relevant tests/smoke path.
5,519,SourcePackages/checkouts/mlx-swift/Source/MLX/Memory.swift,C-dependency,359,Low,dependency-watch,dependency-watch,Low,Dependency source reviewed as vendor-owned; no app-actionable finding recorded unless surfaced separately.,Track upstream version/deprecation state; avoid local vendored edits unless app-blocking.,Build College scheme; run relevant tests/smoke path.
5,520,SourcePackages/checkouts/mlx-swift/Source/MLX/Nested.swift,C-dependency,1013,Low,dependency-watch,dependency-watch,Low,Dependency source reviewed as vendor-owned; no app-actionable finding recorded unless surfaced separately.,Track upstream version/deprecation state; avoid local vendored edits unless app-blocking.,Build College scheme; run relevant tests/smoke path.
5,521,SourcePackages/checkouts/mlx-swift/Source/MLX/Ops+Array.swift,C-dependency,1971,Low,dependency-watch,dependency-watch,Low,Dependency source reviewed as vendor-owned; no app-actionable finding recorded unless surfaced separately.,Track upstream version/deprecation state; avoid local vendored edits unless app-blocking.,Build College scheme; run relevant tests/smoke path.
5,522,SourcePackages/checkouts/mlx-swift/Source/MLX/Ops.swift,C-dependency,3179,Low,dependency-watch,dependency-watch,Low,Dependency source reviewed as vendor-owned; no app-actionable finding recorded unless surfaced separately.,Track upstream version/deprecation state; avoid local vendored edits unless app-blocking.,Build College scheme; run relevant tests/smoke path.
5,523,SourcePackages/checkouts/mlx-swift/Source/MLX/ParameterTypes.swift,C-dependency,208,Low,dependency-watch,dependency-watch,Low,Dependency source reviewed as vendor-owned; no app-actionable finding recorded unless surfaced separately.,Track upstream version/deprecation state; avoid local vendored edits unless app-blocking.,Build College scheme; run relevant tests/smoke path.
5,524,SourcePackages/checkouts/mlx-swift/Source/MLX/Protocols.swift,C-dependency,36,Low,dependency-watch,dependency-watch,Low,Dependency source reviewed as vendor-owned; no app-actionable finding recorded unless surfaced separately.,Track upstream version/deprecation state; avoid local vendored edits unless app-blocking.,Build College scheme; run relevant tests/smoke path.
5,525,SourcePackages/checkouts/mlx-swift/Source/MLX/Random.swift,C-dependency,1297,Low,dependency-watch,dependency-watch,Low,Dependency source reviewed as vendor-owned; no app-actionable finding recorded unless surfaced separately.,Track upstream version/deprecation state; avoid local vendored edits unless app-blocking.,Build College scheme; run relevant tests/smoke path.
5,526,SourcePackages/checkouts/mlx-swift/Source/MLX/State.swift,C-dependency,108,Low,dependency-watch,dependency-watch,Low,Dependency source reviewed as vendor-owned; no app-actionable finding recorded unless surfaced separately.,Track upstream version/deprecation state; avoid local vendored edits unless app-blocking.,Build College scheme; run relevant tests/smoke path.
5,527,SourcePackages/checkouts/mlx-swift/Source/MLX/Stream.swift,C-dependency,168,Low,dependency-watch,dependency-watch,Low,Dependency source reviewed as vendor-owned; no app-actionable finding recorded unless surfaced separately.,Track upstream version/deprecation state; avoid local vendored edits unless app-blocking.,Build College scheme; run relevant tests/smoke path.
5,528,SourcePackages/checkouts/mlx-swift/Source/MLX/Transforms+Compile.swift,C-dependency,222,Low,dependency-watch,dependency-watch,Low,Dependency source reviewed as vendor-owned; no app-actionable finding recorded unless surfaced separately.,Track upstream version/deprecation state; avoid local vendored edits unless app-blocking.,Build College scheme; run relevant tests/smoke path.
5,529,SourcePackages/checkouts/mlx-swift/Source/MLX/Transforms+Eval.swift,C-dependency,211,Low,dependency-watch,dependency-watch,Low,Dependency source reviewed as vendor-owned; no app-actionable finding recorded unless surfaced separately.,Track upstream version/deprecation state; avoid local vendored edits unless app-blocking.,Build College scheme; run relevant tests/smoke path.
5,530,SourcePackages/checkouts/mlx-swift/Source/MLX/Transforms+Grad.swift,C-dependency,136,Low,dependency-watch,dependency-watch,Low,Dependency source reviewed as vendor-owned; no app-actionable finding recorded unless surfaced separately.,Track upstream version/deprecation state; avoid local vendored edits unless app-blocking.,Build College scheme; run relevant tests/smoke path.
5,531,SourcePackages/checkouts/mlx-swift/Source/MLX/Transforms+Internal.swift,C-dependency,114,Low,dependency-watch,dependency-watch,Low,Dependency source reviewed as vendor-owned; no app-actionable finding recorded unless surfaced separately.,Track upstream version/deprecation state; avoid local vendored edits unless app-blocking.,Build College scheme; run relevant tests/smoke path.
5,532,SourcePackages/checkouts/mlx-swift/Source/MLX/Transforms+Vmap.swift,C-dependency,97,Low,dependency-watch,dependency-watch,Low,Dependency source reviewed as vendor-owned; no app-actionable finding recorded unless surfaced separately.,Track upstream version/deprecation state; avoid local vendored edits unless app-blocking.,Build College scheme; run relevant tests/smoke path.
5,533,SourcePackages/checkouts/mlx-swift/Source/MLX/Transforms.swift,C-dependency,89,Low,dependency-watch,dependency-watch,Low,Dependency source reviewed as vendor-owned; no app-actionable finding recorded unless surfaced separately.,Track upstream version/deprecation state; avoid local vendored edits unless app-blocking.,Build College scheme; run relevant tests/smoke path.
5,534,SourcePackages/checkouts/mlx-swift/Source/MLXFFT/FFT.swift,C-dependency,270,Low,dependency-watch,dependency-watch,Low,Dependency source reviewed as vendor-owned; no app-actionable finding recorded unless surfaced separately.,Track upstream version/deprecation state; avoid local vendored edits unless app-blocking.,Build College scheme; run relevant tests/smoke path.
5,535,SourcePackages/checkouts/mlx-swift/Source/MLXFast/MLXFast.swift,C-dependency,114,Low,dependency-watch,dependency-watch,Low,Dependency source reviewed as vendor-owned; no app-actionable finding recorded unless surfaced separately.,Track upstream version/deprecation state; avoid local vendored edits unless app-blocking.,Build College scheme; run relevant tests/smoke path.
5,536,SourcePackages/checkouts/mlx-swift/Source/MLXFast/MLXFastKernel.swift,C-dependency,57,Low,dependency-watch,dependency-watch,Low,Dependency source reviewed as vendor-owned; no app-actionable finding recorded unless surfaced separately.,Track upstream version/deprecation state; avoid local vendored edits unless app-blocking.,Build College scheme; run relevant tests/smoke path.
5,537,SourcePackages/checkouts/mlx-swift/Source/MLXLinalg/Linalg.swift,C-dependency,353,Low,dependency-watch,dependency-watch,Low,Dependency source reviewed as vendor-owned; no app-actionable finding recorded unless surfaced separately.,Track upstream version/deprecation state; avoid local vendored edits unless app-blocking.,Build College scheme; run relevant tests/smoke path.
5,538,SourcePackages/checkouts/mlx-swift/Source/MLXNN/Activations.swift,C-dependency,1126,Low,dependency-watch,dependency-watch,Low,Dependency source reviewed as vendor-owned; no app-actionable finding recorded unless surfaced separately.,Track upstream version/deprecation state; avoid local vendored edits unless app-blocking.,Build College scheme; run relevant tests/smoke path.
5,539,SourcePackages/checkouts/mlx-swift/Source/MLXNN/Cache.swift,C-dependency,59,Low,dependency-watch,dependency-watch,Low,Dependency source reviewed as vendor-owned; no app-actionable finding recorded unless surfaced separately.,Track upstream version/deprecation state; avoid local vendored edits unless app-blocking.,Build College scheme; run relevant tests/smoke path.
5,540,SourcePackages/checkouts/mlx-swift/Source/MLXNN/Containers.swift,C-dependency,136,Low,dependency-watch,dependency-watch,Low,Dependency source reviewed as vendor-owned; no app-actionable finding recorded unless surfaced separately.,Track upstream version/deprecation state; avoid local vendored edits unless app-blocking.,Build College scheme; run relevant tests/smoke path.
5,541,SourcePackages/checkouts/mlx-swift/Source/MLXNN/Convolution.swift,C-dependency,218,Low,dependency-watch,dependency-watch,Low,Dependency source reviewed as vendor-owned; no app-actionable finding recorded unless surfaced separately.,Track upstream version/deprecation state; avoid local vendored edits unless app-blocking.,Build College scheme; run relevant tests/smoke path.
5,542,SourcePackages/checkouts/mlx-swift/Source/MLXNN/ConvolutionTransposed.swift,C-dependency,231,Low,dependency-watch,dependency-watch,Low,Dependency source reviewed as vendor-owned; no app-actionable finding recorded unless surfaced separately.,Track upstream version/deprecation state; avoid local vendored edits unless app-blocking.,Build College scheme; run relevant tests/smoke path.
5,543,SourcePackages/checkouts/mlx-swift/Source/MLXNN/Dropout.swift,C-dependency,131,Low,dependency-watch,dependency-watch,Low,Dependency source reviewed as vendor-owned; no app-actionable finding recorded unless surfaced separately.,Track upstream version/deprecation state; avoid local vendored edits unless app-blocking.,Build College scheme; run relevant tests/smoke path.
5,544,SourcePackages/checkouts/mlx-swift/Source/MLXNN/Embedding.swift,C-dependency,54,Low,dependency-watch,dependency-watch,Low,Dependency source reviewed as vendor-owned; no app-actionable finding recorded unless surfaced separately.,Track upstream version/deprecation state; avoid local vendored edits unless app-blocking.,Build College scheme; run relevant tests/smoke path.
5,545,SourcePackages/checkouts/mlx-swift/Source/MLXNN/Linear.swift,C-dependency,210,Low,dependency-watch,dependency-watch,Low,Dependency source reviewed as vendor-owned; no app-actionable finding recorded unless surfaced separately.,Track upstream version/deprecation state; avoid local vendored edits unless app-blocking.,Build College scheme; run relevant tests/smoke path.
5,546,SourcePackages/checkouts/mlx-swift/Source/MLXNN/Losses.swift,C-dependency,343,Low,dependency-watch,dependency-watch,Low,Dependency source reviewed as vendor-owned; no app-actionable finding recorded unless surfaced separately.,Track upstream version/deprecation state; avoid local vendored edits unless app-blocking.,Build College scheme; run relevant tests/smoke path.
5,547,SourcePackages/checkouts/mlx-swift/Source/MLXNN/Module.swift,C-dependency,1720,Low,dependency-watch,dependency-watch,Low,Dependency source reviewed as vendor-owned; no app-actionable finding recorded unless surfaced separately.,Track upstream version/deprecation state; avoid local vendored edits unless app-blocking.,Build College scheme; run relevant tests/smoke path.
5,548,SourcePackages/checkouts/mlx-swift/Source/MLXNN/Normalization.swift,C-dependency,358,Low,dependency-watch,dependency-watch,Low,Dependency source reviewed as vendor-owned; no app-actionable finding recorded unless surfaced separately.,Track upstream version/deprecation state; avoid local vendored edits unless app-blocking.,Build College scheme; run relevant tests/smoke path.
5,549,SourcePackages/checkouts/mlx-swift/Source/MLXNN/Pooling.swift,C-dependency,221,Low,dependency-watch,dependency-watch,Low,Dependency source reviewed as vendor-owned; no app-actionable finding recorded unless surfaced separately.,Track upstream version/deprecation state; avoid local vendored edits unless app-blocking.,Build College scheme; run relevant tests/smoke path.
5,550,SourcePackages/checkouts/mlx-swift/Source/MLXNN/PositionalEncoding.swift,C-dependency,197,Low,dependency-watch,dependency-watch,Low,Dependency source reviewed as vendor-owned; no app-actionable finding recorded unless surfaced separately.,Track upstream version/deprecation state; avoid local vendored edits unless app-blocking.,Build College scheme; run relevant tests/smoke path.
5,551,SourcePackages/checkouts/mlx-swift/Source/MLXNN/Quantized.swift,C-dependency,392,Low,dependency-watch,dependency-watch,Low,Dependency source reviewed as vendor-owned; no app-actionable finding recorded unless surfaced separately.,Track upstream version/deprecation state; avoid local vendored edits unless app-blocking.,Build College scheme; run relevant tests/smoke path.
5,552,SourcePackages/checkouts/mlx-swift/Source/MLXNN/Recurrent.swift,C-dependency,267,Low,dependency-watch,dependency-watch,Low,Dependency source reviewed as vendor-owned; no app-actionable finding recorded unless surfaced separately.,Track upstream version/deprecation state; avoid local vendored edits unless app-blocking.,Build College scheme; run relevant tests/smoke path.
5,553,SourcePackages/checkouts/mlx-swift/Source/MLXNN/Transformer.swift,C-dependency,372,Low,dependency-watch,dependency-watch,Low,Dependency source reviewed as vendor-owned; no app-actionable finding recorded unless surfaced separately.,Track upstream version/deprecation state; avoid local vendored edits unless app-blocking.,Build College scheme; run relevant tests/smoke path.
5,554,SourcePackages/checkouts/mlx-swift/Source/MLXNN/Upsample.swift,C-dependency,315,Low,dependency-watch,dependency-watch,Low,Dependency source reviewed as vendor-owned; no app-actionable finding recorded unless surfaced separately.,Track upstream version/deprecation state; avoid local vendored edits unless app-blocking.,Build College scheme; run relevant tests/smoke path.
5,555,SourcePackages/checkouts/mlx-swift/Source/MLXNN/ValueAndGrad.swift,C-dependency,162,Low,dependency-watch,dependency-watch,Low,Dependency source reviewed as vendor-owned; no app-actionable finding recorded unless surfaced separately.,Track upstream version/deprecation state; avoid local vendored edits unless app-blocking.,Build College scheme; run relevant tests/smoke path.
5,556,SourcePackages/checkouts/mlx-swift/Source/MLXOptimizers/Optimizers.swift,C-dependency,698,Low,dependency-watch,dependency-watch,Low,Dependency source reviewed as vendor-owned; no app-actionable finding recorded unless surfaced separately.,Track upstream version/deprecation state; avoid local vendored edits unless app-blocking.,Build College scheme; run relevant tests/smoke path.
5,557,SourcePackages/checkouts/mlx-swift/Source/MLXRandom/Random.swift,C-dependency,547,Low,dependency-watch,dependency-watch,Low,Dependency source reviewed as vendor-owned; no app-actionable finding recorded unless surfaced separately.,Track upstream version/deprecation state; avoid local vendored edits unless app-blocking.,Build College scheme; run relevant tests/smoke path.
5,558,SourcePackages/checkouts/mlx-swift/Tests/CmlxTests/CmlxTests.swift,C-dependency,34,Low,dependency-watch,dependency-watch,Low,Dependency source reviewed as vendor-owned; no app-actionable finding recorded unless surfaced separately.,Track upstream version/deprecation state; avoid local vendored edits unless app-blocking.,Build College scheme; run relevant tests/smoke path.
5,559,SourcePackages/checkouts/mlx-swift/Tests/MLXTests/ArrayAtTests.swift,C-dependency,40,Low,dependency-watch,dependency-watch,Low,Dependency source reviewed as vendor-owned; no app-actionable finding recorded unless surfaced separately.,Track upstream version/deprecation state; avoid local vendored edits unless app-blocking.,Build College scheme; run relevant tests/smoke path.
5,560,SourcePackages/checkouts/mlx-swift/Tests/MLXTests/DTypeTests.swift,C-dependency,52,Low,dependency-watch,dependency-watch,Low,Dependency source reviewed as vendor-owned; no app-actionable finding recorded unless surfaced separately.,Track upstream version/deprecation state; avoid local vendored edits unless app-blocking.,Build College scheme; run relevant tests/smoke path.
5,561,SourcePackages/checkouts/mlx-swift/Tests/MLXTests/ErrorTests.swift,C-dependency,114,Low,dependency-watch,dependency-watch,Low,Dependency source reviewed as vendor-owned; no app-actionable finding recorded unless surfaced separately.,Track upstream version/deprecation state; avoid local vendored edits unless app-blocking.,Build College scheme; run relevant tests/smoke path.
5,562,SourcePackages/checkouts/mlx-swift/Tests/MLXTests/ExportTests.swift,C-dependency,96,Low,dependency-watch,dependency-watch,Low,Dependency source reviewed as vendor-owned; no app-actionable finding recorded unless surfaced separately.,Track upstream version/deprecation state; avoid local vendored edits unless app-blocking.,Build College scheme; run relevant tests/smoke path.
5,563,SourcePackages/checkouts/mlx-swift/Tests/MLXTests/IntegrationTests.swift,C-dependency,7077,Low,dependency-watch,dependency-watch,Low,Dependency source reviewed as vendor-owned; no app-actionable finding recorded unless surfaced separately.,Track upstream version/deprecation state; avoid local vendored edits unless app-blocking.,Build College scheme; run relevant tests/smoke path.
5,564,SourcePackages/checkouts/mlx-swift/Tests/MLXTests/LinalgTests.swift,C-dependency,67,Low,dependency-watch,dependency-watch,Low,Dependency source reviewed as vendor-owned; no app-actionable finding recorded unless surfaced separately.,Track upstream version/deprecation state; avoid local vendored edits unless app-blocking.,Build College scheme; run relevant tests/smoke path.
5,565,SourcePackages/checkouts/mlx-swift/Tests/MLXTests/LossTests.swift,C-dependency,33,Low,dependency-watch,dependency-watch,Low,Dependency source reviewed as vendor-owned; no app-actionable finding recorded unless surfaced separately.,Track upstream version/deprecation state; avoid local vendored edits unless app-blocking.,Build College scheme; run relevant tests/smoke path.
5,566,SourcePackages/checkouts/mlx-swift/Tests/MLXTests/MLXArray+IndexingTests.swift,C-dependency,665,Low,dependency-watch,dependency-watch,Low,Dependency source reviewed as vendor-owned; no app-actionable finding recorded unless surfaced separately.,Track upstream version/deprecation state; avoid local vendored edits unless app-blocking.,Build College scheme; run relevant tests/smoke path.
5,567,SourcePackages/checkouts/mlx-swift/Tests/MLXTests/MLXArray+InitTests.swift,C-dependency,266,Low,dependency-watch,dependency-watch,Low,Dependency source reviewed as vendor-owned; no app-actionable finding recorded unless surfaced separately.,Track upstream version/deprecation state; avoid local vendored edits unless app-blocking.,Build College scheme; run relevant tests/smoke path.
5,568,SourcePackages/checkouts/mlx-swift/Tests/MLXTests/MLXArray+OpsTests.swift,C-dependency,184,Low,dependency-watch,dependency-watch,Low,Dependency source reviewed as vendor-owned; no app-actionable finding recorded unless surfaced separately.,Track upstream version/deprecation state; avoid local vendored edits unless app-blocking.,Build College scheme; run relevant tests/smoke path.
5,569,SourcePackages/checkouts/mlx-swift/Tests/MLXTests/MLXArrayTests.swift,C-dependency,173,Low,dependency-watch,dependency-watch,Low,Dependency source reviewed as vendor-owned; no app-actionable finding recorded unless surfaced separately.,Track upstream version/deprecation state; avoid local vendored edits unless app-blocking.,Build College scheme; run relevant tests/smoke path.
5,570,SourcePackages/checkouts/mlx-swift/Tests/MLXTests/MLXFastKernelTests.swift,C-dependency,123,Low,dependency-watch,dependency-watch,Low,Dependency source reviewed as vendor-owned; no app-actionable finding recorded unless surfaced separately.,Track upstream version/deprecation state; avoid local vendored edits unless app-blocking.,Build College scheme; run relevant tests/smoke path.
5,571,SourcePackages/checkouts/mlx-swift/Tests/MLXTests/MLXRandomTests.swift,C-dependency,267,Low,dependency-watch,dependency-watch,Low,Dependency source reviewed as vendor-owned; no app-actionable finding recorded unless surfaced separately.,Track upstream version/deprecation state; avoid local vendored edits unless app-blocking.,Build College scheme; run relevant tests/smoke path.
5,572,SourcePackages/checkouts/mlx-swift/Tests/MLXTests/MemoryTests.swift,C-dependency,15,Low,dependency-watch,dependency-watch,Low,Dependency source reviewed as vendor-owned; no app-actionable finding recorded unless surfaced separately.,Track upstream version/deprecation state; avoid local vendored edits unless app-blocking.,Build College scheme; run relevant tests/smoke path.
5,573,SourcePackages/checkouts/mlx-swift/Tests/MLXTests/ModuleTests.swift,C-dependency,964,Low,dependency-watch,dependency-watch,Low,Dependency source reviewed as vendor-owned; no app-actionable finding recorded unless surfaced separately.,Track upstream version/deprecation state; avoid local vendored edits unless app-blocking.,Build College scheme; run relevant tests/smoke path.
5,574,SourcePackages/checkouts/mlx-swift/Tests/MLXTests/NestedTests.swift,C-dependency,140,Low,dependency-watch,dependency-watch,Low,Dependency source reviewed as vendor-owned; no app-actionable finding recorded unless surfaced separately.,Track upstream version/deprecation state; avoid local vendored edits unless app-blocking.,Build College scheme; run relevant tests/smoke path.
5,575,SourcePackages/checkouts/mlx-swift/Tests/MLXTests/OpsTests.swift,C-dependency,116,Low,dependency-watch,dependency-watch,Low,Dependency source reviewed as vendor-owned; no app-actionable finding recorded unless surfaced separately.,Track upstream version/deprecation state; avoid local vendored edits unless app-blocking.,Build College scheme; run relevant tests/smoke path.
5,576,SourcePackages/checkouts/mlx-swift/Tests/MLXTests/OptimizerTests.swift,C-dependency,178,Low,dependency-watch,dependency-watch,Low,Dependency source reviewed as vendor-owned; no app-actionable finding recorded unless surfaced separately.,Track upstream version/deprecation state; avoid local vendored edits unless app-blocking.,Build College scheme; run relevant tests/smoke path.
5,577,SourcePackages/checkouts/mlx-swift/Tests/MLXTests/PoolingTests.swift,C-dependency,70,Low,dependency-watch,dependency-watch,Low,Dependency source reviewed as vendor-owned; no app-actionable finding recorded unless surfaced separately.,Track upstream version/deprecation state; avoid local vendored edits unless app-blocking.,Build College scheme; run relevant tests/smoke path.
5,578,SourcePackages/checkouts/mlx-swift/Tests/MLXTests/QuantizationTests.swift,C-dependency,37,Low,dependency-watch,dependency-watch,Low,Dependency source reviewed as vendor-owned; no app-actionable finding recorded unless surfaced separately.,Track upstream version/deprecation state; avoid local vendored edits unless app-blocking.,Build College scheme; run relevant tests/smoke path.
5,579,SourcePackages/checkouts/mlx-swift/Tests/MLXTests/SaveTests.swift,C-dependency,99,Low,dependency-watch,dependency-watch,Low,Dependency source reviewed as vendor-owned; no app-actionable finding recorded unless surfaced separately.,Track upstream version/deprecation state; avoid local vendored edits unless app-blocking.,Build College scheme; run relevant tests/smoke path.
5,580,SourcePackages/checkouts/mlx-swift/Tests/MLXTests/StreamTests.swift,C-dependency,95,Low,dependency-watch,dependency-watch,Low,Dependency source reviewed as vendor-owned; no app-actionable finding recorded unless surfaced separately.,Track upstream version/deprecation state; avoid local vendored edits unless app-blocking.,Build College scheme; run relevant tests/smoke path.
5,581,SourcePackages/checkouts/mlx-swift/Tests/MLXTests/SubclassTests.swift,C-dependency,39,Low,dependency-watch,dependency-watch,Low,Dependency source reviewed as vendor-owned; no app-actionable finding recorded unless surfaced separately.,Track upstream version/deprecation state; avoid local vendored edits unless app-blocking.,Build College scheme; run relevant tests/smoke path.
5,582,SourcePackages/checkouts/mlx-swift/Tests/MLXTests/TransformTests.swift,C-dependency,415,Low,dependency-watch,dependency-watch,Low,Dependency source reviewed as vendor-owned; no app-actionable finding recorded unless surfaced separately.,Track upstream version/deprecation state; avoid local vendored edits unless app-blocking.,Build College scheme; run relevant tests/smoke path.
5,583,SourcePackages/checkouts/mlx-swift/Tests/MLXTests/UpsampleTests.swift,C-dependency,50,Low,dependency-watch,dependency-watch,Low,Dependency source reviewed as vendor-owned; no app-actionable finding recorded unless surfaced separately.,Track upstream version/deprecation state; avoid local vendored edits unless app-blocking.,Build College scheme; run relevant tests/smoke path.
5,584,SourcePackages/checkouts/mlx-swift/Tests/MLXTests/Utils.swift,C-dependency,39,Low,dependency-watch,dependency-watch,Low,Dependency source reviewed as vendor-owned; no app-actionable finding recorded unless surfaced separately.,Track upstream version/deprecation state; avoid local vendored edits unless app-blocking.,Build College scheme; run relevant tests/smoke path.
5,585,SourcePackages/checkouts/swift-atomics/Package.swift,C-dependency,90,Low,dependency-watch,dependency-watch,Low,Dependency source reviewed as vendor-owned; no app-actionable finding recorded unless surfaced separately.,Track upstream version/deprecation state; avoid local vendored edits unless app-blocking.,Build College scheme; run relevant tests/smoke path.
5,586,SourcePackages/checkouts/swift-atomics/Sources/Atomics/Conformances/OptionalRawRepresentable.swift,C-dependency,145,Low,dependency-watch,dependency-watch,Low,Dependency source reviewed as vendor-owned; no app-actionable finding recorded unless surfaced separately.,Track upstream version/deprecation state; avoid local vendored edits unless app-blocking.,Build College scheme; run relevant tests/smoke path.
5,587,SourcePackages/checkouts/swift-atomics/Sources/Atomics/Conformances/RawRepresentable.swift,C-dependency,139,Low,dependency-watch,dependency-watch,Low,Dependency source reviewed as vendor-owned; no app-actionable finding recorded unless surfaced separately.,Track upstream version/deprecation state; avoid local vendored edits unless app-blocking.,Build College scheme; run relevant tests/smoke path.
5,588,SourcePackages/checkouts/swift-atomics/Sources/Atomics/Conformances/autogenerated/AtomicBool.swift,C-dependency,454,Low,dependency-watch,dependency-watch,Low,Dependency source reviewed as vendor-owned; no app-actionable finding recorded unless surfaced separately.,Track upstream version/deprecation state; avoid local vendored edits unless app-blocking.,Build College scheme; run relevant tests/smoke path.
5,589,SourcePackages/checkouts/swift-atomics/Sources/Atomics/Conformances/autogenerated/IntegerConformances.swift,C-dependency,2182,Low,dependency-watch,dependency-watch,Low,Dependency source reviewed as vendor-owned; no app-actionable finding recorded unless surfaced separately.,Track upstream version/deprecation state; avoid local vendored edits unless app-blocking.,Build College scheme; run relevant tests/smoke path.
5,590,SourcePackages/checkouts/swift-atomics/Sources/Atomics/Conformances/autogenerated/PointerConformances.swift,C-dependency,1315,Low,dependency-watch,dependency-watch,Low,Dependency source reviewed as vendor-owned; no app-actionable finding recorded unless surfaced separately.,Track upstream version/deprecation state; avoid local vendored edits unless app-blocking.,Build College scheme; run relevant tests/smoke path.
5,591,SourcePackages/checkouts/swift-atomics/Sources/Atomics/Primitives/autogenerated/Primitives.native.swift,C-dependency,2448,Low,dependency-watch,dependency-watch,Low,Dependency source reviewed as vendor-owned; no app-actionable finding recorded unless surfaced separately.,Track upstream version/deprecation state; avoid local vendored edits unless app-blocking.,Build College scheme; run relevant tests/smoke path.
5,592,SourcePackages/checkouts/swift-atomics/Sources/Atomics/Protocols/AtomicInteger.swift,C-dependency,123,Low,dependency-watch,dependency-watch,Low,Dependency source reviewed as vendor-owned; no app-actionable finding recorded unless surfaced separately.,Track upstream version/deprecation state; avoid local vendored edits unless app-blocking.,Build College scheme; run relevant tests/smoke path.
5,593,SourcePackages/checkouts/swift-atomics/Sources/Atomics/Protocols/AtomicOptionalWrappable.swift,C-dependency,29,Low,dependency-watch,dependency-watch,Low,Dependency source reviewed as vendor-owned; no app-actionable finding recorded unless surfaced separately.,Track upstream version/deprecation state; avoid local vendored edits unless app-blocking.,Build College scheme; run relevant tests/smoke path.
5,594,SourcePackages/checkouts/swift-atomics/Sources/Atomics/Protocols/AtomicReference.swift,C-dependency,591,Low,dependency-watch,dependency-watch,Low,Dependency source reviewed as vendor-owned; no app-actionable finding recorded unless surfaced separately.,Track upstream version/deprecation state; avoid local vendored edits unless app-blocking.,Build College scheme; run relevant tests/smoke path.
5,595,SourcePackages/checkouts/swift-atomics/Sources/Atomics/Protocols/AtomicStorage.swift,C-dependency,282,Low,dependency-watch,dependency-watch,Low,Dependency source reviewed as vendor-owned; no app-actionable finding recorded unless surfaced separately.,Track upstream version/deprecation state; avoid local vendored edits unless app-blocking.,Build College scheme; run relevant tests/smoke path.
5,596,SourcePackages/checkouts/swift-atomics/Sources/Atomics/Protocols/AtomicValue.swift,C-dependency,19,Low,dependency-watch,dependency-watch,Low,Dependency source reviewed as vendor-owned; no app-actionable finding recorded unless surfaced separately.,Track upstream version/deprecation state; avoid local vendored edits unless app-blocking.,Build College scheme; run relevant tests/smoke path.
5,597,SourcePackages/checkouts/swift-atomics/Sources/Atomics/Types/AtomicMemoryOrderings.swift,C-dependency,333,Low,dependency-watch,dependency-watch,Low,Dependency source reviewed as vendor-owned; no app-actionable finding recorded unless surfaced separately.,Track upstream version/deprecation state; avoid local vendored edits unless app-blocking.,Build College scheme; run relevant tests/smoke path.
5,598,SourcePackages/checkouts/swift-atomics/Sources/Atomics/Types/DoubleWord.swift,C-dependency,114,Low,dependency-watch,dependency-watch,Low,Dependency source reviewed as vendor-owned; no app-actionable finding recorded unless surfaced separately.,Track upstream version/deprecation state; avoid local vendored edits unless app-blocking.,Build College scheme; run relevant tests/smoke path.
5,599,SourcePackages/checkouts/swift-atomics/Sources/Atomics/Types/ManagedAtomic.swift,C-dependency,266,Low,dependency-watch,dependency-watch,Low,Dependency source reviewed as vendor-owned; no app-actionable finding recorded unless surfaced separately.,Track upstream version/deprecation state; avoid local vendored edits unless app-blocking.,Build College scheme; run relevant tests/smoke path.
5,600,SourcePackages/checkouts/swift-atomics/Sources/Atomics/Types/ManagedAtomicLazyReference.swift,C-dependency,103,Low,dependency-watch,dependency-watch,Low,Dependency source reviewed as vendor-owned; no app-actionable finding recorded unless surfaced separately.,Track upstream version/deprecation state; avoid local vendored edits unless app-blocking.,Build College scheme; run relevant tests/smoke path.
5,601,SourcePackages/checkouts/swift-atomics/Sources/Atomics/Types/UnsafeAtomic.swift,C-dependency,293,Low,dependency-watch,dependency-watch,Low,Dependency source reviewed as vendor-owned; no app-actionable finding recorded unless surfaced separately.,Track upstream version/deprecation state; avoid local vendored edits unless app-blocking.,Build College scheme; run relevant tests/smoke path.
5,602,SourcePackages/checkouts/swift-atomics/Sources/Atomics/Types/UnsafeAtomicLazyReference.swift,C-dependency,170,Low,dependency-watch,dependency-watch,Low,Dependency source reviewed as vendor-owned; no app-actionable finding recorded unless surfaced separately.,Track upstream version/deprecation state; avoid local vendored edits unless app-blocking.,Build College scheme; run relevant tests/smoke path.
5,603,SourcePackages/checkouts/swift-atomics/Sources/Atomics/Types/autogenerated/IntegerOperations.swift,C-dependency,497,Low,dependency-watch,dependency-watch,Low,Dependency source reviewed as vendor-owned; no app-actionable finding recorded unless surfaced separately.,Track upstream version/deprecation state; avoid local vendored edits unless app-blocking.,Build College scheme; run relevant tests/smoke path.
5,604,SourcePackages/checkouts/swift-atomics/Sources/Atomics/Unmanaged extensions.swift,C-dependency,50,Low,dependency-watch,dependency-watch,Low,Dependency source reviewed as vendor-owned; no app-actionable finding recorded unless surfaced separately.,Track upstream version/deprecation state; avoid local vendored edits unless app-blocking.,Build College scheme; run relevant tests/smoke path.
5,605,SourcePackages/checkouts/swift-atomics/Tests/AtomicsTests/AtomicLazyReference.swift,C-dependency,70,Low,dependency-watch,dependency-watch,Low,Dependency source reviewed as vendor-owned; no app-actionable finding recorded unless surfaced separately.,Track upstream version/deprecation state; avoid local vendored edits unless app-blocking.,Build College scheme; run relevant tests/smoke path.
5,606,SourcePackages/checkouts/swift-atomics/Tests/AtomicsTests/Basics/BasicTestSupport.swift,C-dependency,67,Low,dependency-watch,dependency-watch,Low,Dependency source reviewed as vendor-owned; no app-actionable finding recorded unless surfaced separately.,Track upstream version/deprecation state; avoid local vendored edits unless app-blocking.,Build College scheme; run relevant tests/smoke path.
5,607,SourcePackages/checkouts/swift-atomics/Tests/AtomicsTests/Basics/autogenerated/BasicAtomicBoolTests.swift,C-dependency,2503,Low,dependency-watch,dependency-watch,Low,Dependency source reviewed as vendor-owned; no app-actionable finding recorded unless surfaced separately.,Track upstream version/deprecation state; avoid local vendored edits unless app-blocking.,Build College scheme; run relevant tests/smoke path.
5,608,SourcePackages/checkouts/swift-atomics/Tests/AtomicsTests/Basics/autogenerated/BasicAtomicDoubleWordTests.swift,C-dependency,1901,Low,dependency-watch,dependency-watch,Low,Dependency source reviewed as vendor-owned; no app-actionable finding recorded unless surfaced separately.,Track upstream version/deprecation state; avoid local vendored edits unless app-blocking.,Build College scheme; run relevant tests/smoke path.
5,609,SourcePackages/checkouts/swift-atomics/Tests/AtomicsTests/Basics/autogenerated/BasicAtomicInt16Tests.swift,C-dependency,2903,Low,dependency-watch,dependency-watch,Low,Dependency source reviewed as vendor-owned; no app-actionable finding recorded unless surfaced separately.,Track upstream version/deprecation state; avoid local vendored edits unless app-blocking.,Build College scheme; run relevant tests/smoke path.
5,610,SourcePackages/checkouts/swift-atomics/Tests/AtomicsTests/Basics/autogenerated/BasicAtomicInt32Tests.swift,C-dependency,2903,Low,dependency-watch,dependency-watch,Low,Dependency source reviewed as vendor-owned; no app-actionable finding recorded unless surfaced separately.,Track upstream version/deprecation state; avoid local vendored edits unless app-blocking.,Build College scheme; run relevant tests/smoke path.
5,611,SourcePackages/checkouts/swift-atomics/Tests/AtomicsTests/Basics/autogenerated/BasicAtomicInt64Tests.swift,C-dependency,2903,Low,dependency-watch,dependency-watch,Low,Dependency source reviewed as vendor-owned; no app-actionable finding recorded unless surfaced separately.,Track upstream version/deprecation state; avoid local vendored edits unless app-blocking.,Build College scheme; run relevant tests/smoke path.
5,612,SourcePackages/checkouts/swift-atomics/Tests/AtomicsTests/Basics/autogenerated/BasicAtomicInt8Tests.swift,C-dependency,2903,Low,dependency-watch,dependency-watch,Low,Dependency source reviewed as vendor-owned; no app-actionable finding recorded unless surfaced separately.,Track upstream version/deprecation state; avoid local vendored edits unless app-blocking.,Build College scheme; run relevant tests/smoke path.
5,613,SourcePackages/checkouts/swift-atomics/Tests/AtomicsTests/Basics/autogenerated/BasicAtomicIntTests.swift,C-dependency,2903,Low,dependency-watch,dependency-watch,Low,Dependency source reviewed as vendor-owned; no app-actionable finding recorded unless surfaced separately.,Track upstream version/deprecation state; avoid local vendored edits unless app-blocking.,Build College scheme; run relevant tests/smoke path.
5,614,SourcePackages/checkouts/swift-atomics/Tests/AtomicsTests/Basics/autogenerated/BasicAtomicMutablePointerTests.swift,C-dependency,1922,Low,dependency-watch,dependency-watch,Low,Dependency source reviewed as vendor-owned; no app-actionable finding recorded unless surfaced separately.,Track upstream version/deprecation state; avoid local vendored edits unless app-blocking.,Build College scheme; run relevant tests/smoke path.
5,615,SourcePackages/checkouts/swift-atomics/Tests/AtomicsTests/Basics/autogenerated/BasicAtomicMutableRawPointerTests.swift,C-dependency,1911,Low,dependency-watch,dependency-watch,Low,Dependency source reviewed as vendor-owned; no app-actionable finding recorded unless surfaced separately.,Track upstream version/deprecation state; avoid local vendored edits unless app-blocking.,Build College scheme; run relevant tests/smoke path.
5,616,SourcePackages/checkouts/swift-atomics/Tests/AtomicsTests/Basics/autogenerated/BasicAtomicOptionalMutablePointerTests.swift,C-dependency,1922,Low,dependency-watch,dependency-watch,Low,Dependency source reviewed as vendor-owned; no app-actionable finding recorded unless surfaced separately.,Track upstream version/deprecation state; avoid local vendored edits unless app-blocking.,Build College scheme; run relevant tests/smoke path.
5,617,SourcePackages/checkouts/swift-atomics/Tests/AtomicsTests/Basics/autogenerated/BasicAtomicOptionalMutableRawPointerTests.swift,C-dependency,1911,Low,dependency-watch,dependency-watch,Low,Dependency source reviewed as vendor-owned; no app-actionable finding recorded unless surfaced separately.,Track upstream version/deprecation state; avoid local vendored edits unless app-blocking.,Build College scheme; run relevant tests/smoke path.
5,618,SourcePackages/checkouts/swift-atomics/Tests/AtomicsTests/Basics/autogenerated/BasicAtomicOptionalPointerTests.swift,C-dependency,1922,Low,dependency-watch,dependency-watch,Low,Dependency source reviewed as vendor-owned; no app-actionable finding recorded unless surfaced separately.,Track upstream version/deprecation state; avoid local vendored edits unless app-blocking.,Build College scheme; run relevant tests/smoke path.
5,619,SourcePackages/checkouts/swift-atomics/Tests/AtomicsTests/Basics/autogenerated/BasicAtomicOptionalRawPointerTests.swift,C-dependency,1911,Low,dependency-watch,dependency-watch,Low,Dependency source reviewed as vendor-owned; no app-actionable finding recorded unless surfaced separately.,Track upstream version/deprecation state; avoid local vendored edits unless app-blocking.,Build College scheme; run relevant tests/smoke path.
5,620,SourcePackages/checkouts/swift-atomics/Tests/AtomicsTests/Basics/autogenerated/BasicAtomicOptionalRawRepresentableTests.swift,C-dependency,1901,Low,dependency-watch,dependency-watch,Low,Dependency source reviewed as vendor-owned; no app-actionable finding recorded unless surfaced separately.,Track upstream version/deprecation state; avoid local vendored edits unless app-blocking.,Build College scheme; run relevant tests/smoke path.
5,621,SourcePackages/checkouts/swift-atomics/Tests/AtomicsTests/Basics/autogenerated/BasicAtomicOptionalReferenceTests.swift,C-dependency,1903,Low,dependency-watch,dependency-watch,Low,Dependency source reviewed as vendor-owned; no app-actionable finding recorded unless surfaced separately.,Track upstream version/deprecation state; avoid local vendored edits unless app-blocking.,Build College scheme; run relevant tests/smoke path.
5,622,SourcePackages/checkouts/swift-atomics/Tests/AtomicsTests/Basics/autogenerated/BasicAtomicOptionalUnmanagedTests.swift,C-dependency,1908,Low,dependency-watch,dependency-watch,Low,Dependency source reviewed as vendor-owned; no app-actionable finding recorded unless surfaced separately.,Track upstream version/deprecation state; avoid local vendored edits unless app-blocking.,Build College scheme; run relevant tests/smoke path.
5,623,SourcePackages/checkouts/swift-atomics/Tests/AtomicsTests/Basics/autogenerated/BasicAtomicPointerTests.swift,C-dependency,1922,Low,dependency-watch,dependency-watch,Low,Dependency source reviewed as vendor-owned; no app-actionable finding recorded unless surfaced separately.,Track upstream version/deprecation state; avoid local vendored edits unless app-blocking.,Build College scheme; run relevant tests/smoke path.
5,624,SourcePackages/checkouts/swift-atomics/Tests/AtomicsTests/Basics/autogenerated/BasicAtomicRawPointerTests.swift,C-dependency,1911,Low,dependency-watch,dependency-watch,Low,Dependency source reviewed as vendor-owned; no app-actionable finding recorded unless surfaced separately.,Track upstream version/deprecation state; avoid local vendored edits unless app-blocking.,Build College scheme; run relevant tests/smoke path.
5,625,SourcePackages/checkouts/swift-atomics/Tests/AtomicsTests/Basics/autogenerated/BasicAtomicRawRepresentableTests.swift,C-dependency,1901,Low,dependency-watch,dependency-watch,Low,Dependency source reviewed as vendor-owned; no app-actionable finding recorded unless surfaced separately.,Track upstream version/deprecation state; avoid local vendored edits unless app-blocking.,Build College scheme; run relevant tests/smoke path.
6,626,SourcePackages/checkouts/swift-atomics/Tests/AtomicsTests/Basics/autogenerated/BasicAtomicReferenceTests.swift,C-dependency,1903,Low,dependency-watch,dependency-watch,Low,Dependency source reviewed as vendor-owned; no app-actionable finding recorded unless surfaced separately.,Track upstream version/deprecation state; avoid local vendored edits unless app-blocking.,Build College scheme; run relevant tests/smoke path.
6,627,SourcePackages/checkouts/swift-atomics/Tests/AtomicsTests/Basics/autogenerated/BasicAtomicUInt16Tests.swift,C-dependency,2903,Low,dependency-watch,dependency-watch,Low,Dependency source reviewed as vendor-owned; no app-actionable finding recorded unless surfaced separately.,Track upstream version/deprecation state; avoid local vendored edits unless app-blocking.,Build College scheme; run relevant tests/smoke path.
6,628,SourcePackages/checkouts/swift-atomics/Tests/AtomicsTests/Basics/autogenerated/BasicAtomicUInt32Tests.swift,C-dependency,2903,Low,dependency-watch,dependency-watch,Low,Dependency source reviewed as vendor-owned; no app-actionable finding recorded unless surfaced separately.,Track upstream version/deprecation state; avoid local vendored edits unless app-blocking.,Build College scheme; run relevant tests/smoke path.
6,629,SourcePackages/checkouts/swift-atomics/Tests/AtomicsTests/Basics/autogenerated/BasicAtomicUInt64Tests.swift,C-dependency,2903,Low,dependency-watch,dependency-watch,Low,Dependency source reviewed as vendor-owned; no app-actionable finding recorded unless surfaced separately.,Track upstream version/deprecation state; avoid local vendored edits unless app-blocking.,Build College scheme; run relevant tests/smoke path.
6,630,SourcePackages/checkouts/swift-atomics/Tests/AtomicsTests/Basics/autogenerated/BasicAtomicUInt8Tests.swift,C-dependency,2903,Low,dependency-watch,dependency-watch,Low,Dependency source reviewed as vendor-owned; no app-actionable finding recorded unless surfaced separately.,Track upstream version/deprecation state; avoid local vendored edits unless app-blocking.,Build College scheme; run relevant tests/smoke path.
6,631,SourcePackages/checkouts/swift-atomics/Tests/AtomicsTests/Basics/autogenerated/BasicAtomicUIntTests.swift,C-dependency,2903,Low,dependency-watch,dependency-watch,Low,Dependency source reviewed as vendor-owned; no app-actionable finding recorded unless surfaced separately.,Track upstream version/deprecation state; avoid local vendored edits unless app-blocking.,Build College scheme; run relevant tests/smoke path.
6,632,SourcePackages/checkouts/swift-atomics/Tests/AtomicsTests/Basics/autogenerated/BasicAtomicUnmanagedTests.swift,C-dependency,1908,Low,dependency-watch,dependency-watch,Low,Dependency source reviewed as vendor-owned; no app-actionable finding recorded unless surfaced separately.,Track upstream version/deprecation state; avoid local vendored edits unless app-blocking.,Build College scheme; run relevant tests/smoke path.
6,633,SourcePackages/checkouts/swift-atomics/Tests/AtomicsTests/DoubleWord.swift,C-dependency,95,Low,dependency-watch,dependency-watch,Low,Dependency source reviewed as vendor-owned; no app-actionable finding recorded unless surfaced separately.,Track upstream version/deprecation state; avoid local vendored edits unless app-blocking.,Build College scheme; run relevant tests/smoke path.
6,634,SourcePackages/checkouts/swift-atomics/Tests/AtomicsTests/LifetimeTracked.swift,C-dependency,78,Low,dependency-watch,dependency-watch,Low,Dependency source reviewed as vendor-owned; no app-actionable finding recorded unless surfaced separately.,Track upstream version/deprecation state; avoid local vendored edits unless app-blocking.,Build College scheme; run relevant tests/smoke path.
6,635,SourcePackages/checkouts/swift-atomics/Tests/AtomicsTests/LockFreeQueue.swift,C-dependency,195,Low,dependency-watch,dependency-watch,Low,Dependency source reviewed as vendor-owned; no app-actionable finding recorded unless surfaced separately.,Track upstream version/deprecation state; avoid local vendored edits unless app-blocking.,Build College scheme; run relevant tests/smoke path.
6,636,SourcePackages/checkouts/swift-atomics/Tests/AtomicsTests/LockFreeSingleConsumerStack.swift,C-dependency,153,Low,dependency-watch,dependency-watch,Low,Dependency source reviewed as vendor-owned; no app-actionable finding recorded unless surfaced separately.,Track upstream version/deprecation state; avoid local vendored edits unless app-blocking.,Build College scheme; run relevant tests/smoke path.
6,637,SourcePackages/checkouts/swift-atomics/Tests/AtomicsTests/StrongReferenceRace.swift,C-dependency,289,Low,dependency-watch,dependency-watch,Low,Dependency source reviewed as vendor-owned; no app-actionable finding recorded unless surfaced separately.,Track upstream version/deprecation state; avoid local vendored edits unless app-blocking.,Build College scheme; run relevant tests/smoke path.
6,638,SourcePackages/checkouts/swift-atomics/Tests/AtomicsTests/StrongReferenceShuffle.swift,C-dependency,291,Low,dependency-watch,dependency-watch,Low,Dependency source reviewed as vendor-owned; no app-actionable finding recorded unless surfaced separately.,Track upstream version/deprecation state; avoid local vendored edits unless app-blocking.,Build College scheme; run relevant tests/smoke path.
6,639,SourcePackages/checkouts/swift-atomics/Tests/AtomicsTests/StrongReferenceSubclass.swift,C-dependency,83,Low,dependency-watch,dependency-watch,Low,Dependency source reviewed as vendor-owned; no app-actionable finding recorded unless surfaced separately.,Track upstream version/deprecation state; avoid local vendored edits unless app-blocking.,Build College scheme; run relevant tests/smoke path.
6,640,SourcePackages/checkouts/swift-atomics/Tests/AtomicsTests/main.swift,C-dependency,53,Low,dependency-watch,dependency-watch,Low,Dependency source reviewed as vendor-owned; no app-actionable finding recorded unless surfaced separately.,Track upstream version/deprecation state; avoid local vendored edits unless app-blocking.,Build College scheme; run relevant tests/smoke path.
6,641,SourcePackages/checkouts/swift-atomics/Tests/lit/autogenerated/AtomicsFolding.swift,C-dependency,17205,Low,dependency-watch,dependency-watch,Low,Dependency source reviewed as vendor-owned; no app-actionable finding recorded unless surfaced separately.,Track upstream version/deprecation state; avoid local vendored edits unless app-blocking.,Build College scheme; run relevant tests/smoke path.
6,642,SourcePackages/checkouts/swift-atomics/Tests/lit/autogenerated/UnsafeAtomicInitializers.swift,C-dependency,276,Low,dependency-watch,dependency-watch,Low,Dependency source reviewed as vendor-owned; no app-actionable finding recorded unless surfaced separately.,Track upstream version/deprecation state; avoid local vendored edits unless app-blocking.,Build College scheme; run relevant tests/smoke path.
6,643,SourcePackages/checkouts/swift-collections/Benchmarks/Package.swift,C-dependency,54,Low,dependency-watch,dependency-watch,Low,Dependency source reviewed as vendor-owned; no app-actionable finding recorded unless surfaced separately.,Track upstream version/deprecation state; avoid local vendored edits unless app-blocking.,Build College scheme; run relevant tests/smoke path.
6,644,SourcePackages/checkouts/swift-collections/Benchmarks/Sources/Benchmarks/ArrayBenchmarks.swift,C-dependency,276,Low,dependency-watch,dependency-watch,Low,Dependency source reviewed as vendor-owned; no app-actionable finding recorded unless surfaced separately.,Track upstream version/deprecation state; avoid local vendored edits unless app-blocking.,Build College scheme; run relevant tests/smoke path.
6,645,SourcePackages/checkouts/swift-collections/Benchmarks/Sources/Benchmarks/BigStringBenchmarks.swift,C-dependency,458,Low,dependency-watch,dependency-watch,Low,Dependency source reviewed as vendor-owned; no app-actionable finding recorded unless surfaced separately.,Track upstream version/deprecation state; avoid local vendored edits unless app-blocking.,Build College scheme; run relevant tests/smoke path.
6,646,SourcePackages/checkouts/swift-collections/Benchmarks/Sources/Benchmarks/BitsetBenchmarks.swift,C-dependency,357,Low,dependency-watch,dependency-watch,Low,Dependency source reviewed as vendor-owned; no app-actionable finding recorded unless surfaced separately.,Track upstream version/deprecation state; avoid local vendored edits unless app-blocking.,Build College scheme; run relevant tests/smoke path.
6,647,SourcePackages/checkouts/swift-collections/Benchmarks/Sources/Benchmarks/Cpp/CppBenchmarks.swift,C-dependency,45,Low,dependency-watch,dependency-watch,Low,Dependency source reviewed as vendor-owned; no app-actionable finding recorded unless surfaced separately.,Track upstream version/deprecation state; avoid local vendored edits unless app-blocking.,Build College scheme; run relevant tests/smoke path.
6,648,SourcePackages/checkouts/swift-collections/Benchmarks/Sources/Benchmarks/Cpp/CppDequeBenchmarks.swift,C-dependency,170,Low,dependency-watch,dependency-watch,Low,Dependency source reviewed as vendor-owned; no app-actionable finding recorded unless surfaced separately.,Track upstream version/deprecation state; avoid local vendored edits unless app-blocking.,Build College scheme; run relevant tests/smoke path.
6,649,SourcePackages/checkouts/swift-collections/Benchmarks/Sources/Benchmarks/Cpp/CppMapBenchmarks.swift,C-dependency,59,Low,dependency-watch,dependency-watch,Low,Dependency source reviewed as vendor-owned; no app-actionable finding recorded unless surfaced separately.,Track upstream version/deprecation state; avoid local vendored edits unless app-blocking.,Build College scheme; run relevant tests/smoke path.
6,650,SourcePackages/checkouts/swift-collections/Benchmarks/Sources/Benchmarks/Cpp/CppPriorityQueueBenchmarks.swift,C-dependency,96,Low,dependency-watch,dependency-watch,Low,Dependency source reviewed as vendor-owned; no app-actionable finding recorded unless surfaced separately.,Track upstream version/deprecation state; avoid local vendored edits unless app-blocking.,Build College scheme; run relevant tests/smoke path.
6,651,SourcePackages/checkouts/swift-collections/Benchmarks/Sources/Benchmarks/Cpp/CppUnorderedMapBenchmarks.swift,C-dependency,153,Low,dependency-watch,dependency-watch,Low,Dependency source reviewed as vendor-owned; no app-actionable finding recorded unless surfaced separately.,Track upstream version/deprecation state; avoid local vendored edits unless app-blocking.,Build College scheme; run relevant tests/smoke path.
6,652,SourcePackages/checkouts/swift-collections/Benchmarks/Sources/Benchmarks/Cpp/CppUnorderedSetBenchmarks.swift,C-dependency,122,Low,dependency-watch,dependency-watch,Low,Dependency source reviewed as vendor-owned; no app-actionable finding recorded unless surfaced separately.,Track upstream version/deprecation state; avoid local vendored edits unless app-blocking.,Build College scheme; run relevant tests/smoke path.
6,653,SourcePackages/checkouts/swift-collections/Benchmarks/Sources/Benchmarks/Cpp/CppVectorBenchmarks.swift,C-dependency,188,Low,dependency-watch,dependency-watch,Low,Dependency source reviewed as vendor-owned; no app-actionable finding recorded unless surfaced separately.,Track upstream version/deprecation state; avoid local vendored edits unless app-blocking.,Build College scheme; run relevant tests/smoke path.
6,654,SourcePackages/checkouts/swift-collections/Benchmarks/Sources/Benchmarks/Cpp/CppVectorBoolBenchmarks.swift,C-dependency,237,Low,dependency-watch,dependency-watch,Low,Dependency source reviewed as vendor-owned; no app-actionable finding recorded unless surfaced separately.,Track upstream version/deprecation state; avoid local vendored edits unless app-blocking.,Build College scheme; run relevant tests/smoke path.
6,655,SourcePackages/checkouts/swift-collections/Benchmarks/Sources/Benchmarks/CustomGenerators.swift,C-dependency,70,Low,dependency-watch,dependency-watch,Low,Dependency source reviewed as vendor-owned; no app-actionable finding recorded unless surfaced separately.,Track upstream version/deprecation state; avoid local vendored edits unless app-blocking.,Build College scheme; run relevant tests/smoke path.
6,656,SourcePackages/checkouts/swift-collections/Benchmarks/Sources/Benchmarks/DequeBenchmarks.swift,C-dependency,541,Low,dependency-watch,dependency-watch,Low,Dependency source reviewed as vendor-owned; no app-actionable finding recorded unless surfaced separately.,Track upstream version/deprecation state; avoid local vendored edits unless app-blocking.,Build College scheme; run relevant tests/smoke path.
6,657,SourcePackages/checkouts/swift-collections/Benchmarks/Sources/Benchmarks/DictionaryBenchmarks.swift,C-dependency,440,Low,dependency-watch,dependency-watch,Low,Dependency source reviewed as vendor-owned; no app-actionable finding recorded unless surfaced separately.,Track upstream version/deprecation state; avoid local vendored edits unless app-blocking.,Build College scheme; run relevant tests/smoke path.
6,658,SourcePackages/checkouts/swift-collections/Benchmarks/Sources/Benchmarks/Foundation/CFBinaryHeapBenchmarks.swift,C-dependency,103,Low,dependency-watch,dependency-watch,Low,Dependency source reviewed as vendor-owned; no app-actionable finding recorded unless surfaced separately.,Track upstream version/deprecation state; avoid local vendored edits unless app-blocking.,Build College scheme; run relevant tests/smoke path.
6,659,SourcePackages/checkouts/swift-collections/Benchmarks/Sources/Benchmarks/Foundation/CFBitVectorBenchmarks.swift,C-dependency,161,Low,dependency-watch,dependency-watch,Low,Dependency source reviewed as vendor-owned; no app-actionable finding recorded unless surfaced separately.,Track upstream version/deprecation state; avoid local vendored edits unless app-blocking.,Build College scheme; run relevant tests/smoke path.
6,660,SourcePackages/checkouts/swift-collections/Benchmarks/Sources/Benchmarks/Foundation/FoundationBenchmarks.swift,C-dependency,19,Low,dependency-watch,dependency-watch,Low,Dependency source reviewed as vendor-owned; no app-actionable finding recorded unless surfaced separately.,Track upstream version/deprecation state; avoid local vendored edits unless app-blocking.,Build College scheme; run relevant tests/smoke path.
6,661,SourcePackages/checkouts/swift-collections/Benchmarks/Sources/Benchmarks/HeapBenchmarks.swift,C-dependency,88,Low,dependency-watch,dependency-watch,Low,Dependency source reviewed as vendor-owned; no app-actionable finding recorded unless surfaced separately.,Track upstream version/deprecation state; avoid local vendored edits unless app-blocking.,Build College scheme; run relevant tests/smoke path.
6,662,SourcePackages/checkouts/swift-collections/Benchmarks/Sources/Benchmarks/Kalimba.swift,C-dependency,64,Low,dependency-watch,dependency-watch,Low,Dependency source reviewed as vendor-owned; no app-actionable finding recorded unless surfaced separately.,Track upstream version/deprecation state; avoid local vendored edits unless app-blocking.,Build College scheme; run relevant tests/smoke path.
6,663,SourcePackages/checkouts/swift-collections/Benchmarks/Sources/Benchmarks/OrderedDictionaryBenchmarks.swift,C-dependency,600,Low,dependency-watch,dependency-watch,Low,Dependency source reviewed as vendor-owned; no app-actionable finding recorded unless surfaced separately.,Track upstream version/deprecation state; avoid local vendored edits unless app-blocking.,Build College scheme; run relevant tests/smoke path.
6,664,SourcePackages/checkouts/swift-collections/Benchmarks/Sources/Benchmarks/OrderedSetBenchmarks.swift,C-dependency,612,Low,dependency-watch,dependency-watch,Low,Dependency source reviewed as vendor-owned; no app-actionable finding recorded unless surfaced separately.,Track upstream version/deprecation state; avoid local vendored edits unless app-blocking.,Build College scheme; run relevant tests/smoke path.
6,665,SourcePackages/checkouts/swift-collections/Benchmarks/Sources/Benchmarks/SetBenchmarks.swift,C-dependency,504,Low,dependency-watch,dependency-watch,Low,Dependency source reviewed as vendor-owned; no app-actionable finding recorded unless surfaced separately.,Track upstream version/deprecation state; avoid local vendored edits unless app-blocking.,Build College scheme; run relevant tests/smoke path.
6,666,SourcePackages/checkouts/swift-collections/Benchmarks/Sources/Benchmarks/ShareableDictionaryBenchmarks.swift,C-dependency,532,Low,dependency-watch,dependency-watch,Low,Dependency source reviewed as vendor-owned; no app-actionable finding recorded unless surfaced separately.,Track upstream version/deprecation state; avoid local vendored edits unless app-blocking.,Build College scheme; run relevant tests/smoke path.
6,667,SourcePackages/checkouts/swift-collections/Benchmarks/Sources/Benchmarks/ShareableSetBenchmarks.swift,C-dependency,477,Low,dependency-watch,dependency-watch,Low,Dependency source reviewed as vendor-owned; no app-actionable finding recorded unless surfaced separately.,Track upstream version/deprecation state; avoid local vendored edits unless app-blocking.,Build College scheme; run relevant tests/smoke path.
6,668,SourcePackages/checkouts/swift-collections/Benchmarks/Sources/Benchmarks/SortedDictionaryBenchmarks.swift,C-dependency,305,Low,dependency-watch,dependency-watch,Low,Dependency source reviewed as vendor-owned; no app-actionable finding recorded unless surfaced separately.,Track upstream version/deprecation state; avoid local vendored edits unless app-blocking.,Build College scheme; run relevant tests/smoke path.
6,669,SourcePackages/checkouts/swift-collections/Benchmarks/Sources/Benchmarks/SortedSetBenchmarks.swift,C-dependency,209,Low,dependency-watch,dependency-watch,Low,Dependency source reviewed as vendor-owned; no app-actionable finding recorded unless surfaced separately.,Track upstream version/deprecation state; avoid local vendored edits unless app-blocking.,Build College scheme; run relevant tests/smoke path.
6,670,SourcePackages/checkouts/swift-collections/Benchmarks/Sources/benchmark-tool/main.swift,C-dependency,49,Low,dependency-watch,dependency-watch,Low,Dependency source reviewed as vendor-owned; no app-actionable finding recorded unless surfaced separately.,Track upstream version/deprecation state; avoid local vendored edits unless app-blocking.,Build College scheme; run relevant tests/smoke path.
6,671,SourcePackages/checkouts/swift-collections/Benchmarks/Sources/memory-benchmark/DictionaryStatistics.swift,C-dependency,62,Low,dependency-watch,dependency-watch,Low,Dependency source reviewed as vendor-owned; no app-actionable finding recorded unless surfaced separately.,Track upstream version/deprecation state; avoid local vendored edits unless app-blocking.,Build College scheme; run relevant tests/smoke path.
6,672,SourcePackages/checkouts/swift-collections/Benchmarks/Sources/memory-benchmark/MemoryBenchmarks.swift,C-dependency,80,Low,dependency-watch,dependency-watch,Low,Dependency source reviewed as vendor-owned; no app-actionable finding recorded unless surfaced separately.,Track upstream version/deprecation state; avoid local vendored edits unless app-blocking.,Build College scheme; run relevant tests/smoke path.
6,673,SourcePackages/checkouts/swift-collections/Package.swift,C-dependency,367,Low,dependency-watch,dependency-watch,Low,Dependency source reviewed as vendor-owned; no app-actionable finding recorded unless surfaced separately.,Track upstream version/deprecation state; avoid local vendored edits unless app-blocking.,Build College scheme; run relevant tests/smoke path.
6,674,SourcePackages/checkouts/swift-collections/Package@swift-6.0.swift,C-dependency,391,Low,dependency-watch,dependency-watch,Low,Dependency source reviewed as vendor-owned; no app-actionable finding recorded unless surfaced separately.,Track upstream version/deprecation state; avoid local vendored edits unless app-blocking.,Build College scheme; run relevant tests/smoke path.
6,675,SourcePackages/checkouts/swift-collections/Sources/BasicContainers/RigidArray+Append.swift,C-dependency,347,Low,dependency-watch,dependency-watch,Low,Dependency source reviewed as vendor-owned; no app-actionable finding recorded unless surfaced separately.,Track upstream version/deprecation state; avoid local vendored edits unless app-blocking.,Build College scheme; run relevant tests/smoke path.
6,676,SourcePackages/checkouts/swift-collections/Sources/BasicContainers/RigidArray+Experimental.swift,C-dependency,101,Low,dependency-watch,dependency-watch,Low,Dependency source reviewed as vendor-owned; no app-actionable finding recorded unless surfaced separately.,Track upstream version/deprecation state; avoid local vendored edits unless app-blocking.,Build College scheme; run relevant tests/smoke path.
6,677,SourcePackages/checkouts/swift-collections/Sources/BasicContainers/RigidArray+Initializers.swift,C-dependency,151,Low,dependency-watch,dependency-watch,Low,Dependency source reviewed as vendor-owned; no app-actionable finding recorded unless surfaced separately.,Track upstream version/deprecation state; avoid local vendored edits unless app-blocking.,Build College scheme; run relevant tests/smoke path.
6,678,SourcePackages/checkouts/swift-collections/Sources/BasicContainers/RigidArray+Insertions.swift,C-dependency,483,Low,dependency-watch,dependency-watch,Low,Dependency source reviewed as vendor-owned; no app-actionable finding recorded unless surfaced separately.,Track upstream version/deprecation state; avoid local vendored edits unless app-blocking.,Build College scheme; run relevant tests/smoke path.
6,679,SourcePackages/checkouts/swift-collections/Sources/BasicContainers/RigidArray+Removals.swift,C-dependency,216,Low,dependency-watch,dependency-watch,Low,Dependency source reviewed as vendor-owned; no app-actionable finding recorded unless surfaced separately.,Track upstream version/deprecation state; avoid local vendored edits unless app-blocking.,Build College scheme; run relevant tests/smoke path.
6,680,SourcePackages/checkouts/swift-collections/Sources/BasicContainers/RigidArray+Replacements.swift,C-dependency,549,Low,dependency-watch,dependency-watch,Low,Dependency source reviewed as vendor-owned; no app-actionable finding recorded unless surfaced separately.,Track upstream version/deprecation state; avoid local vendored edits unless app-blocking.,Build College scheme; run relevant tests/smoke path.
6,681,SourcePackages/checkouts/swift-collections/Sources/BasicContainers/RigidArray.swift,C-dependency,591,Low,dependency-watch,dependency-watch,Low,Dependency source reviewed as vendor-owned; no app-actionable finding recorded unless surfaced separately.,Track upstream version/deprecation state; avoid local vendored edits unless app-blocking.,Build College scheme; run relevant tests/smoke path.
6,682,SourcePackages/checkouts/swift-collections/Sources/BasicContainers/UniqueArray+Append.swift,C-dependency,311,Low,dependency-watch,dependency-watch,Low,Dependency source reviewed as vendor-owned; no app-actionable finding recorded unless surfaced separately.,Track upstream version/deprecation state; avoid local vendored edits unless app-blocking.,Build College scheme; run relevant tests/smoke path.
6,683,SourcePackages/checkouts/swift-collections/Sources/BasicContainers/UniqueArray+Experimental.swift,C-dependency,106,Low,dependency-watch,dependency-watch,Low,Dependency source reviewed as vendor-owned; no app-actionable finding recorded unless surfaced separately.,Track upstream version/deprecation state; avoid local vendored edits unless app-blocking.,Build College scheme; run relevant tests/smoke path.
6,684,SourcePackages/checkouts/swift-collections/Sources/BasicContainers/UniqueArray+Initializers.swift,C-dependency,129,Low,dependency-watch,dependency-watch,Low,Dependency source reviewed as vendor-owned; no app-actionable finding recorded unless surfaced separately.,Track upstream version/deprecation state; avoid local vendored edits unless app-blocking.,Build College scheme; run relevant tests/smoke path.
6,685,SourcePackages/checkouts/swift-collections/Sources/BasicContainers/UniqueArray+Insertions.swift,C-dependency,407,Low,dependency-watch,dependency-watch,Low,Dependency source reviewed as vendor-owned; no app-actionable finding recorded unless surfaced separately.,Track upstream version/deprecation state; avoid local vendored edits unless app-blocking.,Build College scheme; run relevant tests/smoke path.
6,686,SourcePackages/checkouts/swift-collections/Sources/BasicContainers/UniqueArray+Removals.swift,C-dependency,177,Low,dependency-watch,dependency-watch,Low,Dependency source reviewed as vendor-owned; no app-actionable finding recorded unless surfaced separately.,Track upstream version/deprecation state; avoid local vendored edits unless app-blocking.,Build College scheme; run relevant tests/smoke path.
6,687,SourcePackages/checkouts/swift-collections/Sources/BasicContainers/UniqueArray+Replacements.swift,C-dependency,511,Low,dependency-watch,dependency-watch,Low,Dependency source reviewed as vendor-owned; no app-actionable finding recorded unless surfaced separately.,Track upstream version/deprecation state; avoid local vendored edits unless app-blocking.,Build College scheme; run relevant tests/smoke path.
6,688,SourcePackages/checkouts/swift-collections/Sources/BasicContainers/UniqueArray.swift,C-dependency,413,Low,dependency-watch,dependency-watch,Low,Dependency source reviewed as vendor-owned; no app-actionable finding recorded unless surfaced separately.,Track upstream version/deprecation state; avoid local vendored edits unless app-blocking.,Build College scheme; run relevant tests/smoke path.
6,689,SourcePackages/checkouts/swift-collections/Sources/BitCollections/BitArray/BitArray+BitwiseOperations.swift,C-dependency,198,Low,dependency-watch,dependency-watch,Low,Dependency source reviewed as vendor-owned; no app-actionable finding recorded unless surfaced separately.,Track upstream version/deprecation state; avoid local vendored edits unless app-blocking.,Build College scheme; run relevant tests/smoke path.
6,690,SourcePackages/checkouts/swift-collections/Sources/BitCollections/BitArray/BitArray+ChunkedBitsIterators.swift,C-dependency,100,Low,dependency-watch,dependency-watch,Low,Dependency source reviewed as vendor-owned; no app-actionable finding recorded unless surfaced separately.,Track upstream version/deprecation state; avoid local vendored edits unless app-blocking.,Build College scheme; run relevant tests/smoke path.
6,691,SourcePackages/checkouts/swift-collections/Sources/BitCollections/BitArray/BitArray+Codable.swift,C-dependency,79,Low,dependency-watch,dependency-watch,Low,Dependency source reviewed as vendor-owned; no app-actionable finding recorded unless surfaced separately.,Track upstream version/deprecation state; avoid local vendored edits unless app-blocking.,Build College scheme; run relevant tests/smoke path.
6,692,SourcePackages/checkouts/swift-collections/Sources/BitCollections/BitArray/BitArray+Collection.swift,C-dependency,188,Low,dependency-watch,dependency-watch,Low,Dependency source reviewed as vendor-owned; no app-actionable finding recorded unless surfaced separately.,Track upstream version/deprecation state; avoid local vendored edits unless app-blocking.,Build College scheme; run relevant tests/smoke path.
6,693,SourcePackages/checkouts/swift-collections/Sources/BitCollections/BitArray/BitArray+Copy.swift,C-dependency,176,Low,dependency-watch,dependency-watch,Low,Dependency source reviewed as vendor-owned; no app-actionable finding recorded unless surfaced separately.,Track upstream version/deprecation state; avoid local vendored edits unless app-blocking.,Build College scheme; run relevant tests/smoke path.
6,694,SourcePackages/checkouts/swift-collections/Sources/BitCollections/BitArray/BitArray+CustomReflectable.swift,C-dependency,19,Low,dependency-watch,dependency-watch,Low,Dependency source reviewed as vendor-owned; no app-actionable finding recorded unless surfaced separately.,Track upstream version/deprecation state; avoid local vendored edits unless app-blocking.,Build College scheme; run relevant tests/smoke path.
6,695,SourcePackages/checkouts/swift-collections/Sources/BitCollections/BitArray/BitArray+Descriptions.swift,C-dependency,87,Low,dependency-watch,dependency-watch,Low,Dependency source reviewed as vendor-owned; no app-actionable finding recorded unless surfaced separately.,Track upstream version/deprecation state; avoid local vendored edits unless app-blocking.,Build College scheme; run relevant tests/smoke path.
6,696,SourcePackages/checkouts/swift-collections/Sources/BitCollections/BitArray/BitArray+Equatable.swift,C-dependency,25,Low,dependency-watch,dependency-watch,Low,Dependency source reviewed as vendor-owned; no app-actionable finding recorded unless surfaced separately.,Track upstream version/deprecation state; avoid local vendored edits unless app-blocking.,Build College scheme; run relevant tests/smoke path.
6,697,SourcePackages/checkouts/swift-collections/Sources/BitCollections/BitArray/BitArray+ExpressibleByArrayLiteral.swift,C-dependency,18,Low,dependency-watch,dependency-watch,Low,Dependency source reviewed as vendor-owned; no app-actionable finding recorded unless surfaced separately.,Track upstream version/deprecation state; avoid local vendored edits unless app-blocking.,Build College scheme; run relevant tests/smoke path.
6,698,SourcePackages/checkouts/swift-collections/Sources/BitCollections/BitArray/BitArray+ExpressibleByStringLiteral.swift,C-dependency,23,Low,dependency-watch,dependency-watch,Low,Dependency source reviewed as vendor-owned; no app-actionable finding recorded unless surfaced separately.,Track upstream version/deprecation state; avoid local vendored edits unless app-blocking.,Build College scheme; run relevant tests/smoke path.
6,699,SourcePackages/checkouts/swift-collections/Sources/BitCollections/BitArray/BitArray+Extras.swift,C-dependency,51,Low,dependency-watch,dependency-watch,Low,Dependency source reviewed as vendor-owned; no app-actionable finding recorded unless surfaced separately.,Track upstream version/deprecation state; avoid local vendored edits unless app-blocking.,Build College scheme; run relevant tests/smoke path.
6,700,SourcePackages/checkouts/swift-collections/Sources/BitCollections/BitArray/BitArray+Fill.swift,C-dependency,46,Low,dependency-watch,dependency-watch,Low,Dependency source reviewed as vendor-owned; no app-actionable finding recorded unless surfaced separately.,Track upstream version/deprecation state; avoid local vendored edits unless app-blocking.,Build College scheme; run relevant tests/smoke path.
6,701,SourcePackages/checkouts/swift-collections/Sources/BitCollections/BitArray/BitArray+Hashable.swift,C-dependency,24,Low,dependency-watch,dependency-watch,Low,Dependency source reviewed as vendor-owned; no app-actionable finding recorded unless surfaced separately.,Track upstream version/deprecation state; avoid local vendored edits unless app-blocking.,Build College scheme; run relevant tests/smoke path.
6,702,SourcePackages/checkouts/swift-collections/Sources/BitCollections/BitArray/BitArray+Initializers.swift,C-dependency,275,Low,dependency-watch,dependency-watch,Low,Dependency source reviewed as vendor-owned; no app-actionable finding recorded unless surfaced separately.,Track upstream version/deprecation state; avoid local vendored edits unless app-blocking.,Build College scheme; run relevant tests/smoke path.
6,703,SourcePackages/checkouts/swift-collections/Sources/BitCollections/BitArray/BitArray+Invariants.swift,C-dependency,42,Low,dependency-watch,dependency-watch,Low,Dependency source reviewed as vendor-owned; no app-actionable finding recorded unless surfaced separately.,Track upstream version/deprecation state; avoid local vendored edits unless app-blocking.,Build College scheme; run relevant tests/smoke path.
6,704,SourcePackages/checkouts/swift-collections/Sources/BitCollections/BitArray/BitArray+LosslessStringConvertible.swift,C-dependency,66,Low,dependency-watch,dependency-watch,Low,Dependency source reviewed as vendor-owned; no app-actionable finding recorded unless surfaced separately.,Track upstream version/deprecation state; avoid local vendored edits unless app-blocking.,Build College scheme; run relevant tests/smoke path.
6,705,SourcePackages/checkouts/swift-collections/Sources/BitCollections/BitArray/BitArray+RandomBits.swift,C-dependency,42,Low,dependency-watch,dependency-watch,Low,Dependency source reviewed as vendor-owned; no app-actionable finding recorded unless surfaced separately.,Track upstream version/deprecation state; avoid local vendored edits unless app-blocking.,Build College scheme; run relevant tests/smoke path.
6,706,SourcePackages/checkouts/swift-collections/Sources/BitCollections/BitArray/BitArray+RangeReplaceableCollection.swift,C-dependency,551,Low,dependency-watch,dependency-watch,Low,Dependency source reviewed as vendor-owned; no app-actionable finding recorded unless surfaced separately.,Track upstream version/deprecation state; avoid local vendored edits unless app-blocking.,Build College scheme; run relevant tests/smoke path.
6,707,SourcePackages/checkouts/swift-collections/Sources/BitCollections/BitArray/BitArray+Shifts.swift,C-dependency,162,Low,dependency-watch,dependency-watch,Low,Dependency source reviewed as vendor-owned; no app-actionable finding recorded unless surfaced separately.,Track upstream version/deprecation state; avoid local vendored edits unless app-blocking.,Build College scheme; run relevant tests/smoke path.
6,708,SourcePackages/checkouts/swift-collections/Sources/BitCollections/BitArray/BitArray+Testing.swift,C-dependency,21,Low,dependency-watch,dependency-watch,Low,Dependency source reviewed as vendor-owned; no app-actionable finding recorded unless surfaced separately.,Track upstream version/deprecation state; avoid local vendored edits unless app-blocking.,Build College scheme; run relevant tests/smoke path.
6,709,SourcePackages/checkouts/swift-collections/Sources/BitCollections/BitArray/BitArray._UnsafeHandle.swift,C-dependency,163,Low,dependency-watch,dependency-watch,Low,Dependency source reviewed as vendor-owned; no app-actionable finding recorded unless surfaced separately.,Track upstream version/deprecation state; avoid local vendored edits unless app-blocking.,Build College scheme; run relevant tests/smoke path.
6,710,SourcePackages/checkouts/swift-collections/Sources/BitCollections/BitArray/BitArray.swift,C-dependency,124,Low,dependency-watch,dependency-watch,Low,Dependency source reviewed as vendor-owned; no app-actionable finding recorded unless surfaced separately.,Track upstream version/deprecation state; avoid local vendored edits unless app-blocking.,Build College scheme; run relevant tests/smoke path.
6,711,SourcePackages/checkouts/swift-collections/Sources/BitCollections/BitSet/BitSet+BidirectionalCollection.swift,C-dependency,271,Low,dependency-watch,dependency-watch,Low,Dependency source reviewed as vendor-owned; no app-actionable finding recorded unless surfaced separately.,Track upstream version/deprecation state; avoid local vendored edits unless app-blocking.,Build College scheme; run relevant tests/smoke path.
6,712,SourcePackages/checkouts/swift-collections/Sources/BitCollections/BitSet/BitSet+Codable.swift,C-dependency,38,Low,dependency-watch,dependency-watch,Low,Dependency source reviewed as vendor-owned; no app-actionable finding recorded unless surfaced separately.,Track upstream version/deprecation state; avoid local vendored edits unless app-blocking.,Build College scheme; run relevant tests/smoke path.
6,713,SourcePackages/checkouts/swift-collections/Sources/BitCollections/BitSet/BitSet+CustomDebugStringConvertible.swift,C-dependency,19,Low,dependency-watch,dependency-watch,Low,Dependency source reviewed as vendor-owned; no app-actionable finding recorded unless surfaced separately.,Track upstream version/deprecation state; avoid local vendored edits unless app-blocking.,Build College scheme; run relevant tests/smoke path.
6,714,SourcePackages/checkouts/swift-collections/Sources/BitCollections/BitSet/BitSet+CustomReflectable.swift,C-dependency,19,Low,dependency-watch,dependency-watch,Low,Dependency source reviewed as vendor-owned; no app-actionable finding recorded unless surfaced separately.,Track upstream version/deprecation state; avoid local vendored edits unless app-blocking.,Build College scheme; run relevant tests/smoke path.
6,715,SourcePackages/checkouts/swift-collections/Sources/BitCollections/BitSet/BitSet+CustomStringConvertible.swift,C-dependency,23,Low,dependency-watch,dependency-watch,Low,Dependency source reviewed as vendor-owned; no app-actionable finding recorded unless surfaced separately.,Track upstream version/deprecation state; avoid local vendored edits unless app-blocking.,Build College scheme; run relevant tests/smoke path.
6,716,SourcePackages/checkouts/swift-collections/Sources/BitCollections/BitSet/BitSet+Equatable.swift,C-dependency,25,Low,dependency-watch,dependency-watch,Low,Dependency source reviewed as vendor-owned; no app-actionable finding recorded unless surfaced separately.,Track upstream version/deprecation state; avoid local vendored edits unless app-blocking.,Build College scheme; run relevant tests/smoke path.
6,717,SourcePackages/checkouts/swift-collections/Sources/BitCollections/BitSet/BitSet+ExpressibleByArrayLiteral.swift,C-dependency,27,Low,dependency-watch,dependency-watch,Low,Dependency source reviewed as vendor-owned; no app-actionable finding recorded unless surfaced separately.,Track upstream version/deprecation state; avoid local vendored edits unless app-blocking.,Build College scheme; run relevant tests/smoke path.
6,718,SourcePackages/checkouts/swift-collections/Sources/BitCollections/BitSet/BitSet+Extras.swift,C-dependency,196,Low,dependency-watch,dependency-watch,Low,Dependency source reviewed as vendor-owned; no app-actionable finding recorded unless surfaced separately.,Track upstream version/deprecation state; avoid local vendored edits unless app-blocking.,Build College scheme; run relevant tests/smoke path.
6,719,SourcePackages/checkouts/swift-collections/Sources/BitCollections/BitSet/BitSet+Hashable.swift,C-dependency,20,Low,dependency-watch,dependency-watch,Low,Dependency source reviewed as vendor-owned; no app-actionable finding recorded unless surfaced separately.,Track upstream version/deprecation state; avoid local vendored edits unless app-blocking.,Build College scheme; run relevant tests/smoke path.
6,720,SourcePackages/checkouts/swift-collections/Sources/BitCollections/BitSet/BitSet+Initializers.swift,C-dependency,217,Low,dependency-watch,dependency-watch,Low,Dependency source reviewed as vendor-owned; no app-actionable finding recorded unless surfaced separately.,Track upstream version/deprecation state; avoid local vendored edits unless app-blocking.,Build College scheme; run relevant tests/smoke path.
6,721,SourcePackages/checkouts/swift-collections/Sources/BitCollections/BitSet/BitSet+Invariants.swift,C-dependency,41,Low,dependency-watch,dependency-watch,Low,Dependency source reviewed as vendor-owned; no app-actionable finding recorded unless surfaced separately.,Track upstream version/deprecation state; avoid local vendored edits unless app-blocking.,Build College scheme; run relevant tests/smoke path.
6,722,SourcePackages/checkouts/swift-collections/Sources/BitCollections/BitSet/BitSet+Random.swift,C-dependency,33,Low,dependency-watch,dependency-watch,Low,Dependency source reviewed as vendor-owned; no app-actionable finding recorded unless surfaced separately.,Track upstream version/deprecation state; avoid local vendored edits unless app-blocking.,Build College scheme; run relevant tests/smoke path.
6,723,SourcePackages/checkouts/swift-collections/Sources/BitCollections/BitSet/BitSet+SetAlgebra basics.swift,C-dependency,135,Low,dependency-watch,dependency-watch,Low,Dependency source reviewed as vendor-owned; no app-actionable finding recorded unless surfaced separately.,Track upstream version/deprecation state; avoid local vendored edits unless app-blocking.,Build College scheme; run relevant tests/smoke path.
6,724,SourcePackages/checkouts/swift-collections/Sources/BitCollections/BitSet/BitSet+SetAlgebra conformance.swift,C-dependency,12,Low,dependency-watch,dependency-watch,Low,Dependency source reviewed as vendor-owned; no app-actionable finding recorded unless surfaced separately.,Track upstream version/deprecation state; avoid local vendored edits unless app-blocking.,Build College scheme; run relevant tests/smoke path.
6,725,SourcePackages/checkouts/swift-collections/Sources/BitCollections/BitSet/BitSet+SetAlgebra formIntersection.swift,C-dependency,99,Low,dependency-watch,dependency-watch,Low,Dependency source reviewed as vendor-owned; no app-actionable finding recorded unless surfaced separately.,Track upstream version/deprecation state; avoid local vendored edits unless app-blocking.,Build College scheme; run relevant tests/smoke path.
6,726,SourcePackages/checkouts/swift-collections/Sources/BitCollections/BitSet/BitSet+SetAlgebra formSymmetricDifference.swift,C-dependency,98,Low,dependency-watch,dependency-watch,Low,Dependency source reviewed as vendor-owned; no app-actionable finding recorded unless surfaced separately.,Track upstream version/deprecation state; avoid local vendored edits unless app-blocking.,Build College scheme; run relevant tests/smoke path.
6,727,SourcePackages/checkouts/swift-collections/Sources/BitCollections/BitSet/BitSet+SetAlgebra formUnion.swift,C-dependency,100,Low,dependency-watch,dependency-watch,Low,Dependency source reviewed as vendor-owned; no app-actionable finding recorded unless surfaced separately.,Track upstream version/deprecation state; avoid local vendored edits unless app-blocking.,Build College scheme; run relevant tests/smoke path.
6,728,SourcePackages/checkouts/swift-collections/Sources/BitCollections/BitSet/BitSet+SetAlgebra intersection.swift,C-dependency,91,Low,dependency-watch,dependency-watch,Low,Dependency source reviewed as vendor-owned; no app-actionable finding recorded unless surfaced separately.,Track upstream version/deprecation state; avoid local vendored edits unless app-blocking.,Build College scheme; run relevant tests/smoke path.
6,729,SourcePackages/checkouts/swift-collections/Sources/BitCollections/BitSet/BitSet+SetAlgebra isDisjoint.swift,C-dependency,106,Low,dependency-watch,dependency-watch,Low,Dependency source reviewed as vendor-owned; no app-actionable finding recorded unless surfaced separately.,Track upstream version/deprecation state; avoid local vendored edits unless app-blocking.,Build College scheme; run relevant tests/smoke path.
6,730,SourcePackages/checkouts/swift-collections/Sources/BitCollections/BitSet/BitSet+SetAlgebra isEqualSet.swift,C-dependency,108,Low,dependency-watch,dependency-watch,Low,Dependency source reviewed as vendor-owned; no app-actionable finding recorded unless surfaced separately.,Track upstream version/deprecation state; avoid local vendored edits unless app-blocking.,Build College scheme; run relevant tests/smoke path.
6,731,SourcePackages/checkouts/swift-collections/Sources/BitCollections/BitSet/BitSet+SetAlgebra isStrictSubset.swift,C-dependency,159,Low,dependency-watch,dependency-watch,Low,Dependency source reviewed as vendor-owned; no app-actionable finding recorded unless surfaced separately.,Track upstream version/deprecation state; avoid local vendored edits unless app-blocking.,Build College scheme; run relevant tests/smoke path.
6,732,SourcePackages/checkouts/swift-collections/Sources/BitCollections/BitSet/BitSet+SetAlgebra isStrictSuperset.swift,C-dependency,123,Low,dependency-watch,dependency-watch,Low,Dependency source reviewed as vendor-owned; no app-actionable finding recorded unless surfaced separately.,Track upstream version/deprecation state; avoid local vendored edits unless app-blocking.,Build College scheme; run relevant tests/smoke path.
6,733,SourcePackages/checkouts/swift-collections/Sources/BitCollections/BitSet/BitSet+SetAlgebra isSubset.swift,C-dependency,137,Low,dependency-watch,dependency-watch,Low,Dependency source reviewed as vendor-owned; no app-actionable finding recorded unless surfaced separately.,Track upstream version/deprecation state; avoid local vendored edits unless app-blocking.,Build College scheme; run relevant tests/smoke path.
6,734,SourcePackages/checkouts/swift-collections/Sources/BitCollections/BitSet/BitSet+SetAlgebra isSuperset.swift,C-dependency,111,Low,dependency-watch,dependency-watch,Low,Dependency source reviewed as vendor-owned; no app-actionable finding recorded unless surfaced separately.,Track upstream version/deprecation state; avoid local vendored edits unless app-blocking.,Build College scheme; run relevant tests/smoke path.
6,735,SourcePackages/checkouts/swift-collections/Sources/BitCollections/BitSet/BitSet+SetAlgebra subtract.swift,C-dependency,119,Low,dependency-watch,dependency-watch,Low,Dependency source reviewed as vendor-owned; no app-actionable finding recorded unless surfaced separately.,Track upstream version/deprecation state; avoid local vendored edits unless app-blocking.,Build College scheme; run relevant tests/smoke path.
6,736,SourcePackages/checkouts/swift-collections/Sources/BitCollections/BitSet/BitSet+SetAlgebra subtracting.swift,C-dependency,92,Low,dependency-watch,dependency-watch,Low,Dependency source reviewed as vendor-owned; no app-actionable finding recorded unless surfaced separately.,Track upstream version/deprecation state; avoid local vendored edits unless app-blocking.,Build College scheme; run relevant tests/smoke path.
6,737,SourcePackages/checkouts/swift-collections/Sources/BitCollections/BitSet/BitSet+SetAlgebra symmetricDifference.swift,C-dependency,95,Low,dependency-watch,dependency-watch,Low,Dependency source reviewed as vendor-owned; no app-actionable finding recorded unless surfaced separately.,Track upstream version/deprecation state; avoid local vendored edits unless app-blocking.,Build College scheme; run relevant tests/smoke path.
6,738,SourcePackages/checkouts/swift-collections/Sources/BitCollections/BitSet/BitSet+SetAlgebra union.swift,C-dependency,92,Low,dependency-watch,dependency-watch,Low,Dependency source reviewed as vendor-owned; no app-actionable finding recorded unless surfaced separately.,Track upstream version/deprecation state; avoid local vendored edits unless app-blocking.,Build College scheme; run relevant tests/smoke path.
6,739,SourcePackages/checkouts/swift-collections/Sources/BitCollections/BitSet/BitSet+Sorted Collection APIs.swift,C-dependency,49,Low,dependency-watch,dependency-watch,Low,Dependency source reviewed as vendor-owned; no app-actionable finding recorded unless surfaced separately.,Track upstream version/deprecation state; avoid local vendored edits unless app-blocking.,Build College scheme; run relevant tests/smoke path.
6,740,SourcePackages/checkouts/swift-collections/Sources/BitCollections/BitSet/BitSet.Counted.swift,C-dependency,1356,Low,dependency-watch,dependency-watch,Low,Dependency source reviewed as vendor-owned; no app-actionable finding recorded unless surfaced separately.,Track upstream version/deprecation state; avoid local vendored edits unless app-blocking.,Build College scheme; run relevant tests/smoke path.
6,741,SourcePackages/checkouts/swift-collections/Sources/BitCollections/BitSet/BitSet.Index.swift,C-dependency,93,Low,dependency-watch,dependency-watch,Low,Dependency source reviewed as vendor-owned; no app-actionable finding recorded unless surfaced separately.,Track upstream version/deprecation state; avoid local vendored edits unless app-blocking.,Build College scheme; run relevant tests/smoke path.
6,742,SourcePackages/checkouts/swift-collections/Sources/BitCollections/BitSet/BitSet._UnsafeHandle.swift,C-dependency,250,Low,dependency-watch,dependency-watch,Low,Dependency source reviewed as vendor-owned; no app-actionable finding recorded unless surfaced separately.,Track upstream version/deprecation state; avoid local vendored edits unless app-blocking.,Build College scheme; run relevant tests/smoke path.
6,743,SourcePackages/checkouts/swift-collections/Sources/BitCollections/BitSet/BitSet.swift,C-dependency,101,Low,dependency-watch,dependency-watch,Low,Dependency source reviewed as vendor-owned; no app-actionable finding recorded unless surfaced separately.,Track upstream version/deprecation state; avoid local vendored edits unless app-blocking.,Build College scheme; run relevant tests/smoke path.
6,744,SourcePackages/checkouts/swift-collections/Sources/BitCollections/Shared/Range+Utilities.swift,C-dependency,36,Low,dependency-watch,dependency-watch,Low,Dependency source reviewed as vendor-owned; no app-actionable finding recorded unless surfaced separately.,Track upstream version/deprecation state; avoid local vendored edits unless app-blocking.,Build College scheme; run relevant tests/smoke path.
6,745,SourcePackages/checkouts/swift-collections/Sources/BitCollections/Shared/Slice+Utilities.swift,C-dependency,16,Low,dependency-watch,dependency-watch,Low,Dependency source reviewed as vendor-owned; no app-actionable finding recorded unless surfaced separately.,Track upstream version/deprecation state; avoid local vendored edits unless app-blocking.,Build College scheme; run relevant tests/smoke path.
6,746,SourcePackages/checkouts/swift-collections/Sources/BitCollections/Shared/UInt+Tricks.swift,C-dependency,36,Low,dependency-watch,dependency-watch,Low,Dependency source reviewed as vendor-owned; no app-actionable finding recorded unless surfaced separately.,Track upstream version/deprecation state; avoid local vendored edits unless app-blocking.,Build College scheme; run relevant tests/smoke path.
6,747,SourcePackages/checkouts/swift-collections/Sources/BitCollections/Shared/_Word.swift,C-dependency,74,Low,dependency-watch,dependency-watch,Low,Dependency source reviewed as vendor-owned; no app-actionable finding recorded unless surfaced separately.,Track upstream version/deprecation state; avoid local vendored edits unless app-blocking.,Build College scheme; run relevant tests/smoke path.
6,748,SourcePackages/checkouts/swift-collections/Sources/Collections/Collections.swift,C-dependency,20,Low,dependency-watch,dependency-watch,Low,Dependency source reviewed as vendor-owned; no app-actionable finding recorded unless surfaced separately.,Track upstream version/deprecation state; avoid local vendored edits unless app-blocking.,Build College scheme; run relevant tests/smoke path.
6,749,SourcePackages/checkouts/swift-collections/Sources/ContainersPreview/BorrowIteratorProtocol.swift,C-dependency,105,Low,dependency-watch,dependency-watch,Low,Dependency source reviewed as vendor-owned; no app-actionable finding recorded unless surfaced separately.,Track upstream version/deprecation state; avoid local vendored edits unless app-blocking.,Build College scheme; run relevant tests/smoke path.
6,750,SourcePackages/checkouts/swift-collections/Sources/ContainersPreview/Box.swift,C-dependency,155,Low,dependency-watch,dependency-watch,Low,Dependency source reviewed as vendor-owned; no app-actionable finding recorded unless surfaced separately.,Track upstream version/deprecation state; avoid local vendored edits unless app-blocking.,Build College scheme; run relevant tests/smoke path.
7,751,SourcePackages/checkouts/swift-collections/Sources/ContainersPreview/Container+Utilities.swift,C-dependency,135,Low,dependency-watch,dependency-watch,Low,Dependency source reviewed as vendor-owned; no app-actionable finding recorded unless surfaced separately.,Track upstream version/deprecation state; avoid local vendored edits unless app-blocking.,Build College scheme; run relevant tests/smoke path.
7,752,SourcePackages/checkouts/swift-collections/Sources/ContainersPreview/Container.swift,C-dependency,87,Low,dependency-watch,dependency-watch,Low,Dependency source reviewed as vendor-owned; no app-actionable finding recorded unless surfaced separately.,Track upstream version/deprecation state; avoid local vendored edits unless app-blocking.,Build College scheme; run relevant tests/smoke path.
7,753,SourcePackages/checkouts/swift-collections/Sources/ContainersPreview/InputSpan.swift,C-dependency,475,Low,dependency-watch,dependency-watch,Low,Dependency source reviewed as vendor-owned; no app-actionable finding recorded unless surfaced separately.,Track upstream version/deprecation state; avoid local vendored edits unless app-blocking.,Build College scheme; run relevant tests/smoke path.
7,754,SourcePackages/checkouts/swift-collections/Sources/ContainersPreview/Mut.swift,C-dependency,90,Low,dependency-watch,dependency-watch,Low,Dependency source reviewed as vendor-owned; no app-actionable finding recorded unless surfaced separately.,Track upstream version/deprecation state; avoid local vendored edits unless app-blocking.,Build College scheme; run relevant tests/smoke path.
7,755,SourcePackages/checkouts/swift-collections/Sources/ContainersPreview/Ref.swift,C-dependency,58,Low,dependency-watch,dependency-watch,Low,Dependency source reviewed as vendor-owned; no app-actionable finding recorded unless surfaced separately.,Track upstream version/deprecation state; avoid local vendored edits unless app-blocking.,Build College scheme; run relevant tests/smoke path.
7,756,SourcePackages/checkouts/swift-collections/Sources/ContainersPreview/Shared.swift,C-dependency,164,Low,dependency-watch,dependency-watch,Low,Dependency source reviewed as vendor-owned; no app-actionable finding recorded unless surfaced separately.,Track upstream version/deprecation state; avoid local vendored edits unless app-blocking.,Build College scheme; run relevant tests/smoke path.
7,757,SourcePackages/checkouts/swift-collections/Sources/DequeModule/Deque+Codable.swift,C-dependency,51,Low,dependency-watch,dependency-watch,Low,Dependency source reviewed as vendor-owned; no app-actionable finding recorded unless surfaced separately.,Track upstream version/deprecation state; avoid local vendored edits unless app-blocking.,Build College scheme; run relevant tests/smoke path.
7,758,SourcePackages/checkouts/swift-collections/Sources/DequeModule/Deque+Collection.swift,C-dependency,922,Low,dependency-watch,dependency-watch,Low,Dependency source reviewed as vendor-owned; no app-actionable finding recorded unless surfaced separately.,Track upstream version/deprecation state; avoid local vendored edits unless app-blocking.,Build College scheme; run relevant tests/smoke path.
7,759,SourcePackages/checkouts/swift-collections/Sources/DequeModule/Deque+CustomReflectable.swift,C-dependency,19,Low,dependency-watch,dependency-watch,Low,Dependency source reviewed as vendor-owned; no app-actionable finding recorded unless surfaced separately.,Track upstream version/deprecation state; avoid local vendored edits unless app-blocking.,Build College scheme; run relevant tests/smoke path.
7,760,SourcePackages/checkouts/swift-collections/Sources/DequeModule/Deque+Descriptions.swift,C-dependency,30,Low,dependency-watch,dependency-watch,Low,Dependency source reviewed as vendor-owned; no app-actionable finding recorded unless surfaced separately.,Track upstream version/deprecation state; avoid local vendored edits unless app-blocking.,Build College scheme; run relevant tests/smoke path.
7,761,SourcePackages/checkouts/swift-collections/Sources/DequeModule/Deque+Equatable.swift,C-dependency,32,Low,dependency-watch,dependency-watch,Low,Dependency source reviewed as vendor-owned; no app-actionable finding recorded unless surfaced separately.,Track upstream version/deprecation state; avoid local vendored edits unless app-blocking.,Build College scheme; run relevant tests/smoke path.
7,762,SourcePackages/checkouts/swift-collections/Sources/DequeModule/Deque+ExpressibleByArrayLiteral.swift,C-dependency,27,Low,dependency-watch,dependency-watch,Low,Dependency source reviewed as vendor-owned; no app-actionable finding recorded unless surfaced separately.,Track upstream version/deprecation state; avoid local vendored edits unless app-blocking.,Build College scheme; run relevant tests/smoke path.
7,763,SourcePackages/checkouts/swift-collections/Sources/DequeModule/Deque+Extras.swift,C-dependency,192,Low,dependency-watch,dependency-watch,Low,Dependency source reviewed as vendor-owned; no app-actionable finding recorded unless surfaced separately.,Track upstream version/deprecation state; avoid local vendored edits unless app-blocking.,Build College scheme; run relevant tests/smoke path.
7,764,SourcePackages/checkouts/swift-collections/Sources/DequeModule/Deque+Hashable.swift,C-dependency,24,Low,dependency-watch,dependency-watch,Low,Dependency source reviewed as vendor-owned; no app-actionable finding recorded unless surfaced separately.,Track upstream version/deprecation state; avoid local vendored edits unless app-blocking.,Build College scheme; run relevant tests/smoke path.
7,765,SourcePackages/checkouts/swift-collections/Sources/DequeModule/Deque+Testing.swift,C-dependency,90,Low,dependency-watch,dependency-watch,Low,Dependency source reviewed as vendor-owned; no app-actionable finding recorded unless surfaced separately.,Track upstream version/deprecation state; avoid local vendored edits unless app-blocking.,Build College scheme; run relevant tests/smoke path.
7,766,SourcePackages/checkouts/swift-collections/Sources/DequeModule/Deque._Storage.swift,C-dependency,226,Low,dependency-watch,dependency-watch,Low,Dependency source reviewed as vendor-owned; no app-actionable finding recorded unless surfaced separately.,Track upstream version/deprecation state; avoid local vendored edits unless app-blocking.,Build College scheme; run relevant tests/smoke path.
7,767,SourcePackages/checkouts/swift-collections/Sources/DequeModule/Deque._UnsafeHandle.swift,C-dependency,833,Low,dependency-watch,dependency-watch,Low,Dependency source reviewed as vendor-owned; no app-actionable finding recorded unless surfaced separately.,Track upstream version/deprecation state; avoid local vendored edits unless app-blocking.,Build College scheme; run relevant tests/smoke path.
7,768,SourcePackages/checkouts/swift-collections/Sources/DequeModule/Deque.swift,C-dependency,107,Low,dependency-watch,dependency-watch,Low,Dependency source reviewed as vendor-owned; no app-actionable finding recorded unless surfaced separately.,Track upstream version/deprecation state; avoid local vendored edits unless app-blocking.,Build College scheme; run relevant tests/smoke path.
7,769,SourcePackages/checkouts/swift-collections/Sources/DequeModule/_DequeBuffer.swift,C-dependency,49,Low,dependency-watch,dependency-watch,Low,Dependency source reviewed as vendor-owned; no app-actionable finding recorded unless surfaced separately.,Track upstream version/deprecation state; avoid local vendored edits unless app-blocking.,Build College scheme; run relevant tests/smoke path.
7,770,SourcePackages/checkouts/swift-collections/Sources/DequeModule/_DequeBufferHeader.swift,C-dependency,49,Low,dependency-watch,dependency-watch,Low,Dependency source reviewed as vendor-owned; no app-actionable finding recorded unless surfaced separately.,Track upstream version/deprecation state; avoid local vendored edits unless app-blocking.,Build College scheme; run relevant tests/smoke path.
7,771,SourcePackages/checkouts/swift-collections/Sources/DequeModule/_DequeSlot.swift,C-dependency,72,Low,dependency-watch,dependency-watch,Low,Dependency source reviewed as vendor-owned; no app-actionable finding recorded unless surfaced separately.,Track upstream version/deprecation state; avoid local vendored edits unless app-blocking.,Build College scheme; run relevant tests/smoke path.
7,772,SourcePackages/checkouts/swift-collections/Sources/DequeModule/_UnsafeWrappedBuffer.swift,C-dependency,239,Low,dependency-watch,dependency-watch,Low,Dependency source reviewed as vendor-owned; no app-actionable finding recorded unless surfaced separately.,Track upstream version/deprecation state; avoid local vendored edits unless app-blocking.,Build College scheme; run relevant tests/smoke path.
7,773,SourcePackages/checkouts/swift-collections/Sources/HashTreeCollections/HashNode/_AncestorHashSlots.swift,C-dependency,111,Low,dependency-watch,dependency-watch,Low,Dependency source reviewed as vendor-owned; no app-actionable finding recorded unless surfaced separately.,Track upstream version/deprecation state; avoid local vendored edits unless app-blocking.,Build College scheme; run relevant tests/smoke path.
7,774,SourcePackages/checkouts/swift-collections/Sources/HashTreeCollections/HashNode/_Bitmap.swift,C-dependency,221,Low,dependency-watch,dependency-watch,Low,Dependency source reviewed as vendor-owned; no app-actionable finding recorded unless surfaced separately.,Track upstream version/deprecation state; avoid local vendored edits unless app-blocking.,Build College scheme; run relevant tests/smoke path.
7,775,SourcePackages/checkouts/swift-collections/Sources/HashTreeCollections/HashNode/_Bucket.swift,C-dependency,71,Low,dependency-watch,dependency-watch,Low,Dependency source reviewed as vendor-owned; no app-actionable finding recorded unless surfaced separately.,Track upstream version/deprecation state; avoid local vendored edits unless app-blocking.,Build College scheme; run relevant tests/smoke path.
7,776,SourcePackages/checkouts/swift-collections/Sources/HashTreeCollections/HashNode/_Hash.swift,C-dependency,94,Low,dependency-watch,dependency-watch,Low,Dependency source reviewed as vendor-owned; no app-actionable finding recorded unless surfaced separately.,Track upstream version/deprecation state; avoid local vendored edits unless app-blocking.,Build College scheme; run relevant tests/smoke path.
7,777,SourcePackages/checkouts/swift-collections/Sources/HashTreeCollections/HashNode/_HashLevel.swift,C-dependency,101,Low,dependency-watch,dependency-watch,Low,Dependency source reviewed as vendor-owned; no app-actionable finding recorded unless surfaced separately.,Track upstream version/deprecation state; avoid local vendored edits unless app-blocking.,Build College scheme; run relevant tests/smoke path.
7,778,SourcePackages/checkouts/swift-collections/Sources/HashTreeCollections/HashNode/_HashNode+Builder.swift,C-dependency,360,Low,dependency-watch,dependency-watch,Low,Dependency source reviewed as vendor-owned; no app-actionable finding recorded unless surfaced separately.,Track upstream version/deprecation state; avoid local vendored edits unless app-blocking.,Build College scheme; run relevant tests/smoke path.
7,779,SourcePackages/checkouts/swift-collections/Sources/HashTreeCollections/HashNode/_HashNode+Debugging.swift,C-dependency,121,Low,dependency-watch,dependency-watch,Low,Dependency source reviewed as vendor-owned; no app-actionable finding recorded unless surfaced separately.,Track upstream version/deprecation state; avoid local vendored edits unless app-blocking.,Build College scheme; run relevant tests/smoke path.
7,780,SourcePackages/checkouts/swift-collections/Sources/HashTreeCollections/HashNode/_HashNode+Initializers.swift,C-dependency,261,Low,dependency-watch,dependency-watch,Low,Dependency source reviewed as vendor-owned; no app-actionable finding recorded unless surfaced separately.,Track upstream version/deprecation state; avoid local vendored edits unless app-blocking.,Build College scheme; run relevant tests/smoke path.
7,781,SourcePackages/checkouts/swift-collections/Sources/HashTreeCollections/HashNode/_HashNode+Invariants.swift,C-dependency,107,Low,dependency-watch,dependency-watch,Low,Dependency source reviewed as vendor-owned; no app-actionable finding recorded unless surfaced separately.,Track upstream version/deprecation state; avoid local vendored edits unless app-blocking.,Build College scheme; run relevant tests/smoke path.
7,782,SourcePackages/checkouts/swift-collections/Sources/HashTreeCollections/HashNode/_HashNode+Lookups.swift,C-dependency,269,Low,dependency-watch,dependency-watch,Low,Dependency source reviewed as vendor-owned; no app-actionable finding recorded unless surfaced separately.,Track upstream version/deprecation state; avoid local vendored edits unless app-blocking.,Build College scheme; run relevant tests/smoke path.
7,783,SourcePackages/checkouts/swift-collections/Sources/HashTreeCollections/HashNode/_HashNode+Primitive Insertions.swift,C-dependency,117,Low,dependency-watch,dependency-watch,Low,Dependency source reviewed as vendor-owned; no app-actionable finding recorded unless surfaced separately.,Track upstream version/deprecation state; avoid local vendored edits unless app-blocking.,Build College scheme; run relevant tests/smoke path.
7,784,SourcePackages/checkouts/swift-collections/Sources/HashTreeCollections/HashNode/_HashNode+Primitive Removals.swift,C-dependency,151,Low,dependency-watch,dependency-watch,Low,Dependency source reviewed as vendor-owned; no app-actionable finding recorded unless surfaced separately.,Track upstream version/deprecation state; avoid local vendored edits unless app-blocking.,Build College scheme; run relevant tests/smoke path.
7,785,SourcePackages/checkouts/swift-collections/Sources/HashTreeCollections/HashNode/_HashNode+Primitive Replacement.swift,C-dependency,90,Low,dependency-watch,dependency-watch,Low,Dependency source reviewed as vendor-owned; no app-actionable finding recorded unless surfaced separately.,Track upstream version/deprecation state; avoid local vendored edits unless app-blocking.,Build College scheme; run relevant tests/smoke path.
7,786,SourcePackages/checkouts/swift-collections/Sources/HashTreeCollections/HashNode/_HashNode+Storage.swift,C-dependency,285,Low,dependency-watch,dependency-watch,Low,Dependency source reviewed as vendor-owned; no app-actionable finding recorded unless surfaced separately.,Track upstream version/deprecation state; avoid local vendored edits unless app-blocking.,Build College scheme; run relevant tests/smoke path.
7,787,SourcePackages/checkouts/swift-collections/Sources/HashTreeCollections/HashNode/_HashNode+Structural compactMapValues.swift,C-dependency,46,Low,dependency-watch,dependency-watch,Low,Dependency source reviewed as vendor-owned; no app-actionable finding recorded unless surfaced separately.,Track upstream version/deprecation state; avoid local vendored edits unless app-blocking.,Build College scheme; run relevant tests/smoke path.
7,788,SourcePackages/checkouts/swift-collections/Sources/HashTreeCollections/HashNode/_HashNode+Structural filter.swift,C-dependency,83,Low,dependency-watch,dependency-watch,Low,Dependency source reviewed as vendor-owned; no app-actionable finding recorded unless surfaced separately.,Track upstream version/deprecation state; avoid local vendored edits unless app-blocking.,Build College scheme; run relevant tests/smoke path.
7,789,SourcePackages/checkouts/swift-collections/Sources/HashTreeCollections/HashNode/_HashNode+Structural intersection.swift,C-dependency,195,Low,dependency-watch,dependency-watch,Low,Dependency source reviewed as vendor-owned; no app-actionable finding recorded unless surfaced separately.,Track upstream version/deprecation state; avoid local vendored edits unless app-blocking.,Build College scheme; run relevant tests/smoke path.
7,790,SourcePackages/checkouts/swift-collections/Sources/HashTreeCollections/HashNode/_HashNode+Structural isDisjoint.swift,C-dependency,111,Low,dependency-watch,dependency-watch,Low,Dependency source reviewed as vendor-owned; no app-actionable finding recorded unless surfaced separately.,Track upstream version/deprecation state; avoid local vendored edits unless app-blocking.,Build College scheme; run relevant tests/smoke path.
7,791,SourcePackages/checkouts/swift-collections/Sources/HashTreeCollections/HashNode/_HashNode+Structural isEqualSet.swift,C-dependency,61,Low,dependency-watch,dependency-watch,Low,Dependency source reviewed as vendor-owned; no app-actionable finding recorded unless surfaced separately.,Track upstream version/deprecation state; avoid local vendored edits unless app-blocking.,Build College scheme; run relevant tests/smoke path.
7,792,SourcePackages/checkouts/swift-collections/Sources/HashTreeCollections/HashNode/_HashNode+Structural isSubset.swift,C-dependency,89,Low,dependency-watch,dependency-watch,Low,Dependency source reviewed as vendor-owned; no app-actionable finding recorded unless surfaced separately.,Track upstream version/deprecation state; avoid local vendored edits unless app-blocking.,Build College scheme; run relevant tests/smoke path.
7,793,SourcePackages/checkouts/swift-collections/Sources/HashTreeCollections/HashNode/_HashNode+Structural mapValues.swift,C-dependency,90,Low,dependency-watch,dependency-watch,Low,Dependency source reviewed as vendor-owned; no app-actionable finding recorded unless surfaced separately.,Track upstream version/deprecation state; avoid local vendored edits unless app-blocking.,Build College scheme; run relevant tests/smoke path.
7,794,SourcePackages/checkouts/swift-collections/Sources/HashTreeCollections/HashNode/_HashNode+Structural merge.swift,C-dependency,329,Low,dependency-watch,dependency-watch,Low,Dependency source reviewed as vendor-owned; no app-actionable finding recorded unless surfaced separately.,Track upstream version/deprecation state; avoid local vendored edits unless app-blocking.,Build College scheme; run relevant tests/smoke path.
7,795,SourcePackages/checkouts/swift-collections/Sources/HashTreeCollections/HashNode/_HashNode+Structural subtracting.swift,C-dependency,199,Low,dependency-watch,dependency-watch,Low,Dependency source reviewed as vendor-owned; no app-actionable finding recorded unless surfaced separately.,Track upstream version/deprecation state; avoid local vendored edits unless app-blocking.,Build College scheme; run relevant tests/smoke path.
7,796,SourcePackages/checkouts/swift-collections/Sources/HashTreeCollections/HashNode/_HashNode+Structural symmetricDifference.swift,C-dependency,268,Low,dependency-watch,dependency-watch,Low,Dependency source reviewed as vendor-owned; no app-actionable finding recorded unless surfaced separately.,Track upstream version/deprecation state; avoid local vendored edits unless app-blocking.,Build College scheme; run relevant tests/smoke path.
7,797,SourcePackages/checkouts/swift-collections/Sources/HashTreeCollections/HashNode/_HashNode+Structural union.swift,C-dependency,257,Low,dependency-watch,dependency-watch,Low,Dependency source reviewed as vendor-owned; no app-actionable finding recorded unless surfaced separately.,Track upstream version/deprecation state; avoid local vendored edits unless app-blocking.,Build College scheme; run relevant tests/smoke path.
7,798,SourcePackages/checkouts/swift-collections/Sources/HashTreeCollections/HashNode/_HashNode+Subtree Insertions.swift,C-dependency,578,Low,dependency-watch,dependency-watch,Low,Dependency source reviewed as vendor-owned; no app-actionable finding recorded unless surfaced separately.,Track upstream version/deprecation state; avoid local vendored edits unless app-blocking.,Build College scheme; run relevant tests/smoke path.
7,799,SourcePackages/checkouts/swift-collections/Sources/HashTreeCollections/HashNode/_HashNode+Subtree Modify.swift,C-dependency,272,Low,dependency-watch,dependency-watch,Low,Dependency source reviewed as vendor-owned; no app-actionable finding recorded unless surfaced separately.,Track upstream version/deprecation state; avoid local vendored edits unless app-blocking.,Build College scheme; run relevant tests/smoke path.
7,800,SourcePackages/checkouts/swift-collections/Sources/HashTreeCollections/HashNode/_HashNode+Subtree Removals.swift,C-dependency,275,Low,dependency-watch,dependency-watch,Low,Dependency source reviewed as vendor-owned; no app-actionable finding recorded unless surfaced separately.,Track upstream version/deprecation state; avoid local vendored edits unless app-blocking.,Build College scheme; run relevant tests/smoke path.
7,801,SourcePackages/checkouts/swift-collections/Sources/HashTreeCollections/HashNode/_HashNode+UnsafeHandle.swift,C-dependency,295,Low,dependency-watch,dependency-watch,Low,Dependency source reviewed as vendor-owned; no app-actionable finding recorded unless surfaced separately.,Track upstream version/deprecation state; avoid local vendored edits unless app-blocking.,Build College scheme; run relevant tests/smoke path.
7,802,SourcePackages/checkouts/swift-collections/Sources/HashTreeCollections/HashNode/_HashNode.swift,C-dependency,138,Low,dependency-watch,dependency-watch,Low,Dependency source reviewed as vendor-owned; no app-actionable finding recorded unless surfaced separately.,Track upstream version/deprecation state; avoid local vendored edits unless app-blocking.,Build College scheme; run relevant tests/smoke path.
7,803,SourcePackages/checkouts/swift-collections/Sources/HashTreeCollections/HashNode/_HashNodeHeader.swift,C-dependency,135,Low,dependency-watch,dependency-watch,Low,Dependency source reviewed as vendor-owned; no app-actionable finding recorded unless surfaced separately.,Track upstream version/deprecation state; avoid local vendored edits unless app-blocking.,Build College scheme; run relevant tests/smoke path.
7,804,SourcePackages/checkouts/swift-collections/Sources/HashTreeCollections/HashNode/_HashSlot.swift,C-dependency,111,Low,dependency-watch,dependency-watch,Low,Dependency source reviewed as vendor-owned; no app-actionable finding recorded unless surfaced separately.,Track upstream version/deprecation state; avoid local vendored edits unless app-blocking.,Build College scheme; run relevant tests/smoke path.
7,805,SourcePackages/checkouts/swift-collections/Sources/HashTreeCollections/HashNode/_HashStack.swift,C-dependency,120,Low,dependency-watch,dependency-watch,Low,Dependency source reviewed as vendor-owned; no app-actionable finding recorded unless surfaced separately.,Track upstream version/deprecation state; avoid local vendored edits unless app-blocking.,Build College scheme; run relevant tests/smoke path.
7,806,SourcePackages/checkouts/swift-collections/Sources/HashTreeCollections/HashNode/_HashTreeIterator.swift,C-dependency,131,Low,dependency-watch,dependency-watch,Low,Dependency source reviewed as vendor-owned; no app-actionable finding recorded unless surfaced separately.,Track upstream version/deprecation state; avoid local vendored edits unless app-blocking.,Build College scheme; run relevant tests/smoke path.
7,807,SourcePackages/checkouts/swift-collections/Sources/HashTreeCollections/HashNode/_HashTreeStatistics.swift,C-dependency,129,Low,dependency-watch,dependency-watch,Low,Dependency source reviewed as vendor-owned; no app-actionable finding recorded unless surfaced separately.,Track upstream version/deprecation state; avoid local vendored edits unless app-blocking.,Build College scheme; run relevant tests/smoke path.
7,808,SourcePackages/checkouts/swift-collections/Sources/HashTreeCollections/HashNode/_RawHashNode+UnsafeHandle.swift,C-dependency,116,Low,dependency-watch,dependency-watch,Low,Dependency source reviewed as vendor-owned; no app-actionable finding recorded unless surfaced separately.,Track upstream version/deprecation state; avoid local vendored edits unless app-blocking.,Build College scheme; run relevant tests/smoke path.
7,809,SourcePackages/checkouts/swift-collections/Sources/HashTreeCollections/HashNode/_RawHashNode.swift,C-dependency,73,Low,dependency-watch,dependency-watch,Low,Dependency source reviewed as vendor-owned; no app-actionable finding recorded unless surfaced separately.,Track upstream version/deprecation state; avoid local vendored edits unless app-blocking.,Build College scheme; run relevant tests/smoke path.
7,810,SourcePackages/checkouts/swift-collections/Sources/HashTreeCollections/HashNode/_UnmanagedHashNode.swift,C-dependency,109,Low,dependency-watch,dependency-watch,Low,Dependency source reviewed as vendor-owned; no app-actionable finding recorded unless surfaced separately.,Track upstream version/deprecation state; avoid local vendored edits unless app-blocking.,Build College scheme; run relevant tests/smoke path.
7,811,SourcePackages/checkouts/swift-collections/Sources/HashTreeCollections/HashNode/_UnsafePath.swift,C-dependency,890,Low,dependency-watch,dependency-watch,Low,Dependency source reviewed as vendor-owned; no app-actionable finding recorded unless surfaced separately.,Track upstream version/deprecation state; avoid local vendored edits unless app-blocking.,Build College scheme; run relevant tests/smoke path.
7,812,SourcePackages/checkouts/swift-collections/Sources/HashTreeCollections/TreeDictionary/TreeDictionary+Codable.swift,C-dependency,188,Low,dependency-watch,dependency-watch,Low,Dependency source reviewed as vendor-owned; no app-actionable finding recorded unless surfaced separately.,Track upstream version/deprecation state; avoid local vendored edits unless app-blocking.,Build College scheme; run relevant tests/smoke path.
7,813,SourcePackages/checkouts/swift-collections/Sources/HashTreeCollections/TreeDictionary/TreeDictionary+Collection.swift,C-dependency,305,Low,dependency-watch,dependency-watch,Low,Dependency source reviewed as vendor-owned; no app-actionable finding recorded unless surfaced separately.,Track upstream version/deprecation state; avoid local vendored edits unless app-blocking.,Build College scheme; run relevant tests/smoke path.
7,814,SourcePackages/checkouts/swift-collections/Sources/HashTreeCollections/TreeDictionary/TreeDictionary+CustomReflectable.swift,C-dependency,19,Low,dependency-watch,dependency-watch,Low,Dependency source reviewed as vendor-owned; no app-actionable finding recorded unless surfaced separately.,Track upstream version/deprecation state; avoid local vendored edits unless app-blocking.,Build College scheme; run relevant tests/smoke path.
7,815,SourcePackages/checkouts/swift-collections/Sources/HashTreeCollections/TreeDictionary/TreeDictionary+Debugging.swift,C-dependency,45,Low,dependency-watch,dependency-watch,Low,Dependency source reviewed as vendor-owned; no app-actionable finding recorded unless surfaced separately.,Track upstream version/deprecation state; avoid local vendored edits unless app-blocking.,Build College scheme; run relevant tests/smoke path.
7,816,SourcePackages/checkouts/swift-collections/Sources/HashTreeCollections/TreeDictionary/TreeDictionary+Descriptions.swift,C-dependency,30,Low,dependency-watch,dependency-watch,Low,Dependency source reviewed as vendor-owned; no app-actionable finding recorded unless surfaced separately.,Track upstream version/deprecation state; avoid local vendored edits unless app-blocking.,Build College scheme; run relevant tests/smoke path.
7,817,SourcePackages/checkouts/swift-collections/Sources/HashTreeCollections/TreeDictionary/TreeDictionary+Equatable.swift,C-dependency,23,Low,dependency-watch,dependency-watch,Low,Dependency source reviewed as vendor-owned; no app-actionable finding recorded unless surfaced separately.,Track upstream version/deprecation state; avoid local vendored edits unless app-blocking.,Build College scheme; run relevant tests/smoke path.
7,818,SourcePackages/checkouts/swift-collections/Sources/HashTreeCollections/TreeDictionary/TreeDictionary+ExpressibleByDictionaryLiteral.swift,C-dependency,35,Low,dependency-watch,dependency-watch,Low,Dependency source reviewed as vendor-owned; no app-actionable finding recorded unless surfaced separately.,Track upstream version/deprecation state; avoid local vendored edits unless app-blocking.,Build College scheme; run relevant tests/smoke path.
7,819,SourcePackages/checkouts/swift-collections/Sources/HashTreeCollections/TreeDictionary/TreeDictionary+Filter.swift,C-dependency,58,Low,dependency-watch,dependency-watch,Low,Dependency source reviewed as vendor-owned; no app-actionable finding recorded unless surfaced separately.,Track upstream version/deprecation state; avoid local vendored edits unless app-blocking.,Build College scheme; run relevant tests/smoke path.
7,820,SourcePackages/checkouts/swift-collections/Sources/HashTreeCollections/TreeDictionary/TreeDictionary+Hashable.swift,C-dependency,28,Low,dependency-watch,dependency-watch,Low,Dependency source reviewed as vendor-owned; no app-actionable finding recorded unless surfaced separately.,Track upstream version/deprecation state; avoid local vendored edits unless app-blocking.,Build College scheme; run relevant tests/smoke path.
7,821,SourcePackages/checkouts/swift-collections/Sources/HashTreeCollections/TreeDictionary/TreeDictionary+Initializers.swift,C-dependency,313,Low,dependency-watch,dependency-watch,Low,Dependency source reviewed as vendor-owned; no app-actionable finding recorded unless surfaced separately.,Track upstream version/deprecation state; avoid local vendored edits unless app-blocking.,Build College scheme; run relevant tests/smoke path.
7,822,SourcePackages/checkouts/swift-collections/Sources/HashTreeCollections/TreeDictionary/TreeDictionary+Keys.swift,C-dependency,329,Low,dependency-watch,dependency-watch,Low,Dependency source reviewed as vendor-owned; no app-actionable finding recorded unless surfaced separately.,Track upstream version/deprecation state; avoid local vendored edits unless app-blocking.,Build College scheme; run relevant tests/smoke path.
7,823,SourcePackages/checkouts/swift-collections/Sources/HashTreeCollections/TreeDictionary/TreeDictionary+MapValues.swift,C-dependency,68,Low,dependency-watch,dependency-watch,Low,Dependency source reviewed as vendor-owned; no app-actionable finding recorded unless surfaced separately.,Track upstream version/deprecation state; avoid local vendored edits unless app-blocking.,Build College scheme; run relevant tests/smoke path.
7,824,SourcePackages/checkouts/swift-collections/Sources/HashTreeCollections/TreeDictionary/TreeDictionary+Merge.swift,C-dependency,267,Low,dependency-watch,dependency-watch,Low,Dependency source reviewed as vendor-owned; no app-actionable finding recorded unless surfaced separately.,Track upstream version/deprecation state; avoid local vendored edits unless app-blocking.,Build College scheme; run relevant tests/smoke path.
7,825,SourcePackages/checkouts/swift-collections/Sources/HashTreeCollections/TreeDictionary/TreeDictionary+Sendable.swift,C-dependency,13,Low,dependency-watch,dependency-watch,Low,Dependency source reviewed as vendor-owned; no app-actionable finding recorded unless surfaced separately.,Track upstream version/deprecation state; avoid local vendored edits unless app-blocking.,Build College scheme; run relevant tests/smoke path.
7,826,SourcePackages/checkouts/swift-collections/Sources/HashTreeCollections/TreeDictionary/TreeDictionary+Sequence.swift,C-dependency,73,Low,dependency-watch,dependency-watch,Low,Dependency source reviewed as vendor-owned; no app-actionable finding recorded unless surfaced separately.,Track upstream version/deprecation state; avoid local vendored edits unless app-blocking.,Build College scheme; run relevant tests/smoke path.
7,827,SourcePackages/checkouts/swift-collections/Sources/HashTreeCollections/TreeDictionary/TreeDictionary+Values.swift,C-dependency,166,Low,dependency-watch,dependency-watch,Low,Dependency source reviewed as vendor-owned; no app-actionable finding recorded unless surfaced separately.,Track upstream version/deprecation state; avoid local vendored edits unless app-blocking.,Build College scheme; run relevant tests/smoke path.
7,828,SourcePackages/checkouts/swift-collections/Sources/HashTreeCollections/TreeDictionary/TreeDictionary.swift,C-dependency,552,Low,dependency-watch,dependency-watch,Low,Dependency source reviewed as vendor-owned; no app-actionable finding recorded unless surfaced separately.,Track upstream version/deprecation state; avoid local vendored edits unless app-blocking.,Build College scheme; run relevant tests/smoke path.
7,829,SourcePackages/checkouts/swift-collections/Sources/HashTreeCollections/TreeSet/TreeSet+Codable.swift,C-dependency,48,Low,dependency-watch,dependency-watch,Low,Dependency source reviewed as vendor-owned; no app-actionable finding recorded unless surfaced separately.,Track upstream version/deprecation state; avoid local vendored edits unless app-blocking.,Build College scheme; run relevant tests/smoke path.
7,830,SourcePackages/checkouts/swift-collections/Sources/HashTreeCollections/TreeSet/TreeSet+Collection.swift,C-dependency,372,Low,dependency-watch,dependency-watch,Low,Dependency source reviewed as vendor-owned; no app-actionable finding recorded unless surfaced separately.,Track upstream version/deprecation state; avoid local vendored edits unless app-blocking.,Build College scheme; run relevant tests/smoke path.
7,831,SourcePackages/checkouts/swift-collections/Sources/HashTreeCollections/TreeSet/TreeSet+CustomReflectable.swift,C-dependency,19,Low,dependency-watch,dependency-watch,Low,Dependency source reviewed as vendor-owned; no app-actionable finding recorded unless surfaced separately.,Track upstream version/deprecation state; avoid local vendored edits unless app-blocking.,Build College scheme; run relevant tests/smoke path.
7,832,SourcePackages/checkouts/swift-collections/Sources/HashTreeCollections/TreeSet/TreeSet+Debugging.swift,C-dependency,45,Low,dependency-watch,dependency-watch,Low,Dependency source reviewed as vendor-owned; no app-actionable finding recorded unless surfaced separately.,Track upstream version/deprecation state; avoid local vendored edits unless app-blocking.,Build College scheme; run relevant tests/smoke path.
7,833,SourcePackages/checkouts/swift-collections/Sources/HashTreeCollections/TreeSet/TreeSet+Descriptions.swift,C-dependency,30,Low,dependency-watch,dependency-watch,Low,Dependency source reviewed as vendor-owned; no app-actionable finding recorded unless surfaced separately.,Track upstream version/deprecation state; avoid local vendored edits unless app-blocking.,Build College scheme; run relevant tests/smoke path.
7,834,SourcePackages/checkouts/swift-collections/Sources/HashTreeCollections/TreeSet/TreeSet+Equatable.swift,C-dependency,31,Low,dependency-watch,dependency-watch,Low,Dependency source reviewed as vendor-owned; no app-actionable finding recorded unless surfaced separately.,Track upstream version/deprecation state; avoid local vendored edits unless app-blocking.,Build College scheme; run relevant tests/smoke path.
7,835,SourcePackages/checkouts/swift-collections/Sources/HashTreeCollections/TreeSet/TreeSet+ExpressibleByArrayLiteral.swift,C-dependency,34,Low,dependency-watch,dependency-watch,Low,Dependency source reviewed as vendor-owned; no app-actionable finding recorded unless surfaced separately.,Track upstream version/deprecation state; avoid local vendored edits unless app-blocking.,Build College scheme; run relevant tests/smoke path.
7,836,SourcePackages/checkouts/swift-collections/Sources/HashTreeCollections/TreeSet/TreeSet+Extras.swift,C-dependency,71,Low,dependency-watch,dependency-watch,Low,Dependency source reviewed as vendor-owned; no app-actionable finding recorded unless surfaced separately.,Track upstream version/deprecation state; avoid local vendored edits unless app-blocking.,Build College scheme; run relevant tests/smoke path.
7,837,SourcePackages/checkouts/swift-collections/Sources/HashTreeCollections/TreeSet/TreeSet+Filter.swift,C-dependency,55,Low,dependency-watch,dependency-watch,Low,Dependency source reviewed as vendor-owned; no app-actionable finding recorded unless surfaced separately.,Track upstream version/deprecation state; avoid local vendored edits unless app-blocking.,Build College scheme; run relevant tests/smoke path.
7,838,SourcePackages/checkouts/swift-collections/Sources/HashTreeCollections/TreeSet/TreeSet+Hashable.swift,C-dependency,28,Low,dependency-watch,dependency-watch,Low,Dependency source reviewed as vendor-owned; no app-actionable finding recorded unless surfaced separately.,Track upstream version/deprecation state; avoid local vendored edits unless app-blocking.,Build College scheme; run relevant tests/smoke path.
7,839,SourcePackages/checkouts/swift-collections/Sources/HashTreeCollections/TreeSet/TreeSet+Sendable.swift,C-dependency,12,Low,dependency-watch,dependency-watch,Low,Dependency source reviewed as vendor-owned; no app-actionable finding recorded unless surfaced separately.,Track upstream version/deprecation state; avoid local vendored edits unless app-blocking.,Build College scheme; run relevant tests/smoke path.
7,840,SourcePackages/checkouts/swift-collections/Sources/HashTreeCollections/TreeSet/TreeSet+Sequence.swift,C-dependency,53,Low,dependency-watch,dependency-watch,Low,Dependency source reviewed as vendor-owned; no app-actionable finding recorded unless surfaced separately.,Track upstream version/deprecation state; avoid local vendored edits unless app-blocking.,Build College scheme; run relevant tests/smoke path.
7,841,SourcePackages/checkouts/swift-collections/Sources/HashTreeCollections/TreeSet/TreeSet+SetAlgebra Initializers.swift,C-dependency,73,Low,dependency-watch,dependency-watch,Low,Dependency source reviewed as vendor-owned; no app-actionable finding recorded unless surfaced separately.,Track upstream version/deprecation state; avoid local vendored edits unless app-blocking.,Build College scheme; run relevant tests/smoke path.
7,842,SourcePackages/checkouts/swift-collections/Sources/HashTreeCollections/TreeSet/TreeSet+SetAlgebra basics.swift,C-dependency,134,Low,dependency-watch,dependency-watch,Low,Dependency source reviewed as vendor-owned; no app-actionable finding recorded unless surfaced separately.,Track upstream version/deprecation state; avoid local vendored edits unless app-blocking.,Build College scheme; run relevant tests/smoke path.
7,843,SourcePackages/checkouts/swift-collections/Sources/HashTreeCollections/TreeSet/TreeSet+SetAlgebra formIntersection.swift,C-dependency,76,Low,dependency-watch,dependency-watch,Low,Dependency source reviewed as vendor-owned; no app-actionable finding recorded unless surfaced separately.,Track upstream version/deprecation state; avoid local vendored edits unless app-blocking.,Build College scheme; run relevant tests/smoke path.
7,844,SourcePackages/checkouts/swift-collections/Sources/HashTreeCollections/TreeSet/TreeSet+SetAlgebra formSymmetricDifference.swift,C-dependency,71,Low,dependency-watch,dependency-watch,Low,Dependency source reviewed as vendor-owned; no app-actionable finding recorded unless surfaced separately.,Track upstream version/deprecation state; avoid local vendored edits unless app-blocking.,Build College scheme; run relevant tests/smoke path.
7,845,SourcePackages/checkouts/swift-collections/Sources/HashTreeCollections/TreeSet/TreeSet+SetAlgebra formUnion.swift,C-dependency,92,Low,dependency-watch,dependency-watch,Low,Dependency source reviewed as vendor-owned; no app-actionable finding recorded unless surfaced separately.,Track upstream version/deprecation state; avoid local vendored edits unless app-blocking.,Build College scheme; run relevant tests/smoke path.
7,846,SourcePackages/checkouts/swift-collections/Sources/HashTreeCollections/TreeSet/TreeSet+SetAlgebra intersection.swift,C-dependency,113,Low,dependency-watch,dependency-watch,Low,Dependency source reviewed as vendor-owned; no app-actionable finding recorded unless surfaced separately.,Track upstream version/deprecation state; avoid local vendored edits unless app-blocking.,Build College scheme; run relevant tests/smoke path.
7,847,SourcePackages/checkouts/swift-collections/Sources/HashTreeCollections/TreeSet/TreeSet+SetAlgebra isDisjoint.swift,C-dependency,80,Low,dependency-watch,dependency-watch,Low,Dependency source reviewed as vendor-owned; no app-actionable finding recorded unless surfaced separately.,Track upstream version/deprecation state; avoid local vendored edits unless app-blocking.,Build College scheme; run relevant tests/smoke path.
7,848,SourcePackages/checkouts/swift-collections/Sources/HashTreeCollections/TreeSet/TreeSet+SetAlgebra isEqualSet.swift,C-dependency,123,Low,dependency-watch,dependency-watch,Low,Dependency source reviewed as vendor-owned; no app-actionable finding recorded unless surfaced separately.,Track upstream version/deprecation state; avoid local vendored edits unless app-blocking.,Build College scheme; run relevant tests/smoke path.
7,849,SourcePackages/checkouts/swift-collections/Sources/HashTreeCollections/TreeSet/TreeSet+SetAlgebra isStrictSubset.swift,C-dependency,140,Low,dependency-watch,dependency-watch,Low,Dependency source reviewed as vendor-owned; no app-actionable finding recorded unless surfaced separately.,Track upstream version/deprecation state; avoid local vendored edits unless app-blocking.,Build College scheme; run relevant tests/smoke path.
7,850,SourcePackages/checkouts/swift-collections/Sources/HashTreeCollections/TreeSet/TreeSet+SetAlgebra isStrictSuperset.swift,C-dependency,125,Low,dependency-watch,dependency-watch,Low,Dependency source reviewed as vendor-owned; no app-actionable finding recorded unless surfaced separately.,Track upstream version/deprecation state; avoid local vendored edits unless app-blocking.,Build College scheme; run relevant tests/smoke path.
7,851,SourcePackages/checkouts/swift-collections/Sources/HashTreeCollections/TreeSet/TreeSet+SetAlgebra isSubset.swift,C-dependency,113,Low,dependency-watch,dependency-watch,Low,Dependency source reviewed as vendor-owned; no app-actionable finding recorded unless surfaced separately.,Track upstream version/deprecation state; avoid local vendored edits unless app-blocking.,Build College scheme; run relevant tests/smoke path.
7,852,SourcePackages/checkouts/swift-collections/Sources/HashTreeCollections/TreeSet/TreeSet+SetAlgebra isSuperset.swift,C-dependency,90,Low,dependency-watch,dependency-watch,Low,Dependency source reviewed as vendor-owned; no app-actionable finding recorded unless surfaced separately.,Track upstream version/deprecation state; avoid local vendored edits unless app-blocking.,Build College scheme; run relevant tests/smoke path.
7,853,SourcePackages/checkouts/swift-collections/Sources/HashTreeCollections/TreeSet/TreeSet+SetAlgebra subtract.swift,C-dependency,71,Low,dependency-watch,dependency-watch,Low,Dependency source reviewed as vendor-owned; no app-actionable finding recorded unless surfaced separately.,Track upstream version/deprecation state; avoid local vendored edits unless app-blocking.,Build College scheme; run relevant tests/smoke path.
7,854,SourcePackages/checkouts/swift-collections/Sources/HashTreeCollections/TreeSet/TreeSet+SetAlgebra subtracting.swift,C-dependency,98,Low,dependency-watch,dependency-watch,Low,Dependency source reviewed as vendor-owned; no app-actionable finding recorded unless surfaced separately.,Track upstream version/deprecation state; avoid local vendored edits unless app-blocking.,Build College scheme; run relevant tests/smoke path.
7,855,SourcePackages/checkouts/swift-collections/Sources/HashTreeCollections/TreeSet/TreeSet+SetAlgebra symmetricDifference.swift,C-dependency,115,Low,dependency-watch,dependency-watch,Low,Dependency source reviewed as vendor-owned; no app-actionable finding recorded unless surfaced separately.,Track upstream version/deprecation state; avoid local vendored edits unless app-blocking.,Build College scheme; run relevant tests/smoke path.
7,856,SourcePackages/checkouts/swift-collections/Sources/HashTreeCollections/TreeSet/TreeSet+SetAlgebra union.swift,C-dependency,110,Low,dependency-watch,dependency-watch,Low,Dependency source reviewed as vendor-owned; no app-actionable finding recorded unless surfaced separately.,Track upstream version/deprecation state; avoid local vendored edits unless app-blocking.,Build College scheme; run relevant tests/smoke path.
7,857,SourcePackages/checkouts/swift-collections/Sources/HashTreeCollections/TreeSet/TreeSet.swift,C-dependency,84,Low,dependency-watch,dependency-watch,Low,Dependency source reviewed as vendor-owned; no app-actionable finding recorded unless surfaced separately.,Track upstream version/deprecation state; avoid local vendored edits unless app-blocking.,Build College scheme; run relevant tests/smoke path.
7,858,SourcePackages/checkouts/swift-collections/Sources/HeapModule/Heap+Descriptions.swift,C-dependency,36,Low,dependency-watch,dependency-watch,Low,Dependency source reviewed as vendor-owned; no app-actionable finding recorded unless surfaced separately.,Track upstream version/deprecation state; avoid local vendored edits unless app-blocking.,Build College scheme; run relevant tests/smoke path.
7,859,SourcePackages/checkouts/swift-collections/Sources/HeapModule/Heap+ExpressibleByArrayLiteral.swift,C-dependency,25,Low,dependency-watch,dependency-watch,Low,Dependency source reviewed as vendor-owned; no app-actionable finding recorded unless surfaced separately.,Track upstream version/deprecation state; avoid local vendored edits unless app-blocking.,Build College scheme; run relevant tests/smoke path.
7,860,SourcePackages/checkouts/swift-collections/Sources/HeapModule/Heap+Invariants.swift,C-dependency,71,Low,dependency-watch,dependency-watch,Low,Dependency source reviewed as vendor-owned; no app-actionable finding recorded unless surfaced separately.,Track upstream version/deprecation state; avoid local vendored edits unless app-blocking.,Build College scheme; run relevant tests/smoke path.
7,861,SourcePackages/checkouts/swift-collections/Sources/HeapModule/Heap+UnsafeHandle.swift,C-dependency,387,Low,dependency-watch,dependency-watch,Low,Dependency source reviewed as vendor-owned; no app-actionable finding recorded unless surfaced separately.,Track upstream version/deprecation state; avoid local vendored edits unless app-blocking.,Build College scheme; run relevant tests/smoke path.
7,862,SourcePackages/checkouts/swift-collections/Sources/HeapModule/Heap.swift,C-dependency,395,Low,dependency-watch,dependency-watch,Low,Dependency source reviewed as vendor-owned; no app-actionable finding recorded unless surfaced separately.,Track upstream version/deprecation state; avoid local vendored edits unless app-blocking.,Build College scheme; run relevant tests/smoke path.
7,863,SourcePackages/checkouts/swift-collections/Sources/HeapModule/_HeapNode.swift,C-dependency,174,Low,dependency-watch,dependency-watch,Low,Dependency source reviewed as vendor-owned; no app-actionable finding recorded unless surfaced separately.,Track upstream version/deprecation state; avoid local vendored edits unless app-blocking.,Build College scheme; run relevant tests/smoke path.
7,864,SourcePackages/checkouts/swift-collections/Sources/InternalCollectionsUtilities/IntegerTricks/autogenerated/FixedWidthInteger+roundUpToPowerOfTwo.swift,C-dependency,46,Low,dependency-watch,dependency-watch,Low,Dependency source reviewed as vendor-owned; no app-actionable finding recorded unless surfaced separately.,Track upstream version/deprecation state; avoid local vendored edits unless app-blocking.,Build College scheme; run relevant tests/smoke path.
7,865,SourcePackages/checkouts/swift-collections/Sources/InternalCollectionsUtilities/IntegerTricks/autogenerated/Integer rank.swift,C-dependency,304,Low,dependency-watch,dependency-watch,Low,Dependency source reviewed as vendor-owned; no app-actionable finding recorded unless surfaced separately.,Track upstream version/deprecation state; avoid local vendored edits unless app-blocking.,Build College scheme; run relevant tests/smoke path.
7,866,SourcePackages/checkouts/swift-collections/Sources/InternalCollectionsUtilities/IntegerTricks/autogenerated/UInt+first and last set bit.swift,C-dependency,54,Low,dependency-watch,dependency-watch,Low,Dependency source reviewed as vendor-owned; no app-actionable finding recorded unless surfaced separately.,Track upstream version/deprecation state; avoid local vendored edits unless app-blocking.,Build College scheme; run relevant tests/smoke path.
7,867,SourcePackages/checkouts/swift-collections/Sources/InternalCollectionsUtilities/IntegerTricks/autogenerated/UInt+reversed.swift,C-dependency,58,Low,dependency-watch,dependency-watch,Low,Dependency source reviewed as vendor-owned; no app-actionable finding recorded unless surfaced separately.,Track upstream version/deprecation state; avoid local vendored edits unless app-blocking.,Build College scheme; run relevant tests/smoke path.
7,868,SourcePackages/checkouts/swift-collections/Sources/InternalCollectionsUtilities/UnsafeBitSet/autogenerated/_UnsafeBitSet+Index.swift,C-dependency,184,Low,dependency-watch,dependency-watch,Low,Dependency source reviewed as vendor-owned; no app-actionable finding recorded unless surfaced separately.,Track upstream version/deprecation state; avoid local vendored edits unless app-blocking.,Build College scheme; run relevant tests/smoke path.
7,869,SourcePackages/checkouts/swift-collections/Sources/InternalCollectionsUtilities/UnsafeBitSet/autogenerated/_UnsafeBitSet+_Word.swift,C-dependency,643,Low,dependency-watch,dependency-watch,Low,Dependency source reviewed as vendor-owned; no app-actionable finding recorded unless surfaced separately.,Track upstream version/deprecation state; avoid local vendored edits unless app-blocking.,Build College scheme; run relevant tests/smoke path.
7,870,SourcePackages/checkouts/swift-collections/Sources/InternalCollectionsUtilities/UnsafeBitSet/autogenerated/_UnsafeBitSet.swift,C-dependency,932,Low,dependency-watch,dependency-watch,Low,Dependency source reviewed as vendor-owned; no app-actionable finding recorded unless surfaced separately.,Track upstream version/deprecation state; avoid local vendored edits unless app-blocking.,Build College scheme; run relevant tests/smoke path.
7,871,SourcePackages/checkouts/swift-collections/Sources/InternalCollectionsUtilities/_SortedCollection.swift,C-dependency,27,Low,dependency-watch,dependency-watch,Low,Dependency source reviewed as vendor-owned; no app-actionable finding recorded unless surfaced separately.,Track upstream version/deprecation state; avoid local vendored edits unless app-blocking.,Build College scheme; run relevant tests/smoke path.
7,872,SourcePackages/checkouts/swift-collections/Sources/InternalCollectionsUtilities/_UniqueCollection.swift,C-dependency,37,Low,dependency-watch,dependency-watch,Low,Dependency source reviewed as vendor-owned; no app-actionable finding recorded unless surfaced separately.,Track upstream version/deprecation state; avoid local vendored edits unless app-blocking.,Build College scheme; run relevant tests/smoke path.
7,873,SourcePackages/checkouts/swift-collections/Sources/InternalCollectionsUtilities/autogenerated/Debugging.swift,C-dependency,54,Low,dependency-watch,dependency-watch,Low,Dependency source reviewed as vendor-owned; no app-actionable finding recorded unless surfaced separately.,Track upstream version/deprecation state; avoid local vendored edits unless app-blocking.,Build College scheme; run relevant tests/smoke path.
7,874,SourcePackages/checkouts/swift-collections/Sources/InternalCollectionsUtilities/autogenerated/Descriptions.swift,C-dependency,140,Low,dependency-watch,dependency-watch,Low,Dependency source reviewed as vendor-owned; no app-actionable finding recorded unless surfaced separately.,Track upstream version/deprecation state; avoid local vendored edits unless app-blocking.,Build College scheme; run relevant tests/smoke path.
7,875,SourcePackages/checkouts/swift-collections/Sources/InternalCollectionsUtilities/autogenerated/LifetimeOverride.swift,C-dependency,169,Low,dependency-watch,dependency-watch,Low,Dependency source reviewed as vendor-owned; no app-actionable finding recorded unless surfaced separately.,Track upstream version/deprecation state; avoid local vendored edits unless app-blocking.,Build College scheme; run relevant tests/smoke path.
8,876,SourcePackages/checkouts/swift-collections/Sources/InternalCollectionsUtilities/autogenerated/RandomAccessCollection+Offsets.swift,C-dependency,58,Low,dependency-watch,dependency-watch,Low,Dependency source reviewed as vendor-owned; no app-actionable finding recorded unless surfaced separately.,Track upstream version/deprecation state; avoid local vendored edits unless app-blocking.,Build College scheme; run relevant tests/smoke path.
8,877,SourcePackages/checkouts/swift-collections/Sources/InternalCollectionsUtilities/autogenerated/UnsafeBufferPointer+Extras.swift,C-dependency,157,Low,dependency-watch,dependency-watch,Low,Dependency source reviewed as vendor-owned; no app-actionable finding recorded unless surfaced separately.,Track upstream version/deprecation state; avoid local vendored edits unless app-blocking.,Build College scheme; run relevant tests/smoke path.
8,878,SourcePackages/checkouts/swift-collections/Sources/InternalCollectionsUtilities/autogenerated/UnsafeMutableBufferPointer+Extras.swift,C-dependency,580,Low,dependency-watch,dependency-watch,Low,Dependency source reviewed as vendor-owned; no app-actionable finding recorded unless surfaced separately.,Track upstream version/deprecation state; avoid local vendored edits unless app-blocking.,Build College scheme; run relevant tests/smoke path.
8,879,SourcePackages/checkouts/swift-collections/Sources/InternalCollectionsUtilities/autogenerated/UnsafeMutableRawBufferPointer+Extras.swift,C-dependency,45,Low,dependency-watch,dependency-watch,Low,Dependency source reviewed as vendor-owned; no app-actionable finding recorded unless surfaced separately.,Track upstream version/deprecation state; avoid local vendored edits unless app-blocking.,Build College scheme; run relevant tests/smoke path.
8,880,SourcePackages/checkouts/swift-collections/Sources/InternalCollectionsUtilities/autogenerated/UnsafeRawBufferPointer+Extras.swift,C-dependency,43,Low,dependency-watch,dependency-watch,Low,Dependency source reviewed as vendor-owned; no app-actionable finding recorded unless surfaced separately.,Track upstream version/deprecation state; avoid local vendored edits unless app-blocking.,Build College scheme; run relevant tests/smoke path.
8,881,SourcePackages/checkouts/swift-collections/Sources/OrderedCollections/HashTable/_HashTable+Bucket.swift,C-dependency,37,Low,dependency-watch,dependency-watch,Low,Dependency source reviewed as vendor-owned; no app-actionable finding recorded unless surfaced separately.,Track upstream version/deprecation state; avoid local vendored edits unless app-blocking.,Build College scheme; run relevant tests/smoke path.
8,882,SourcePackages/checkouts/swift-collections/Sources/OrderedCollections/HashTable/_HashTable+BucketIterator.swift,C-dependency,265,Low,dependency-watch,dependency-watch,Low,Dependency source reviewed as vendor-owned; no app-actionable finding recorded unless surfaced separately.,Track upstream version/deprecation state; avoid local vendored edits unless app-blocking.,Build College scheme; run relevant tests/smoke path.
8,883,SourcePackages/checkouts/swift-collections/Sources/OrderedCollections/HashTable/_HashTable+Constants.swift,C-dependency,97,Low,dependency-watch,dependency-watch,Low,Dependency source reviewed as vendor-owned; no app-actionable finding recorded unless surfaced separately.,Track upstream version/deprecation state; avoid local vendored edits unless app-blocking.,Build College scheme; run relevant tests/smoke path.
8,884,SourcePackages/checkouts/swift-collections/Sources/OrderedCollections/HashTable/_HashTable+CustomStringConvertible.swift,C-dependency,61,Low,dependency-watch,dependency-watch,Low,Dependency source reviewed as vendor-owned; no app-actionable finding recorded unless surfaced separately.,Track upstream version/deprecation state; avoid local vendored edits unless app-blocking.,Build College scheme; run relevant tests/smoke path.
8,885,SourcePackages/checkouts/swift-collections/Sources/OrderedCollections/HashTable/_HashTable+Testing.swift,C-dependency,64,Low,dependency-watch,dependency-watch,Low,Dependency source reviewed as vendor-owned; no app-actionable finding recorded unless surfaced separately.,Track upstream version/deprecation state; avoid local vendored edits unless app-blocking.,Build College scheme; run relevant tests/smoke path.
8,886,SourcePackages/checkouts/swift-collections/Sources/OrderedCollections/HashTable/_HashTable+UnsafeHandle.swift,C-dependency,597,Low,dependency-watch,dependency-watch,Low,Dependency source reviewed as vendor-owned; no app-actionable finding recorded unless surfaced separately.,Track upstream version/deprecation state; avoid local vendored edits unless app-blocking.,Build College scheme; run relevant tests/smoke path.
8,887,SourcePackages/checkouts/swift-collections/Sources/OrderedCollections/HashTable/_HashTable.swift,C-dependency,234,Low,dependency-watch,dependency-watch,Low,Dependency source reviewed as vendor-owned; no app-actionable finding recorded unless surfaced separately.,Track upstream version/deprecation state; avoid local vendored edits unless app-blocking.,Build College scheme; run relevant tests/smoke path.
8,888,SourcePackages/checkouts/swift-collections/Sources/OrderedCollections/HashTable/_Hashtable+Header.swift,C-dependency,99,Low,dependency-watch,dependency-watch,Low,Dependency source reviewed as vendor-owned; no app-actionable finding recorded unless surfaced separately.,Track upstream version/deprecation state; avoid local vendored edits unless app-blocking.,Build College scheme; run relevant tests/smoke path.
8,889,SourcePackages/checkouts/swift-collections/Sources/OrderedCollections/OrderedDictionary/OrderedDictionary+Codable.swift,C-dependency,89,Low,dependency-watch,dependency-watch,Low,Dependency source reviewed as vendor-owned; no app-actionable finding recorded unless surfaced separately.,Track upstream version/deprecation state; avoid local vendored edits unless app-blocking.,Build College scheme; run relevant tests/smoke path.
8,890,SourcePackages/checkouts/swift-collections/Sources/OrderedCollections/OrderedDictionary/OrderedDictionary+CustomReflectable.swift,C-dependency,19,Low,dependency-watch,dependency-watch,Low,Dependency source reviewed as vendor-owned; no app-actionable finding recorded unless surfaced separately.,Track upstream version/deprecation state; avoid local vendored edits unless app-blocking.,Build College scheme; run relevant tests/smoke path.
8,891,SourcePackages/checkouts/swift-collections/Sources/OrderedCollections/OrderedDictionary/OrderedDictionary+Deprecations.swift,C-dependency,52,Low,dependency-watch,dependency-watch,Low,Dependency source reviewed as vendor-owned; no app-actionable finding recorded unless surfaced separately.,Track upstream version/deprecation state; avoid local vendored edits unless app-blocking.,Build College scheme; run relevant tests/smoke path.
8,892,SourcePackages/checkouts/swift-collections/Sources/OrderedCollections/OrderedDictionary/OrderedDictionary+Descriptions.swift,C-dependency,30,Low,dependency-watch,dependency-watch,Low,Dependency source reviewed as vendor-owned; no app-actionable finding recorded unless surfaced separately.,Track upstream version/deprecation state; avoid local vendored edits unless app-blocking.,Build College scheme; run relevant tests/smoke path.
8,893,SourcePackages/checkouts/swift-collections/Sources/OrderedCollections/OrderedDictionary/OrderedDictionary+Elements.SubSequence.swift,C-dependency,357,Low,dependency-watch,dependency-watch,Low,Dependency source reviewed as vendor-owned; no app-actionable finding recorded unless surfaced separately.,Track upstream version/deprecation state; avoid local vendored edits unless app-blocking.,Build College scheme; run relevant tests/smoke path.
8,894,SourcePackages/checkouts/swift-collections/Sources/OrderedCollections/OrderedDictionary/OrderedDictionary+Elements.swift,C-dependency,666,Low,dependency-watch,dependency-watch,Low,Dependency source reviewed as vendor-owned; no app-actionable finding recorded unless surfaced separately.,Track upstream version/deprecation state; avoid local vendored edits unless app-blocking.,Build College scheme; run relevant tests/smoke path.
8,895,SourcePackages/checkouts/swift-collections/Sources/OrderedCollections/OrderedDictionary/OrderedDictionary+Equatable.swift,C-dependency,23,Low,dependency-watch,dependency-watch,Low,Dependency source reviewed as vendor-owned; no app-actionable finding recorded unless surfaced separately.,Track upstream version/deprecation state; avoid local vendored edits unless app-blocking.,Build College scheme; run relevant tests/smoke path.
8,896,SourcePackages/checkouts/swift-collections/Sources/OrderedCollections/OrderedDictionary/OrderedDictionary+ExpressibleByDictionaryLiteral.swift,C-dependency,31,Low,dependency-watch,dependency-watch,Low,Dependency source reviewed as vendor-owned; no app-actionable finding recorded unless surfaced separately.,Track upstream version/deprecation state; avoid local vendored edits unless app-blocking.,Build College scheme; run relevant tests/smoke path.
8,897,SourcePackages/checkouts/swift-collections/Sources/OrderedCollections/OrderedDictionary/OrderedDictionary+Hashable.swift,C-dependency,25,Low,dependency-watch,dependency-watch,Low,Dependency source reviewed as vendor-owned; no app-actionable finding recorded unless surfaced separately.,Track upstream version/deprecation state; avoid local vendored edits unless app-blocking.,Build College scheme; run relevant tests/smoke path.
8,898,SourcePackages/checkouts/swift-collections/Sources/OrderedCollections/OrderedDictionary/OrderedDictionary+Initializers.swift,C-dependency,463,Low,dependency-watch,dependency-watch,Low,Dependency source reviewed as vendor-owned; no app-actionable finding recorded unless surfaced separately.,Track upstream version/deprecation state; avoid local vendored edits unless app-blocking.,Build College scheme; run relevant tests/smoke path.
8,899,SourcePackages/checkouts/swift-collections/Sources/OrderedCollections/OrderedDictionary/OrderedDictionary+Invariants.swift,C-dependency,37,Low,dependency-watch,dependency-watch,Low,Dependency source reviewed as vendor-owned; no app-actionable finding recorded unless surfaced separately.,Track upstream version/deprecation state; avoid local vendored edits unless app-blocking.,Build College scheme; run relevant tests/smoke path.
8,900,SourcePackages/checkouts/swift-collections/Sources/OrderedCollections/OrderedDictionary/OrderedDictionary+Partial MutableCollection.swift,C-dependency,193,Low,dependency-watch,dependency-watch,Low,Dependency source reviewed as vendor-owned; no app-actionable finding recorded unless surfaced separately.,Track upstream version/deprecation state; avoid local vendored edits unless app-blocking.,Build College scheme; run relevant tests/smoke path.
8,901,SourcePackages/checkouts/swift-collections/Sources/OrderedCollections/OrderedDictionary/OrderedDictionary+Partial RangeReplaceableCollection.swift,C-dependency,184,Low,dependency-watch,dependency-watch,Low,Dependency source reviewed as vendor-owned; no app-actionable finding recorded unless surfaced separately.,Track upstream version/deprecation state; avoid local vendored edits unless app-blocking.,Build College scheme; run relevant tests/smoke path.
8,902,SourcePackages/checkouts/swift-collections/Sources/OrderedCollections/OrderedDictionary/OrderedDictionary+Sendable.swift,C-dependency,13,Low,dependency-watch,dependency-watch,Low,Dependency source reviewed as vendor-owned; no app-actionable finding recorded unless surfaced separately.,Track upstream version/deprecation state; avoid local vendored edits unless app-blocking.,Build College scheme; run relevant tests/smoke path.
8,903,SourcePackages/checkouts/swift-collections/Sources/OrderedCollections/OrderedDictionary/OrderedDictionary+Sequence.swift,C-dependency,66,Low,dependency-watch,dependency-watch,Low,Dependency source reviewed as vendor-owned; no app-actionable finding recorded unless surfaced separately.,Track upstream version/deprecation state; avoid local vendored edits unless app-blocking.,Build College scheme; run relevant tests/smoke path.
8,904,SourcePackages/checkouts/swift-collections/Sources/OrderedCollections/OrderedDictionary/OrderedDictionary+Values.swift,C-dependency,404,Low,dependency-watch,dependency-watch,Low,Dependency source reviewed as vendor-owned; no app-actionable finding recorded unless surfaced separately.,Track upstream version/deprecation state; avoid local vendored edits unless app-blocking.,Build College scheme; run relevant tests/smoke path.
8,905,SourcePackages/checkouts/swift-collections/Sources/OrderedCollections/OrderedDictionary/OrderedDictionary.swift,C-dependency,1057,Low,dependency-watch,dependency-watch,Low,Dependency source reviewed as vendor-owned; no app-actionable finding recorded unless surfaced separately.,Track upstream version/deprecation state; avoid local vendored edits unless app-blocking.,Build College scheme; run relevant tests/smoke path.
8,906,SourcePackages/checkouts/swift-collections/Sources/OrderedCollections/OrderedSet/OrderedSet+Codable.swift,C-dependency,48,Low,dependency-watch,dependency-watch,Low,Dependency source reviewed as vendor-owned; no app-actionable finding recorded unless surfaced separately.,Track upstream version/deprecation state; avoid local vendored edits unless app-blocking.,Build College scheme; run relevant tests/smoke path.
8,907,SourcePackages/checkouts/swift-collections/Sources/OrderedCollections/OrderedSet/OrderedSet+CustomReflectable.swift,C-dependency,19,Low,dependency-watch,dependency-watch,Low,Dependency source reviewed as vendor-owned; no app-actionable finding recorded unless surfaced separately.,Track upstream version/deprecation state; avoid local vendored edits unless app-blocking.,Build College scheme; run relevant tests/smoke path.
8,908,SourcePackages/checkouts/swift-collections/Sources/OrderedCollections/OrderedSet/OrderedSet+Descriptions.swift,C-dependency,30,Low,dependency-watch,dependency-watch,Low,Dependency source reviewed as vendor-owned; no app-actionable finding recorded unless surfaced separately.,Track upstream version/deprecation state; avoid local vendored edits unless app-blocking.,Build College scheme; run relevant tests/smoke path.
8,909,SourcePackages/checkouts/swift-collections/Sources/OrderedCollections/OrderedSet/OrderedSet+Diffing.swift,C-dependency,100,Low,dependency-watch,dependency-watch,Low,Dependency source reviewed as vendor-owned; no app-actionable finding recorded unless surfaced separately.,Track upstream version/deprecation state; avoid local vendored edits unless app-blocking.,Build College scheme; run relevant tests/smoke path.
8,910,SourcePackages/checkouts/swift-collections/Sources/OrderedCollections/OrderedSet/OrderedSet+Equatable.swift,C-dependency,28,Low,dependency-watch,dependency-watch,Low,Dependency source reviewed as vendor-owned; no app-actionable finding recorded unless surfaced separately.,Track upstream version/deprecation state; avoid local vendored edits unless app-blocking.,Build College scheme; run relevant tests/smoke path.
8,911,SourcePackages/checkouts/swift-collections/Sources/OrderedCollections/OrderedSet/OrderedSet+ExpressibleByArrayLiteral.swift,C-dependency,32,Low,dependency-watch,dependency-watch,Low,Dependency source reviewed as vendor-owned; no app-actionable finding recorded unless surfaced separately.,Track upstream version/deprecation state; avoid local vendored edits unless app-blocking.,Build College scheme; run relevant tests/smoke path.
8,912,SourcePackages/checkouts/swift-collections/Sources/OrderedCollections/OrderedSet/OrderedSet+Hashable.swift,C-dependency,24,Low,dependency-watch,dependency-watch,Low,Dependency source reviewed as vendor-owned; no app-actionable finding recorded unless surfaced separately.,Track upstream version/deprecation state; avoid local vendored edits unless app-blocking.,Build College scheme; run relevant tests/smoke path.
8,913,SourcePackages/checkouts/swift-collections/Sources/OrderedCollections/OrderedSet/OrderedSet+Initializers.swift,C-dependency,153,Low,dependency-watch,dependency-watch,Low,Dependency source reviewed as vendor-owned; no app-actionable finding recorded unless surfaced separately.,Track upstream version/deprecation state; avoid local vendored edits unless app-blocking.,Build College scheme; run relevant tests/smoke path.
8,914,SourcePackages/checkouts/swift-collections/Sources/OrderedCollections/OrderedSet/OrderedSet+Insertions.swift,C-dependency,257,Low,dependency-watch,dependency-watch,Low,Dependency source reviewed as vendor-owned; no app-actionable finding recorded unless surfaced separately.,Track upstream version/deprecation state; avoid local vendored edits unless app-blocking.,Build College scheme; run relevant tests/smoke path.
8,915,SourcePackages/checkouts/swift-collections/Sources/OrderedCollections/OrderedSet/OrderedSet+Invariants.swift,C-dependency,68,Low,dependency-watch,dependency-watch,Low,Dependency source reviewed as vendor-owned; no app-actionable finding recorded unless surfaced separately.,Track upstream version/deprecation state; avoid local vendored edits unless app-blocking.,Build College scheme; run relevant tests/smoke path.
8,916,SourcePackages/checkouts/swift-collections/Sources/OrderedCollections/OrderedSet/OrderedSet+Partial MutableCollection.swift,C-dependency,446,Low,dependency-watch,dependency-watch,Low,Dependency source reviewed as vendor-owned; no app-actionable finding recorded unless surfaced separately.,Track upstream version/deprecation state; avoid local vendored edits unless app-blocking.,Build College scheme; run relevant tests/smoke path.
8,917,SourcePackages/checkouts/swift-collections/Sources/OrderedCollections/OrderedSet/OrderedSet+Partial RangeReplaceableCollection.swift,C-dependency,222,Low,dependency-watch,dependency-watch,Low,Dependency source reviewed as vendor-owned; no app-actionable finding recorded unless surfaced separately.,Track upstream version/deprecation state; avoid local vendored edits unless app-blocking.,Build College scheme; run relevant tests/smoke path.
8,918,SourcePackages/checkouts/swift-collections/Sources/OrderedCollections/OrderedSet/OrderedSet+Partial SetAlgebra formIntersection.swift,C-dependency,85,Low,dependency-watch,dependency-watch,Low,Dependency source reviewed as vendor-owned; no app-actionable finding recorded unless surfaced separately.,Track upstream version/deprecation state; avoid local vendored edits unless app-blocking.,Build College scheme; run relevant tests/smoke path.
8,919,SourcePackages/checkouts/swift-collections/Sources/OrderedCollections/OrderedSet/OrderedSet+Partial SetAlgebra formSymmetricDifference.swift,C-dependency,87,Low,dependency-watch,dependency-watch,Low,Dependency source reviewed as vendor-owned; no app-actionable finding recorded unless surfaced separately.,Track upstream version/deprecation state; avoid local vendored edits unless app-blocking.,Build College scheme; run relevant tests/smoke path.
8,920,SourcePackages/checkouts/swift-collections/Sources/OrderedCollections/OrderedSet/OrderedSet+Partial SetAlgebra formUnion.swift,C-dependency,103,Low,dependency-watch,dependency-watch,Low,Dependency source reviewed as vendor-owned; no app-actionable finding recorded unless surfaced separately.,Track upstream version/deprecation state; avoid local vendored edits unless app-blocking.,Build College scheme; run relevant tests/smoke path.
8,921,SourcePackages/checkouts/swift-collections/Sources/OrderedCollections/OrderedSet/OrderedSet+Partial SetAlgebra intersection.swift,C-dependency,110,Low,dependency-watch,dependency-watch,Low,Dependency source reviewed as vendor-owned; no app-actionable finding recorded unless surfaced separately.,Track upstream version/deprecation state; avoid local vendored edits unless app-blocking.,Build College scheme; run relevant tests/smoke path.
8,922,SourcePackages/checkouts/swift-collections/Sources/OrderedCollections/OrderedSet/OrderedSet+Partial SetAlgebra isDisjoint.swift,C-dependency,130,Low,dependency-watch,dependency-watch,Low,Dependency source reviewed as vendor-owned; no app-actionable finding recorded unless surfaced separately.,Track upstream version/deprecation state; avoid local vendored edits unless app-blocking.,Build College scheme; run relevant tests/smoke path.
8,923,SourcePackages/checkouts/swift-collections/Sources/OrderedCollections/OrderedSet/OrderedSet+Partial SetAlgebra isEqualSet.swift,C-dependency,84,Low,dependency-watch,dependency-watch,Low,Dependency source reviewed as vendor-owned; no app-actionable finding recorded unless surfaced separately.,Track upstream version/deprecation state; avoid local vendored edits unless app-blocking.,Build College scheme; run relevant tests/smoke path.
8,924,SourcePackages/checkouts/swift-collections/Sources/OrderedCollections/OrderedSet/OrderedSet+Partial SetAlgebra isStrictSubset.swift,C-dependency,162,Low,dependency-watch,dependency-watch,Low,Dependency source reviewed as vendor-owned; no app-actionable finding recorded unless surfaced separately.,Track upstream version/deprecation state; avoid local vendored edits unless app-blocking.,Build College scheme; run relevant tests/smoke path.
8,925,SourcePackages/checkouts/swift-collections/Sources/OrderedCollections/OrderedSet/OrderedSet+Partial SetAlgebra isStrictSuperset.swift,C-dependency,160,Low,dependency-watch,dependency-watch,Low,Dependency source reviewed as vendor-owned; no app-actionable finding recorded unless surfaced separately.,Track upstream version/deprecation state; avoid local vendored edits unless app-blocking.,Build College scheme; run relevant tests/smoke path.
8,926,SourcePackages/checkouts/swift-collections/Sources/OrderedCollections/OrderedSet/OrderedSet+Partial SetAlgebra isSubset.swift,C-dependency,155,Low,dependency-watch,dependency-watch,Low,Dependency source reviewed as vendor-owned; no app-actionable finding recorded unless surfaced separately.,Track upstream version/deprecation state; avoid local vendored edits unless app-blocking.,Build College scheme; run relevant tests/smoke path.
8,927,SourcePackages/checkouts/swift-collections/Sources/OrderedCollections/OrderedSet/OrderedSet+Partial SetAlgebra isSuperset.swift,C-dependency,124,Low,dependency-watch,dependency-watch,Low,Dependency source reviewed as vendor-owned; no app-actionable finding recorded unless surfaced separately.,Track upstream version/deprecation state; avoid local vendored edits unless app-blocking.,Build College scheme; run relevant tests/smoke path.
8,928,SourcePackages/checkouts/swift-collections/Sources/OrderedCollections/OrderedSet/OrderedSet+Partial SetAlgebra subtract.swift,C-dependency,74,Low,dependency-watch,dependency-watch,Low,Dependency source reviewed as vendor-owned; no app-actionable finding recorded unless surfaced separately.,Track upstream version/deprecation state; avoid local vendored edits unless app-blocking.,Build College scheme; run relevant tests/smoke path.
8,929,SourcePackages/checkouts/swift-collections/Sources/OrderedCollections/OrderedSet/OrderedSet+Partial SetAlgebra subtracting.swift,C-dependency,110,Low,dependency-watch,dependency-watch,Low,Dependency source reviewed as vendor-owned; no app-actionable finding recorded unless surfaced separately.,Track upstream version/deprecation state; avoid local vendored edits unless app-blocking.,Build College scheme; run relevant tests/smoke path.
8,930,SourcePackages/checkouts/swift-collections/Sources/OrderedCollections/OrderedSet/OrderedSet+Partial SetAlgebra symmetricDifference.swift,C-dependency,137,Low,dependency-watch,dependency-watch,Low,Dependency source reviewed as vendor-owned; no app-actionable finding recorded unless surfaced separately.,Track upstream version/deprecation state; avoid local vendored edits unless app-blocking.,Build College scheme; run relevant tests/smoke path.
8,931,SourcePackages/checkouts/swift-collections/Sources/OrderedCollections/OrderedSet/OrderedSet+Partial SetAlgebra union.swift,C-dependency,108,Low,dependency-watch,dependency-watch,Low,Dependency source reviewed as vendor-owned; no app-actionable finding recorded unless surfaced separately.,Track upstream version/deprecation state; avoid local vendored edits unless app-blocking.,Build College scheme; run relevant tests/smoke path.
8,932,SourcePackages/checkouts/swift-collections/Sources/OrderedCollections/OrderedSet/OrderedSet+Partial SetAlgebra+Basics.swift,C-dependency,76,Low,dependency-watch,dependency-watch,Low,Dependency source reviewed as vendor-owned; no app-actionable finding recorded unless surfaced separately.,Track upstream version/deprecation state; avoid local vendored edits unless app-blocking.,Build College scheme; run relevant tests/smoke path.
8,933,SourcePackages/checkouts/swift-collections/Sources/OrderedCollections/OrderedSet/OrderedSet+RandomAccessCollection.swift,C-dependency,306,Low,dependency-watch,dependency-watch,Low,Dependency source reviewed as vendor-owned; no app-actionable finding recorded unless surfaced separately.,Track upstream version/deprecation state; avoid local vendored edits unless app-blocking.,Build College scheme; run relevant tests/smoke path.
8,934,SourcePackages/checkouts/swift-collections/Sources/OrderedCollections/OrderedSet/OrderedSet+ReserveCapacity.swift,C-dependency,129,Low,dependency-watch,dependency-watch,Low,Dependency source reviewed as vendor-owned; no app-actionable finding recorded unless surfaced separately.,Track upstream version/deprecation state; avoid local vendored edits unless app-blocking.,Build College scheme; run relevant tests/smoke path.
8,935,SourcePackages/checkouts/swift-collections/Sources/OrderedCollections/OrderedSet/OrderedSet+Sendable.swift,C-dependency,12,Low,dependency-watch,dependency-watch,Low,Dependency source reviewed as vendor-owned; no app-actionable finding recorded unless surfaced separately.,Track upstream version/deprecation state; avoid local vendored edits unless app-blocking.,Build College scheme; run relevant tests/smoke path.
8,936,SourcePackages/checkouts/swift-collections/Sources/OrderedCollections/OrderedSet/OrderedSet+SubSequence.swift,C-dependency,379,Low,dependency-watch,dependency-watch,Low,Dependency source reviewed as vendor-owned; no app-actionable finding recorded unless surfaced separately.,Track upstream version/deprecation state; avoid local vendored edits unless app-blocking.,Build College scheme; run relevant tests/smoke path.
8,937,SourcePackages/checkouts/swift-collections/Sources/OrderedCollections/OrderedSet/OrderedSet+Testing.swift,C-dependency,136,Low,dependency-watch,dependency-watch,Low,Dependency source reviewed as vendor-owned; no app-actionable finding recorded unless surfaced separately.,Track upstream version/deprecation state; avoid local vendored edits unless app-blocking.,Build College scheme; run relevant tests/smoke path.
8,938,SourcePackages/checkouts/swift-collections/Sources/OrderedCollections/OrderedSet/OrderedSet+UnorderedView.swift,C-dependency,1010,Low,dependency-watch,dependency-watch,Low,Dependency source reviewed as vendor-owned; no app-actionable finding recorded unless surfaced separately.,Track upstream version/deprecation state; avoid local vendored edits unless app-blocking.,Build College scheme; run relevant tests/smoke path.
8,939,SourcePackages/checkouts/swift-collections/Sources/OrderedCollections/OrderedSet/OrderedSet+UnstableInternals.swift,C-dependency,51,Low,dependency-watch,dependency-watch,Low,Dependency source reviewed as vendor-owned; no app-actionable finding recorded unless surfaced separately.,Track upstream version/deprecation state; avoid local vendored edits unless app-blocking.,Build College scheme; run relevant tests/smoke path.
8,940,SourcePackages/checkouts/swift-collections/Sources/OrderedCollections/OrderedSet/OrderedSet.swift,C-dependency,582,Low,dependency-watch,dependency-watch,Low,Dependency source reviewed as vendor-owned; no app-actionable finding recorded unless surfaced separately.,Track upstream version/deprecation state; avoid local vendored edits unless app-blocking.,Build College scheme; run relevant tests/smoke path.
8,941,SourcePackages/checkouts/swift-collections/Sources/OrderedCollections/Utilities/_UnsafeBitset.swift,C-dependency,17,Low,dependency-watch,dependency-watch,Low,Dependency source reviewed as vendor-owned; no app-actionable finding recorded unless surfaced separately.,Track upstream version/deprecation state; avoid local vendored edits unless app-blocking.,Build College scheme; run relevant tests/smoke path.
8,942,SourcePackages/checkouts/swift-collections/Sources/RopeModule/BigString/Basics/BigString+Builder.swift,C-dependency,145,Low,dependency-watch,dependency-watch,Low,Dependency source reviewed as vendor-owned; no app-actionable finding recorded unless surfaced separately.,Track upstream version/deprecation state; avoid local vendored edits unless app-blocking.,Build College scheme; run relevant tests/smoke path.
8,943,SourcePackages/checkouts/swift-collections/Sources/RopeModule/BigString/Basics/BigString+Contents.swift,C-dependency,540,Low,dependency-watch,dependency-watch,Low,Dependency source reviewed as vendor-owned; no app-actionable finding recorded unless surfaced separately.,Track upstream version/deprecation state; avoid local vendored edits unless app-blocking.,Build College scheme; run relevant tests/smoke path.
8,944,SourcePackages/checkouts/swift-collections/Sources/RopeModule/BigString/Basics/BigString+Debugging.swift,C-dependency,17,Low,dependency-watch,dependency-watch,Low,Dependency source reviewed as vendor-owned; no app-actionable finding recorded unless surfaced separately.,Track upstream version/deprecation state; avoid local vendored edits unless app-blocking.,Build College scheme; run relevant tests/smoke path.
8,945,SourcePackages/checkouts/swift-collections/Sources/RopeModule/BigString/Basics/BigString+Index.swift,C-dependency,247,Low,dependency-watch,dependency-watch,Low,Dependency source reviewed as vendor-owned; no app-actionable finding recorded unless surfaced separately.,Track upstream version/deprecation state; avoid local vendored edits unless app-blocking.,Build College scheme; run relevant tests/smoke path.
8,946,SourcePackages/checkouts/swift-collections/Sources/RopeModule/BigString/Basics/BigString+Ingester.swift,C-dependency,169,Low,dependency-watch,dependency-watch,Low,Dependency source reviewed as vendor-owned; no app-actionable finding recorded unless surfaced separately.,Track upstream version/deprecation state; avoid local vendored edits unless app-blocking.,Build College scheme; run relevant tests/smoke path.
8,947,SourcePackages/checkouts/swift-collections/Sources/RopeModule/BigString/Basics/BigString+Invariants.swift,C-dependency,35,Low,dependency-watch,dependency-watch,Low,Dependency source reviewed as vendor-owned; no app-actionable finding recorded unless surfaced separately.,Track upstream version/deprecation state; avoid local vendored edits unless app-blocking.,Build College scheme; run relevant tests/smoke path.
8,948,SourcePackages/checkouts/swift-collections/Sources/RopeModule/BigString/Basics/BigString+Iterators.swift,C-dependency,34,Low,dependency-watch,dependency-watch,Low,Dependency source reviewed as vendor-owned; no app-actionable finding recorded unless surfaced separately.,Track upstream version/deprecation state; avoid local vendored edits unless app-blocking.,Build College scheme; run relevant tests/smoke path.
8,949,SourcePackages/checkouts/swift-collections/Sources/RopeModule/BigString/Basics/BigString+Metrics.swift,C-dependency,289,Low,dependency-watch,dependency-watch,Low,Dependency source reviewed as vendor-owned; no app-actionable finding recorded unless surfaced separately.,Track upstream version/deprecation state; avoid local vendored edits unless app-blocking.,Build College scheme; run relevant tests/smoke path.
8,950,SourcePackages/checkouts/swift-collections/Sources/RopeModule/BigString/Basics/BigString+Summary.swift,C-dependency,78,Low,dependency-watch,dependency-watch,Low,Dependency source reviewed as vendor-owned; no app-actionable finding recorded unless surfaced separately.,Track upstream version/deprecation state; avoid local vendored edits unless app-blocking.,Build College scheme; run relevant tests/smoke path.
8,951,SourcePackages/checkouts/swift-collections/Sources/RopeModule/BigString/Basics/BigString.swift,C-dependency,22,Low,dependency-watch,dependency-watch,Low,Dependency source reviewed as vendor-owned; no app-actionable finding recorded unless surfaced separately.,Track upstream version/deprecation state; avoid local vendored edits unless app-blocking.,Build College scheme; run relevant tests/smoke path.
8,952,SourcePackages/checkouts/swift-collections/Sources/RopeModule/BigString/Chunk/BigString+Chunk+Append and Insert.swift,C-dependency,170,Low,dependency-watch,dependency-watch,Low,Dependency source reviewed as vendor-owned; no app-actionable finding recorded unless surfaced separately.,Track upstream version/deprecation state; avoid local vendored edits unless app-blocking.,Build College scheme; run relevant tests/smoke path.
8,953,SourcePackages/checkouts/swift-collections/Sources/RopeModule/BigString/Chunk/BigString+Chunk+Breaks.swift,C-dependency,67,Low,dependency-watch,dependency-watch,Low,Dependency source reviewed as vendor-owned; no app-actionable finding recorded unless surfaced separately.,Track upstream version/deprecation state; avoid local vendored edits unless app-blocking.,Build College scheme; run relevant tests/smoke path.
8,954,SourcePackages/checkouts/swift-collections/Sources/RopeModule/BigString/Chunk/BigString+Chunk+Counts.swift,C-dependency,148,Low,dependency-watch,dependency-watch,Low,Dependency source reviewed as vendor-owned; no app-actionable finding recorded unless surfaced separately.,Track upstream version/deprecation state; avoid local vendored edits unless app-blocking.,Build College scheme; run relevant tests/smoke path.
8,955,SourcePackages/checkouts/swift-collections/Sources/RopeModule/BigString/Chunk/BigString+Chunk+Description.swift,C-dependency,70,Low,dependency-watch,dependency-watch,Low,Dependency source reviewed as vendor-owned; no app-actionable finding recorded unless surfaced separately.,Track upstream version/deprecation state; avoid local vendored edits unless app-blocking.,Build College scheme; run relevant tests/smoke path.
8,956,SourcePackages/checkouts/swift-collections/Sources/RopeModule/BigString/Chunk/BigString+Chunk+Indexing by Characters.swift,C-dependency,146,Low,dependency-watch,dependency-watch,Low,Dependency source reviewed as vendor-owned; no app-actionable finding recorded unless surfaced separately.,Track upstream version/deprecation state; avoid local vendored edits unless app-blocking.,Build College scheme; run relevant tests/smoke path.
8,957,SourcePackages/checkouts/swift-collections/Sources/RopeModule/BigString/Chunk/BigString+Chunk+Indexing by UTF16.swift,C-dependency,26,Low,dependency-watch,dependency-watch,Low,Dependency source reviewed as vendor-owned; no app-actionable finding recorded unless surfaced separately.,Track upstream version/deprecation state; avoid local vendored edits unless app-blocking.,Build College scheme; run relevant tests/smoke path.
8,958,SourcePackages/checkouts/swift-collections/Sources/RopeModule/BigString/Chunk/BigString+Chunk+RopeElement.swift,C-dependency,154,Low,dependency-watch,dependency-watch,Low,Dependency source reviewed as vendor-owned; no app-actionable finding recorded unless surfaced separately.,Track upstream version/deprecation state; avoid local vendored edits unless app-blocking.,Build College scheme; run relevant tests/smoke path.
8,959,SourcePackages/checkouts/swift-collections/Sources/RopeModule/BigString/Chunk/BigString+Chunk+Splitting.swift,C-dependency,145,Low,dependency-watch,dependency-watch,Low,Dependency source reviewed as vendor-owned; no app-actionable finding recorded unless surfaced separately.,Track upstream version/deprecation state; avoid local vendored edits unless app-blocking.,Build College scheme; run relevant tests/smoke path.
8,960,SourcePackages/checkouts/swift-collections/Sources/RopeModule/BigString/Chunk/BigString+Chunk.swift,C-dependency,119,Low,dependency-watch,dependency-watch,Low,Dependency source reviewed as vendor-owned; no app-actionable finding recorded unless surfaced separately.,Track upstream version/deprecation state; avoid local vendored edits unless app-blocking.,Build College scheme; run relevant tests/smoke path.
8,961,SourcePackages/checkouts/swift-collections/Sources/RopeModule/BigString/Conformances/BigString+BidirectionalCollection.swift,C-dependency,71,Low,dependency-watch,dependency-watch,Low,Dependency source reviewed as vendor-owned; no app-actionable finding recorded unless surfaced separately.,Track upstream version/deprecation state; avoid local vendored edits unless app-blocking.,Build College scheme; run relevant tests/smoke path.
8,962,SourcePackages/checkouts/swift-collections/Sources/RopeModule/BigString/Conformances/BigString+Comparable.swift,C-dependency,84,Low,dependency-watch,dependency-watch,Low,Dependency source reviewed as vendor-owned; no app-actionable finding recorded unless surfaced separately.,Track upstream version/deprecation state; avoid local vendored edits unless app-blocking.,Build College scheme; run relevant tests/smoke path.
8,963,SourcePackages/checkouts/swift-collections/Sources/RopeModule/BigString/Conformances/BigString+CustomDebugStringConvertible.swift,C-dependency,17,Low,dependency-watch,dependency-watch,Low,Dependency source reviewed as vendor-owned; no app-actionable finding recorded unless surfaced separately.,Track upstream version/deprecation state; avoid local vendored edits unless app-blocking.,Build College scheme; run relevant tests/smoke path.
8,964,SourcePackages/checkouts/swift-collections/Sources/RopeModule/BigString/Conformances/BigString+CustomStringConvertible.swift,C-dependency,17,Low,dependency-watch,dependency-watch,Low,Dependency source reviewed as vendor-owned; no app-actionable finding recorded unless surfaced separately.,Track upstream version/deprecation state; avoid local vendored edits unless app-blocking.,Build College scheme; run relevant tests/smoke path.
8,965,SourcePackages/checkouts/swift-collections/Sources/RopeModule/BigString/Conformances/BigString+Equatable.swift,C-dependency,101,Low,dependency-watch,dependency-watch,Low,Dependency source reviewed as vendor-owned; no app-actionable finding recorded unless surfaced separately.,Track upstream version/deprecation state; avoid local vendored edits unless app-blocking.,Build College scheme; run relevant tests/smoke path.
8,966,SourcePackages/checkouts/swift-collections/Sources/RopeModule/BigString/Conformances/BigString+ExpressibleByStringLiteral.swift,C-dependency,17,Low,dependency-watch,dependency-watch,Low,Dependency source reviewed as vendor-owned; no app-actionable finding recorded unless surfaced separately.,Track upstream version/deprecation state; avoid local vendored edits unless app-blocking.,Build College scheme; run relevant tests/smoke path.
8,967,SourcePackages/checkouts/swift-collections/Sources/RopeModule/BigString/Conformances/BigString+Hashing.swift,C-dependency,58,Low,dependency-watch,dependency-watch,Low,Dependency source reviewed as vendor-owned; no app-actionable finding recorded unless surfaced separately.,Track upstream version/deprecation state; avoid local vendored edits unless app-blocking.,Build College scheme; run relevant tests/smoke path.
8,968,SourcePackages/checkouts/swift-collections/Sources/RopeModule/BigString/Conformances/BigString+LosslessStringConvertible.swift,C-dependency,15,Low,dependency-watch,dependency-watch,Low,Dependency source reviewed as vendor-owned; no app-actionable finding recorded unless surfaced separately.,Track upstream version/deprecation state; avoid local vendored edits unless app-blocking.,Build College scheme; run relevant tests/smoke path.
8,969,SourcePackages/checkouts/swift-collections/Sources/RopeModule/BigString/Conformances/BigString+RangeReplaceableCollection.swift,C-dependency,218,Low,dependency-watch,dependency-watch,Low,Dependency source reviewed as vendor-owned; no app-actionable finding recorded unless surfaced separately.,Track upstream version/deprecation state; avoid local vendored edits unless app-blocking.,Build College scheme; run relevant tests/smoke path.
8,970,SourcePackages/checkouts/swift-collections/Sources/RopeModule/BigString/Conformances/BigString+Sequence.swift,C-dependency,224,Low,dependency-watch,dependency-watch,Low,Dependency source reviewed as vendor-owned; no app-actionable finding recorded unless surfaced separately.,Track upstream version/deprecation state; avoid local vendored edits unless app-blocking.,Build College scheme; run relevant tests/smoke path.
8,971,SourcePackages/checkouts/swift-collections/Sources/RopeModule/BigString/Conformances/BigString+TextOutputStream.swift,C-dependency,26,Low,dependency-watch,dependency-watch,Low,Dependency source reviewed as vendor-owned; no app-actionable finding recorded unless surfaced separately.,Track upstream version/deprecation state; avoid local vendored edits unless app-blocking.,Build College scheme; run relevant tests/smoke path.
8,972,SourcePackages/checkouts/swift-collections/Sources/RopeModule/BigString/Operations/BigString+Append.swift,C-dependency,194,Low,dependency-watch,dependency-watch,Low,Dependency source reviewed as vendor-owned; no app-actionable finding recorded unless surfaced separately.,Track upstream version/deprecation state; avoid local vendored edits unless app-blocking.,Build College scheme; run relevant tests/smoke path.
8,973,SourcePackages/checkouts/swift-collections/Sources/RopeModule/BigString/Operations/BigString+Initializers.swift,C-dependency,146,Low,dependency-watch,dependency-watch,Low,Dependency source reviewed as vendor-owned; no app-actionable finding recorded unless surfaced separately.,Track upstream version/deprecation state; avoid local vendored edits unless app-blocking.,Build College scheme; run relevant tests/smoke path.
8,974,SourcePackages/checkouts/swift-collections/Sources/RopeModule/BigString/Operations/BigString+Insert.swift,C-dependency,97,Low,dependency-watch,dependency-watch,Low,Dependency source reviewed as vendor-owned; no app-actionable finding recorded unless surfaced separately.,Track upstream version/deprecation state; avoid local vendored edits unless app-blocking.,Build College scheme; run relevant tests/smoke path.
8,975,SourcePackages/checkouts/swift-collections/Sources/RopeModule/BigString/Operations/BigString+Managing Breaks.swift,C-dependency,267,Low,dependency-watch,dependency-watch,Low,Dependency source reviewed as vendor-owned; no app-actionable finding recorded unless surfaced separately.,Track upstream version/deprecation state; avoid local vendored edits unless app-blocking.,Build College scheme; run relevant tests/smoke path.
8,976,SourcePackages/checkouts/swift-collections/Sources/RopeModule/BigString/Operations/BigString+RemoveSubrange.swift,C-dependency,44,Low,dependency-watch,dependency-watch,Low,Dependency source reviewed as vendor-owned; no app-actionable finding recorded unless surfaced separately.,Track upstream version/deprecation state; avoid local vendored edits unless app-blocking.,Build College scheme; run relevant tests/smoke path.
8,977,SourcePackages/checkouts/swift-collections/Sources/RopeModule/BigString/Operations/BigString+ReplaceSubrange.swift,C-dependency,84,Low,dependency-watch,dependency-watch,Low,Dependency source reviewed as vendor-owned; no app-actionable finding recorded unless surfaced separately.,Track upstream version/deprecation state; avoid local vendored edits unless app-blocking.,Build College scheme; run relevant tests/smoke path.
8,978,SourcePackages/checkouts/swift-collections/Sources/RopeModule/BigString/Operations/BigString+Split.swift,C-dependency,38,Low,dependency-watch,dependency-watch,Low,Dependency source reviewed as vendor-owned; no app-actionable finding recorded unless surfaced separately.,Track upstream version/deprecation state; avoid local vendored edits unless app-blocking.,Build College scheme; run relevant tests/smoke path.
8,979,SourcePackages/checkouts/swift-collections/Sources/RopeModule/BigString/Operations/Range+BigString.swift,C-dependency,17,Low,dependency-watch,dependency-watch,Low,Dependency source reviewed as vendor-owned; no app-actionable finding recorded unless surfaced separately.,Track upstream version/deprecation state; avoid local vendored edits unless app-blocking.,Build College scheme; run relevant tests/smoke path.
8,980,SourcePackages/checkouts/swift-collections/Sources/RopeModule/BigString/Views/BigString+UTF16View.swift,C-dependency,148,Low,dependency-watch,dependency-watch,Low,Dependency source reviewed as vendor-owned; no app-actionable finding recorded unless surfaced separately.,Track upstream version/deprecation state; avoid local vendored edits unless app-blocking.,Build College scheme; run relevant tests/smoke path.
8,981,SourcePackages/checkouts/swift-collections/Sources/RopeModule/BigString/Views/BigString+UTF8View.swift,C-dependency,184,Low,dependency-watch,dependency-watch,Low,Dependency source reviewed as vendor-owned; no app-actionable finding recorded unless surfaced separately.,Track upstream version/deprecation state; avoid local vendored edits unless app-blocking.,Build College scheme; run relevant tests/smoke path.
8,982,SourcePackages/checkouts/swift-collections/Sources/RopeModule/BigString/Views/BigString+UnicodeScalarView.swift,C-dependency,394,Low,dependency-watch,dependency-watch,Low,Dependency source reviewed as vendor-owned; no app-actionable finding recorded unless surfaced separately.,Track upstream version/deprecation state; avoid local vendored edits unless app-blocking.,Build College scheme; run relevant tests/smoke path.
8,983,SourcePackages/checkouts/swift-collections/Sources/RopeModule/BigString/Views/BigSubstring+UTF16View.swift,C-dependency,199,Low,dependency-watch,dependency-watch,Low,Dependency source reviewed as vendor-owned; no app-actionable finding recorded unless surfaced separately.,Track upstream version/deprecation state; avoid local vendored edits unless app-blocking.,Build College scheme; run relevant tests/smoke path.
8,984,SourcePackages/checkouts/swift-collections/Sources/RopeModule/BigString/Views/BigSubstring+UTF8View.swift,C-dependency,173,Low,dependency-watch,dependency-watch,Low,Dependency source reviewed as vendor-owned; no app-actionable finding recorded unless surfaced separately.,Track upstream version/deprecation state; avoid local vendored edits unless app-blocking.,Build College scheme; run relevant tests/smoke path.
8,985,SourcePackages/checkouts/swift-collections/Sources/RopeModule/BigString/Views/BigSubstring+UnicodeScalarView.swift,C-dependency,320,Low,dependency-watch,dependency-watch,Low,Dependency source reviewed as vendor-owned; no app-actionable finding recorded unless surfaced separately.,Track upstream version/deprecation state; avoid local vendored edits unless app-blocking.,Build College scheme; run relevant tests/smoke path.
8,986,SourcePackages/checkouts/swift-collections/Sources/RopeModule/BigString/Views/BigSubstring.swift,C-dependency,368,Low,dependency-watch,dependency-watch,Low,Dependency source reviewed as vendor-owned; no app-actionable finding recorded unless surfaced separately.,Track upstream version/deprecation state; avoid local vendored edits unless app-blocking.,Build College scheme; run relevant tests/smoke path.
8,987,SourcePackages/checkouts/swift-collections/Sources/RopeModule/Rope/Basics/Rope+Builder.swift,C-dependency,483,Low,dependency-watch,dependency-watch,Low,Dependency source reviewed as vendor-owned; no app-actionable finding recorded unless surfaced separately.,Track upstream version/deprecation state; avoid local vendored edits unless app-blocking.,Build College scheme; run relevant tests/smoke path.
8,988,SourcePackages/checkouts/swift-collections/Sources/RopeModule/Rope/Basics/Rope+Debugging.swift,C-dependency,94,Low,dependency-watch,dependency-watch,Low,Dependency source reviewed as vendor-owned; no app-actionable finding recorded unless surfaced separately.,Track upstream version/deprecation state; avoid local vendored edits unless app-blocking.,Build College scheme; run relevant tests/smoke path.
8,989,SourcePackages/checkouts/swift-collections/Sources/RopeModule/Rope/Basics/Rope+Invariants.swift,C-dependency,70,Low,dependency-watch,dependency-watch,Low,Dependency source reviewed as vendor-owned; no app-actionable finding recorded unless surfaced separately.,Track upstream version/deprecation state; avoid local vendored edits unless app-blocking.,Build College scheme; run relevant tests/smoke path.
8,990,SourcePackages/checkouts/swift-collections/Sources/RopeModule/Rope/Basics/Rope+_Node.swift,C-dependency,618,Low,dependency-watch,dependency-watch,Low,Dependency source reviewed as vendor-owned; no app-actionable finding recorded unless surfaced separately.,Track upstream version/deprecation state; avoid local vendored edits unless app-blocking.,Build College scheme; run relevant tests/smoke path.
8,991,SourcePackages/checkouts/swift-collections/Sources/RopeModule/Rope/Basics/Rope+_Storage.swift,C-dependency,58,Low,dependency-watch,dependency-watch,Low,Dependency source reviewed as vendor-owned; no app-actionable finding recorded unless surfaced separately.,Track upstream version/deprecation state; avoid local vendored edits unless app-blocking.,Build College scheme; run relevant tests/smoke path.
8,992,SourcePackages/checkouts/swift-collections/Sources/RopeModule/Rope/Basics/Rope+_UnmanagedLeaf.swift,C-dependency,48,Low,dependency-watch,dependency-watch,Low,Dependency source reviewed as vendor-owned; no app-actionable finding recorded unless surfaced separately.,Track upstream version/deprecation state; avoid local vendored edits unless app-blocking.,Build College scheme; run relevant tests/smoke path.
8,993,SourcePackages/checkouts/swift-collections/Sources/RopeModule/Rope/Basics/Rope+_UnsafeHandle.swift,C-dependency,229,Low,dependency-watch,dependency-watch,Low,Dependency source reviewed as vendor-owned; no app-actionable finding recorded unless surfaced separately.,Track upstream version/deprecation state; avoid local vendored edits unless app-blocking.,Build College scheme; run relevant tests/smoke path.
8,994,SourcePackages/checkouts/swift-collections/Sources/RopeModule/Rope/Basics/Rope.swift,C-dependency,71,Low,dependency-watch,dependency-watch,Low,Dependency source reviewed as vendor-owned; no app-actionable finding recorded unless surfaced separately.,Track upstream version/deprecation state; avoid local vendored edits unless app-blocking.,Build College scheme; run relevant tests/smoke path.
8,995,SourcePackages/checkouts/swift-collections/Sources/RopeModule/Rope/Basics/RopeElement.swift,C-dependency,77,Low,dependency-watch,dependency-watch,Low,Dependency source reviewed as vendor-owned; no app-actionable finding recorded unless surfaced separately.,Track upstream version/deprecation state; avoid local vendored edits unless app-blocking.,Build College scheme; run relevant tests/smoke path.
8,996,SourcePackages/checkouts/swift-collections/Sources/RopeModule/Rope/Basics/RopeMetric.swift,C-dependency,35,Low,dependency-watch,dependency-watch,Low,Dependency source reviewed as vendor-owned; no app-actionable finding recorded unless surfaced separately.,Track upstream version/deprecation state; avoid local vendored edits unless app-blocking.,Build College scheme; run relevant tests/smoke path.
8,997,SourcePackages/checkouts/swift-collections/Sources/RopeModule/Rope/Basics/RopeSummary.swift,C-dependency,62,Low,dependency-watch,dependency-watch,Low,Dependency source reviewed as vendor-owned; no app-actionable finding recorded unless surfaced separately.,Track upstream version/deprecation state; avoid local vendored edits unless app-blocking.,Build College scheme; run relevant tests/smoke path.
8,998,SourcePackages/checkouts/swift-collections/Sources/RopeModule/Rope/Basics/_RopeItem.swift,C-dependency,91,Low,dependency-watch,dependency-watch,Low,Dependency source reviewed as vendor-owned; no app-actionable finding recorded unless surfaced separately.,Track upstream version/deprecation state; avoid local vendored edits unless app-blocking.,Build College scheme; run relevant tests/smoke path.
8,999,SourcePackages/checkouts/swift-collections/Sources/RopeModule/Rope/Basics/_RopePath.swift,C-dependency,123,Low,dependency-watch,dependency-watch,Low,Dependency source reviewed as vendor-owned; no app-actionable finding recorded unless surfaced separately.,Track upstream version/deprecation state; avoid local vendored edits unless app-blocking.,Build College scheme; run relevant tests/smoke path.
8,1000,SourcePackages/checkouts/swift-collections/Sources/RopeModule/Rope/Basics/_RopeVersion.swift,C-dependency,48,Low,dependency-watch,dependency-watch,Low,Dependency source reviewed as vendor-owned; no app-actionable finding recorded unless surfaced separately.,Track upstream version/deprecation state; avoid local vendored edits unless app-blocking.,Build College scheme; run relevant tests/smoke path.
9,1001,SourcePackages/checkouts/swift-collections/Sources/RopeModule/Rope/Conformances/Rope+Collection.swift,C-dependency,493,Low,dependency-watch,dependency-watch,Low,Dependency source reviewed as vendor-owned; no app-actionable finding recorded unless surfaced separately.,Track upstream version/deprecation state; avoid local vendored edits unless app-blocking.,Build College scheme; run relevant tests/smoke path.
9,1002,SourcePackages/checkouts/swift-collections/Sources/RopeModule/Rope/Conformances/Rope+Index.swift,C-dependency,94,Low,dependency-watch,dependency-watch,Low,Dependency source reviewed as vendor-owned; no app-actionable finding recorded unless surfaced separately.,Track upstream version/deprecation state; avoid local vendored edits unless app-blocking.,Build College scheme; run relevant tests/smoke path.
9,1003,SourcePackages/checkouts/swift-collections/Sources/RopeModule/Rope/Conformances/Rope+Sequence.swift,C-dependency,47,Low,dependency-watch,dependency-watch,Low,Dependency source reviewed as vendor-owned; no app-actionable finding recorded unless surfaced separately.,Track upstream version/deprecation state; avoid local vendored edits unless app-blocking.,Build College scheme; run relevant tests/smoke path.
9,1004,SourcePackages/checkouts/swift-collections/Sources/RopeModule/Rope/Operations/Rope+Append.swift,C-dependency,74,Low,dependency-watch,dependency-watch,Low,Dependency source reviewed as vendor-owned; no app-actionable finding recorded unless surfaced separately.,Track upstream version/deprecation state; avoid local vendored edits unless app-blocking.,Build College scheme; run relevant tests/smoke path.
9,1005,SourcePackages/checkouts/swift-collections/Sources/RopeModule/Rope/Operations/Rope+Extract.swift,C-dependency,91,Low,dependency-watch,dependency-watch,Low,Dependency source reviewed as vendor-owned; no app-actionable finding recorded unless surfaced separately.,Track upstream version/deprecation state; avoid local vendored edits unless app-blocking.,Build College scheme; run relevant tests/smoke path.
9,1006,SourcePackages/checkouts/swift-collections/Sources/RopeModule/Rope/Operations/Rope+Find.swift,C-dependency,86,Low,dependency-watch,dependency-watch,Low,Dependency source reviewed as vendor-owned; no app-actionable finding recorded unless surfaced separately.,Track upstream version/deprecation state; avoid local vendored edits unless app-blocking.,Build College scheme; run relevant tests/smoke path.
9,1007,SourcePackages/checkouts/swift-collections/Sources/RopeModule/Rope/Operations/Rope+ForEachWhile.swift,C-dependency,90,Low,dependency-watch,dependency-watch,Low,Dependency source reviewed as vendor-owned; no app-actionable finding recorded unless surfaced separately.,Track upstream version/deprecation state; avoid local vendored edits unless app-blocking.,Build College scheme; run relevant tests/smoke path.
9,1008,SourcePackages/checkouts/swift-collections/Sources/RopeModule/Rope/Operations/Rope+Insert.swift,C-dependency,221,Low,dependency-watch,dependency-watch,Low,Dependency source reviewed as vendor-owned; no app-actionable finding recorded unless surfaced separately.,Track upstream version/deprecation state; avoid local vendored edits unless app-blocking.,Build College scheme; run relevant tests/smoke path.
9,1009,SourcePackages/checkouts/swift-collections/Sources/RopeModule/Rope/Operations/Rope+Join.swift,C-dependency,131,Low,dependency-watch,dependency-watch,Low,Dependency source reviewed as vendor-owned; no app-actionable finding recorded unless surfaced separately.,Track upstream version/deprecation state; avoid local vendored edits unless app-blocking.,Build College scheme; run relevant tests/smoke path.
9,1010,SourcePackages/checkouts/swift-collections/Sources/RopeModule/Rope/Operations/Rope+MutatingForEach.swift,C-dependency,97,Low,dependency-watch,dependency-watch,Low,Dependency source reviewed as vendor-owned; no app-actionable finding recorded unless surfaced separately.,Track upstream version/deprecation state; avoid local vendored edits unless app-blocking.,Build College scheme; run relevant tests/smoke path.
9,1011,SourcePackages/checkouts/swift-collections/Sources/RopeModule/Rope/Operations/Rope+Remove.swift,C-dependency,210,Low,dependency-watch,dependency-watch,Low,Dependency source reviewed as vendor-owned; no app-actionable finding recorded unless surfaced separately.,Track upstream version/deprecation state; avoid local vendored edits unless app-blocking.,Build College scheme; run relevant tests/smoke path.
9,1012,SourcePackages/checkouts/swift-collections/Sources/RopeModule/Rope/Operations/Rope+RemoveSubrange.swift,C-dependency,321,Low,dependency-watch,dependency-watch,Low,Dependency source reviewed as vendor-owned; no app-actionable finding recorded unless surfaced separately.,Track upstream version/deprecation state; avoid local vendored edits unless app-blocking.,Build College scheme; run relevant tests/smoke path.
9,1013,SourcePackages/checkouts/swift-collections/Sources/RopeModule/Rope/Operations/Rope+Split.swift,C-dependency,148,Low,dependency-watch,dependency-watch,Low,Dependency source reviewed as vendor-owned; no app-actionable finding recorded unless surfaced separately.,Track upstream version/deprecation state; avoid local vendored edits unless app-blocking.,Build College scheme; run relevant tests/smoke path.
9,1014,SourcePackages/checkouts/swift-collections/Sources/RopeModule/Utilities/Optional Utilities.swift,C-dependency,19,Low,dependency-watch,dependency-watch,Low,Dependency source reviewed as vendor-owned; no app-actionable finding recorded unless surfaced separately.,Track upstream version/deprecation state; avoid local vendored edits unless app-blocking.,Build College scheme; run relevant tests/smoke path.
9,1015,SourcePackages/checkouts/swift-collections/Sources/RopeModule/Utilities/String Utilities.swift,C-dependency,125,Low,dependency-watch,dependency-watch,Low,Dependency source reviewed as vendor-owned; no app-actionable finding recorded unless surfaced separately.,Track upstream version/deprecation state; avoid local vendored edits unless app-blocking.,Build College scheme; run relevant tests/smoke path.
9,1016,SourcePackages/checkouts/swift-collections/Sources/RopeModule/Utilities/String.Index+ABI.swift,C-dependency,113,Low,dependency-watch,dependency-watch,Low,Dependency source reviewed as vendor-owned; no app-actionable finding recorded unless surfaced separately.,Track upstream version/deprecation state; avoid local vendored edits unless app-blocking.,Build College scheme; run relevant tests/smoke path.
9,1017,SourcePackages/checkouts/swift-collections/Sources/RopeModule/Utilities/_CharacterRecognizer.swift,C-dependency,165,Low,dependency-watch,dependency-watch,Low,Dependency source reviewed as vendor-owned; no app-actionable finding recorded unless surfaced separately.,Track upstream version/deprecation state; avoid local vendored edits unless app-blocking.,Build College scheme; run relevant tests/smoke path.
9,1018,SourcePackages/checkouts/swift-collections/Sources/SortedCollections/BTree/_BTree+BidirectionalCollection.swift,C-dependency,205,Low,dependency-watch,dependency-watch,Low,Dependency source reviewed as vendor-owned; no app-actionable finding recorded unless surfaced separately.,Track upstream version/deprecation state; avoid local vendored edits unless app-blocking.,Build College scheme; run relevant tests/smoke path.
9,1019,SourcePackages/checkouts/swift-collections/Sources/SortedCollections/BTree/_BTree+CustomDebugStringConvertible.swift,C-dependency,25,Low,dependency-watch,dependency-watch,Low,Dependency source reviewed as vendor-owned; no app-actionable finding recorded unless surfaced separately.,Track upstream version/deprecation state; avoid local vendored edits unless app-blocking.,Build College scheme; run relevant tests/smoke path.
9,1020,SourcePackages/checkouts/swift-collections/Sources/SortedCollections/BTree/_BTree+CustomReflectable.swift,C-dependency,20,Low,dependency-watch,dependency-watch,Low,Dependency source reviewed as vendor-owned; no app-actionable finding recorded unless surfaced separately.,Track upstream version/deprecation state; avoid local vendored edits unless app-blocking.,Build College scheme; run relevant tests/smoke path.
9,1021,SourcePackages/checkouts/swift-collections/Sources/SortedCollections/BTree/_BTree+Invariants.swift,C-dependency,102,Low,dependency-watch,dependency-watch,Low,Dependency source reviewed as vendor-owned; no app-actionable finding recorded unless surfaced separately.,Track upstream version/deprecation state; avoid local vendored edits unless app-blocking.,Build College scheme; run relevant tests/smoke path.
9,1022,SourcePackages/checkouts/swift-collections/Sources/SortedCollections/BTree/_BTree+Partial RangeReplaceableCollection.swift,C-dependency,141,Low,dependency-watch,dependency-watch,Low,Dependency source reviewed as vendor-owned; no app-actionable finding recorded unless surfaced separately.,Track upstream version/deprecation state; avoid local vendored edits unless app-blocking.,Build College scheme; run relevant tests/smoke path.
9,1023,SourcePackages/checkouts/swift-collections/Sources/SortedCollections/BTree/_BTree+Sequence.swift,C-dependency,189,Low,dependency-watch,dependency-watch,Low,Dependency source reviewed as vendor-owned; no app-actionable finding recorded unless surfaced separately.,Track upstream version/deprecation state; avoid local vendored edits unless app-blocking.,Build College scheme; run relevant tests/smoke path.
9,1024,SourcePackages/checkouts/swift-collections/Sources/SortedCollections/BTree/_BTree+SubSequence.swift,C-dependency,187,Low,dependency-watch,dependency-watch,Low,Dependency source reviewed as vendor-owned; no app-actionable finding recorded unless surfaced separately.,Track upstream version/deprecation state; avoid local vendored edits unless app-blocking.,Build College scheme; run relevant tests/smoke path.
9,1025,SourcePackages/checkouts/swift-collections/Sources/SortedCollections/BTree/_BTree+UnsafeCursor.swift,C-dependency,508,Low,dependency-watch,dependency-watch,Low,Dependency source reviewed as vendor-owned; no app-actionable finding recorded unless surfaced separately.,Track upstream version/deprecation state; avoid local vendored edits unless app-blocking.,Build College scheme; run relevant tests/smoke path.
9,1026,SourcePackages/checkouts/swift-collections/Sources/SortedCollections/BTree/_BTree.Builder.swift,C-dependency,370,Low,dependency-watch,dependency-watch,Low,Dependency source reviewed as vendor-owned; no app-actionable finding recorded unless surfaced separately.,Track upstream version/deprecation state; avoid local vendored edits unless app-blocking.,Build College scheme; run relevant tests/smoke path.
9,1027,SourcePackages/checkouts/swift-collections/Sources/SortedCollections/BTree/_BTree.Index.swift,C-dependency,142,Low,dependency-watch,dependency-watch,Low,Dependency source reviewed as vendor-owned; no app-actionable finding recorded unless surfaced separately.,Track upstream version/deprecation state; avoid local vendored edits unless app-blocking.,Build College scheme; run relevant tests/smoke path.
9,1028,SourcePackages/checkouts/swift-collections/Sources/SortedCollections/BTree/_BTree.swift,C-dependency,583,Low,dependency-watch,dependency-watch,Low,Dependency source reviewed as vendor-owned; no app-actionable finding recorded unless surfaced separately.,Track upstream version/deprecation state; avoid local vendored edits unless app-blocking.,Build College scheme; run relevant tests/smoke path.
9,1029,SourcePackages/checkouts/swift-collections/Sources/SortedCollections/BTree/_FixedSizeArray.swift,C-dependency,135,Low,dependency-watch,dependency-watch,Low,Dependency source reviewed as vendor-owned; no app-actionable finding recorded unless surfaced separately.,Track upstream version/deprecation state; avoid local vendored edits unless app-blocking.,Build College scheme; run relevant tests/smoke path.
9,1030,SourcePackages/checkouts/swift-collections/Sources/SortedCollections/BTree/_Node+CustomDebugString.swift,C-dependency,17,Low,dependency-watch,dependency-watch,Low,Dependency source reviewed as vendor-owned; no app-actionable finding recorded unless surfaced separately.,Track upstream version/deprecation state; avoid local vendored edits unless app-blocking.,Build College scheme; run relevant tests/smoke path.
9,1031,SourcePackages/checkouts/swift-collections/Sources/SortedCollections/BTree/_Node+Testing.swift,C-dependency,64,Low,dependency-watch,dependency-watch,Low,Dependency source reviewed as vendor-owned; no app-actionable finding recorded unless surfaced separately.,Track upstream version/deprecation state; avoid local vendored edits unless app-blocking.,Build College scheme; run relevant tests/smoke path.
9,1032,SourcePackages/checkouts/swift-collections/Sources/SortedCollections/BTree/_Node.Splinter.swift,C-dependency,51,Low,dependency-watch,dependency-watch,Low,Dependency source reviewed as vendor-owned; no app-actionable finding recorded unless surfaced separately.,Track upstream version/deprecation state; avoid local vendored edits unless app-blocking.,Build College scheme; run relevant tests/smoke path.
9,1033,SourcePackages/checkouts/swift-collections/Sources/SortedCollections/BTree/_Node.Storage.swift,C-dependency,244,Low,dependency-watch,dependency-watch,Low,Dependency source reviewed as vendor-owned; no app-actionable finding recorded unless surfaced separately.,Track upstream version/deprecation state; avoid local vendored edits unless app-blocking.,Build College scheme; run relevant tests/smoke path.
9,1034,SourcePackages/checkouts/swift-collections/Sources/SortedCollections/BTree/_Node.UnsafeHandle+CustomDebugStringConvertible.swift,C-dependency,151,Low,dependency-watch,dependency-watch,Low,Dependency source reviewed as vendor-owned; no app-actionable finding recorded unless surfaced separately.,Track upstream version/deprecation state; avoid local vendored edits unless app-blocking.,Build College scheme; run relevant tests/smoke path.
9,1035,SourcePackages/checkouts/swift-collections/Sources/SortedCollections/BTree/_Node.UnsafeHandle+Deletion.swift,C-dependency,491,Low,dependency-watch,dependency-watch,Low,Dependency source reviewed as vendor-owned; no app-actionable finding recorded unless surfaced separately.,Track upstream version/deprecation state; avoid local vendored edits unless app-blocking.,Build College scheme; run relevant tests/smoke path.
9,1036,SourcePackages/checkouts/swift-collections/Sources/SortedCollections/BTree/_Node.UnsafeHandle+Insertion.swift,C-dependency,522,Low,dependency-watch,dependency-watch,Low,Dependency source reviewed as vendor-owned; no app-actionable finding recorded unless surfaced separately.,Track upstream version/deprecation state; avoid local vendored edits unless app-blocking.,Build College scheme; run relevant tests/smoke path.
9,1037,SourcePackages/checkouts/swift-collections/Sources/SortedCollections/BTree/_Node.UnsafeHandle.swift,C-dependency,785,Low,dependency-watch,dependency-watch,Low,Dependency source reviewed as vendor-owned; no app-actionable finding recorded unless surfaced separately.,Track upstream version/deprecation state; avoid local vendored edits unless app-blocking.,Build College scheme; run relevant tests/smoke path.
9,1038,SourcePackages/checkouts/swift-collections/Sources/SortedCollections/BTree/_Node.swift,C-dependency,362,Low,dependency-watch,dependency-watch,Low,Dependency source reviewed as vendor-owned; no app-actionable finding recorded unless surfaced separately.,Track upstream version/deprecation state; avoid local vendored edits unless app-blocking.,Build College scheme; run relevant tests/smoke path.
9,1039,SourcePackages/checkouts/swift-collections/Sources/SortedCollections/SortedDictionary/SortedDictionary+BidirectionalCollection.swift,C-dependency,175,Low,dependency-watch,dependency-watch,Low,Dependency source reviewed as vendor-owned; no app-actionable finding recorded unless surfaced separately.,Track upstream version/deprecation state; avoid local vendored edits unless app-blocking.,Build College scheme; run relevant tests/smoke path.
9,1040,SourcePackages/checkouts/swift-collections/Sources/SortedCollections/SortedDictionary/SortedDictionary+Codable.swift,C-dependency,77,Low,dependency-watch,dependency-watch,Low,Dependency source reviewed as vendor-owned; no app-actionable finding recorded unless surfaced separately.,Track upstream version/deprecation state; avoid local vendored edits unless app-blocking.,Build College scheme; run relevant tests/smoke path.
9,1041,SourcePackages/checkouts/swift-collections/Sources/SortedCollections/SortedDictionary/SortedDictionary+CustomReflectable.swift,C-dependency,19,Low,dependency-watch,dependency-watch,Low,Dependency source reviewed as vendor-owned; no app-actionable finding recorded unless surfaced separately.,Track upstream version/deprecation state; avoid local vendored edits unless app-blocking.,Build College scheme; run relevant tests/smoke path.
9,1042,SourcePackages/checkouts/swift-collections/Sources/SortedCollections/SortedDictionary/SortedDictionary+CustomStringConvertible.swift,C-dependency,54,Low,dependency-watch,dependency-watch,Low,Dependency source reviewed as vendor-owned; no app-actionable finding recorded unless surfaced separately.,Track upstream version/deprecation state; avoid local vendored edits unless app-blocking.,Build College scheme; run relevant tests/smoke path.
9,1043,SourcePackages/checkouts/swift-collections/Sources/SortedCollections/SortedDictionary/SortedDictionary+Equatable.swift,C-dependency,33,Low,dependency-watch,dependency-watch,Low,Dependency source reviewed as vendor-owned; no app-actionable finding recorded unless surfaced separately.,Track upstream version/deprecation state; avoid local vendored edits unless app-blocking.,Build College scheme; run relevant tests/smoke path.
9,1044,SourcePackages/checkouts/swift-collections/Sources/SortedCollections/SortedDictionary/SortedDictionary+ExpressibleByDictionaryLiteral.swift,C-dependency,33,Low,dependency-watch,dependency-watch,Low,Dependency source reviewed as vendor-owned; no app-actionable finding recorded unless surfaced separately.,Track upstream version/deprecation state; avoid local vendored edits unless app-blocking.,Build College scheme; run relevant tests/smoke path.
9,1045,SourcePackages/checkouts/swift-collections/Sources/SortedCollections/SortedDictionary/SortedDictionary+Hashable.swift,C-dependency,26,Low,dependency-watch,dependency-watch,Low,Dependency source reviewed as vendor-owned; no app-actionable finding recorded unless surfaced separately.,Track upstream version/deprecation state; avoid local vendored edits unless app-blocking.,Build College scheme; run relevant tests/smoke path.
9,1046,SourcePackages/checkouts/swift-collections/Sources/SortedCollections/SortedDictionary/SortedDictionary+Initializers.swift,C-dependency,144,Low,dependency-watch,dependency-watch,Low,Dependency source reviewed as vendor-owned; no app-actionable finding recorded unless surfaced separately.,Track upstream version/deprecation state; avoid local vendored edits unless app-blocking.,Build College scheme; run relevant tests/smoke path.
9,1047,SourcePackages/checkouts/swift-collections/Sources/SortedCollections/SortedDictionary/SortedDictionary+Keys.swift,C-dependency,259,Low,dependency-watch,dependency-watch,Low,Dependency source reviewed as vendor-owned; no app-actionable finding recorded unless surfaced separately.,Track upstream version/deprecation state; avoid local vendored edits unless app-blocking.,Build College scheme; run relevant tests/smoke path.
9,1048,SourcePackages/checkouts/swift-collections/Sources/SortedCollections/SortedDictionary/SortedDictionary+Partial RangeReplaceableCollection.swift,C-dependency,174,Low,dependency-watch,dependency-watch,Low,Dependency source reviewed as vendor-owned; no app-actionable finding recorded unless surfaced separately.,Track upstream version/deprecation state; avoid local vendored edits unless app-blocking.,Build College scheme; run relevant tests/smoke path.
9,1049,SourcePackages/checkouts/swift-collections/Sources/SortedCollections/SortedDictionary/SortedDictionary+Sendable.swift,C-dependency,13,Low,dependency-watch,dependency-watch,Low,Dependency source reviewed as vendor-owned; no app-actionable finding recorded unless surfaced separately.,Track upstream version/deprecation state; avoid local vendored edits unless app-blocking.,Build College scheme; run relevant tests/smoke path.
9,1050,SourcePackages/checkouts/swift-collections/Sources/SortedCollections/SortedDictionary/SortedDictionary+Sequence.swift,C-dependency,50,Low,dependency-watch,dependency-watch,Low,Dependency source reviewed as vendor-owned; no app-actionable finding recorded unless surfaced separately.,Track upstream version/deprecation state; avoid local vendored edits unless app-blocking.,Build College scheme; run relevant tests/smoke path.
9,1051,SourcePackages/checkouts/swift-collections/Sources/SortedCollections/SortedDictionary/SortedDictionary+SubSequence.swift,C-dependency,321,Low,dependency-watch,dependency-watch,Low,Dependency source reviewed as vendor-owned; no app-actionable finding recorded unless surfaced separately.,Track upstream version/deprecation state; avoid local vendored edits unless app-blocking.,Build College scheme; run relevant tests/smoke path.
9,1052,SourcePackages/checkouts/swift-collections/Sources/SortedCollections/SortedDictionary/SortedDictionary+Subscripts.swift,C-dependency,176,Low,dependency-watch,dependency-watch,Low,Dependency source reviewed as vendor-owned; no app-actionable finding recorded unless surfaced separately.,Track upstream version/deprecation state; avoid local vendored edits unless app-blocking.,Build College scheme; run relevant tests/smoke path.
9,1053,SourcePackages/checkouts/swift-collections/Sources/SortedCollections/SortedDictionary/SortedDictionary+Values.swift,C-dependency,278,Low,dependency-watch,dependency-watch,Low,Dependency source reviewed as vendor-owned; no app-actionable finding recorded unless surfaced separately.,Track upstream version/deprecation state; avoid local vendored edits unless app-blocking.,Build College scheme; run relevant tests/smoke path.
9,1054,SourcePackages/checkouts/swift-collections/Sources/SortedCollections/SortedDictionary/SortedDictionary.Index.swift,C-dependency,56,Low,dependency-watch,dependency-watch,Low,Dependency source reviewed as vendor-owned; no app-actionable finding recorded unless surfaced separately.,Track upstream version/deprecation state; avoid local vendored edits unless app-blocking.,Build College scheme; run relevant tests/smoke path.
9,1055,SourcePackages/checkouts/swift-collections/Sources/SortedCollections/SortedDictionary/SortedDictionary.swift,C-dependency,221,Low,dependency-watch,dependency-watch,Low,Dependency source reviewed as vendor-owned; no app-actionable finding recorded unless surfaced separately.,Track upstream version/deprecation state; avoid local vendored edits unless app-blocking.,Build College scheme; run relevant tests/smoke path.
9,1056,SourcePackages/checkouts/swift-collections/Sources/SortedCollections/SortedSet/SortedSet+BidirectionalCollection.swift,C-dependency,175,Low,dependency-watch,dependency-watch,Low,Dependency source reviewed as vendor-owned; no app-actionable finding recorded unless surfaced separately.,Track upstream version/deprecation state; avoid local vendored edits unless app-blocking.,Build College scheme; run relevant tests/smoke path.
9,1057,SourcePackages/checkouts/swift-collections/Sources/SortedCollections/SortedSet/SortedSet+Codable.swift,C-dependency,54,Low,dependency-watch,dependency-watch,Low,Dependency source reviewed as vendor-owned; no app-actionable finding recorded unless surfaced separately.,Track upstream version/deprecation state; avoid local vendored edits unless app-blocking.,Build College scheme; run relevant tests/smoke path.
9,1058,SourcePackages/checkouts/swift-collections/Sources/SortedCollections/SortedSet/SortedSet+CustomReflectable.swift,C-dependency,19,Low,dependency-watch,dependency-watch,Low,Dependency source reviewed as vendor-owned; no app-actionable finding recorded unless surfaced separately.,Track upstream version/deprecation state; avoid local vendored edits unless app-blocking.,Build College scheme; run relevant tests/smoke path.
9,1059,SourcePackages/checkouts/swift-collections/Sources/SortedCollections/SortedSet/SortedSet+CustomStringConvertible.swift,C-dependency,47,Low,dependency-watch,dependency-watch,Low,Dependency source reviewed as vendor-owned; no app-actionable finding recorded unless surfaced separately.,Track upstream version/deprecation state; avoid local vendored edits unless app-blocking.,Build College scheme; run relevant tests/smoke path.
9,1060,SourcePackages/checkouts/swift-collections/Sources/SortedCollections/SortedSet/SortedSet+Equatable.swift,C-dependency,33,Low,dependency-watch,dependency-watch,Low,Dependency source reviewed as vendor-owned; no app-actionable finding recorded unless surfaced separately.,Track upstream version/deprecation state; avoid local vendored edits unless app-blocking.,Build College scheme; run relevant tests/smoke path.
9,1061,SourcePackages/checkouts/swift-collections/Sources/SortedCollections/SortedSet/SortedSet+ExpressibleByArrayLiteral.swift,C-dependency,32,Low,dependency-watch,dependency-watch,Low,Dependency source reviewed as vendor-owned; no app-actionable finding recorded unless surfaced separately.,Track upstream version/deprecation state; avoid local vendored edits unless app-blocking.,Build College scheme; run relevant tests/smoke path.
9,1062,SourcePackages/checkouts/swift-collections/Sources/SortedCollections/SortedSet/SortedSet+Hashable.swift,C-dependency,25,Low,dependency-watch,dependency-watch,Low,Dependency source reviewed as vendor-owned; no app-actionable finding recorded unless surfaced separately.,Track upstream version/deprecation state; avoid local vendored edits unless app-blocking.,Build College scheme; run relevant tests/smoke path.
9,1063,SourcePackages/checkouts/swift-collections/Sources/SortedCollections/SortedSet/SortedSet+Initializers.swift,C-dependency,53,Low,dependency-watch,dependency-watch,Low,Dependency source reviewed as vendor-owned; no app-actionable finding recorded unless surfaced separately.,Track upstream version/deprecation state; avoid local vendored edits unless app-blocking.,Build College scheme; run relevant tests/smoke path.
9,1064,SourcePackages/checkouts/swift-collections/Sources/SortedCollections/SortedSet/SortedSet+Partial RangeReplaceableCollection.swift,C-dependency,174,Low,dependency-watch,dependency-watch,Low,Dependency source reviewed as vendor-owned; no app-actionable finding recorded unless surfaced separately.,Track upstream version/deprecation state; avoid local vendored edits unless app-blocking.,Build College scheme; run relevant tests/smoke path.
9,1065,SourcePackages/checkouts/swift-collections/Sources/SortedCollections/SortedSet/SortedSet+Sendable.swift,C-dependency,12,Low,dependency-watch,dependency-watch,Low,Dependency source reviewed as vendor-owned; no app-actionable finding recorded unless surfaced separately.,Track upstream version/deprecation state; avoid local vendored edits unless app-blocking.,Build College scheme; run relevant tests/smoke path.
9,1066,SourcePackages/checkouts/swift-collections/Sources/SortedCollections/SortedSet/SortedSet+Sequence.swift,C-dependency,54,Low,dependency-watch,dependency-watch,Low,Dependency source reviewed as vendor-owned; no app-actionable finding recorded unless surfaced separately.,Track upstream version/deprecation state; avoid local vendored edits unless app-blocking.,Build College scheme; run relevant tests/smoke path.
9,1067,SourcePackages/checkouts/swift-collections/Sources/SortedCollections/SortedSet/SortedSet+SetAlgebra.swift,C-dependency,370,Low,dependency-watch,dependency-watch,Low,Dependency source reviewed as vendor-owned; no app-actionable finding recorded unless surfaced separately.,Track upstream version/deprecation state; avoid local vendored edits unless app-blocking.,Build College scheme; run relevant tests/smoke path.
9,1068,SourcePackages/checkouts/swift-collections/Sources/SortedCollections/SortedSet/SortedSet+SubSequence.swift,C-dependency,320,Low,dependency-watch,dependency-watch,Low,Dependency source reviewed as vendor-owned; no app-actionable finding recorded unless surfaced separately.,Track upstream version/deprecation state; avoid local vendored edits unless app-blocking.,Build College scheme; run relevant tests/smoke path.
9,1069,SourcePackages/checkouts/swift-collections/Sources/SortedCollections/SortedSet/SortedSet+Subscripts.swift,C-dependency,45,Low,dependency-watch,dependency-watch,Low,Dependency source reviewed as vendor-owned; no app-actionable finding recorded unless surfaced separately.,Track upstream version/deprecation state; avoid local vendored edits unless app-blocking.,Build College scheme; run relevant tests/smoke path.
9,1070,SourcePackages/checkouts/swift-collections/Sources/SortedCollections/SortedSet/SortedSet.Index.swift,C-dependency,56,Low,dependency-watch,dependency-watch,Low,Dependency source reviewed as vendor-owned; no app-actionable finding recorded unless surfaced separately.,Track upstream version/deprecation state; avoid local vendored edits unless app-blocking.,Build College scheme; run relevant tests/smoke path.
9,1071,SourcePackages/checkouts/swift-collections/Sources/SortedCollections/SortedSet/SortedSet.swift,C-dependency,37,Low,dependency-watch,dependency-watch,Low,Dependency source reviewed as vendor-owned; no app-actionable finding recorded unless surfaced separately.,Track upstream version/deprecation state; avoid local vendored edits unless app-blocking.,Build College scheme; run relevant tests/smoke path.
9,1072,SourcePackages/checkouts/swift-collections/Sources/SortedCollections/Utilities/Assertions.swift,C-dependency,12,Low,dependency-watch,dependency-watch,Low,Dependency source reviewed as vendor-owned; no app-actionable finding recorded unless surfaced separately.,Track upstream version/deprecation state; avoid local vendored edits unless app-blocking.,Build College scheme; run relevant tests/smoke path.
9,1073,SourcePackages/checkouts/swift-collections/Sources/TrailingElementsModule/TrailingArray.swift,C-dependency,406,Low,dependency-watch,dependency-watch,Low,Dependency source reviewed as vendor-owned; no app-actionable finding recorded unless surfaced separately.,Track upstream version/deprecation state; avoid local vendored edits unless app-blocking.,Build College scheme; run relevant tests/smoke path.
9,1074,SourcePackages/checkouts/swift-collections/Sources/TrailingElementsModule/TrailingElements.swift,C-dependency,21,Low,dependency-watch,dependency-watch,Low,Dependency source reviewed as vendor-owned; no app-actionable finding recorded unless surfaced separately.,Track upstream version/deprecation state; avoid local vendored edits unless app-blocking.,Build College scheme; run relevant tests/smoke path.
9,1075,SourcePackages/checkouts/swift-collections/Sources/TrailingElementsModule/TrailingPadding.swift,C-dependency,141,Low,dependency-watch,dependency-watch,Low,Dependency source reviewed as vendor-owned; no app-actionable finding recorded unless surfaced separately.,Track upstream version/deprecation state; avoid local vendored edits unless app-blocking.,Build College scheme; run relevant tests/smoke path.
9,1076,SourcePackages/checkouts/swift-collections/Tests/BasicContainersTests/ArrayLayout.swift,C-dependency,104,Low,dependency-watch,dependency-watch,Low,Dependency source reviewed as vendor-owned; no app-actionable finding recorded unless surfaced separately.,Track upstream version/deprecation state; avoid local vendored edits unless app-blocking.,Build College scheme; run relevant tests/smoke path.
9,1077,SourcePackages/checkouts/swift-collections/Tests/BasicContainersTests/RigidArrayTests.swift,C-dependency,827,Low,dependency-watch,dependency-watch,Low,Dependency source reviewed as vendor-owned; no app-actionable finding recorded unless surfaced separately.,Track upstream version/deprecation state; avoid local vendored edits unless app-blocking.,Build College scheme; run relevant tests/smoke path.
9,1078,SourcePackages/checkouts/swift-collections/Tests/BasicContainersTests/UniqueArrayTests.swift,C-dependency,881,Low,dependency-watch,dependency-watch,Low,Dependency source reviewed as vendor-owned; no app-actionable finding recorded unless surfaced separately.,Track upstream version/deprecation state; avoid local vendored edits unless app-blocking.,Build College scheme; run relevant tests/smoke path.
9,1079,SourcePackages/checkouts/swift-collections/Tests/BitCollectionsTests/BitArrayTests.swift,C-dependency,1021,Low,dependency-watch,dependency-watch,Low,Dependency source reviewed as vendor-owned; no app-actionable finding recorded unless surfaced separately.,Track upstream version/deprecation state; avoid local vendored edits unless app-blocking.,Build College scheme; run relevant tests/smoke path.
9,1080,SourcePackages/checkouts/swift-collections/Tests/BitCollectionsTests/BitSet.Counted Tests.swift,C-dependency,253,Low,dependency-watch,dependency-watch,Low,Dependency source reviewed as vendor-owned; no app-actionable finding recorded unless surfaced separately.,Track upstream version/deprecation state; avoid local vendored edits unless app-blocking.,Build College scheme; run relevant tests/smoke path.
9,1081,SourcePackages/checkouts/swift-collections/Tests/BitCollectionsTests/BitSetTests.swift,C-dependency,1569,Low,dependency-watch,dependency-watch,Low,Dependency source reviewed as vendor-owned; no app-actionable finding recorded unless surfaced separately.,Track upstream version/deprecation state; avoid local vendored edits unless app-blocking.,Build College scheme; run relevant tests/smoke path.
9,1082,SourcePackages/checkouts/swift-collections/Tests/CollectionsTestSupportTests/CombinatoricsChecks.swift,C-dependency,53,Low,dependency-watch,dependency-watch,Low,Dependency source reviewed as vendor-owned; no app-actionable finding recorded unless surfaced separately.,Track upstream version/deprecation state; avoid local vendored edits unless app-blocking.,Build College scheme; run relevant tests/smoke path.
9,1083,SourcePackages/checkouts/swift-collections/Tests/CollectionsTestSupportTests/IndexRangeCollectionTests.swift,C-dependency,29,Low,dependency-watch,dependency-watch,Low,Dependency source reviewed as vendor-owned; no app-actionable finding recorded unless surfaced separately.,Track upstream version/deprecation state; avoid local vendored edits unless app-blocking.,Build College scheme; run relevant tests/smoke path.
9,1084,SourcePackages/checkouts/swift-collections/Tests/CollectionsTestSupportTests/MinimalTypeConformances.swift,C-dependency,46,Low,dependency-watch,dependency-watch,Low,Dependency source reviewed as vendor-owned; no app-actionable finding recorded unless surfaced separately.,Track upstream version/deprecation state; avoid local vendored edits unless app-blocking.,Build College scheme; run relevant tests/smoke path.
9,1085,SourcePackages/checkouts/swift-collections/Tests/CollectionsTestSupportTests/UtilitiesTests.swift,C-dependency,31,Low,dependency-watch,dependency-watch,Low,Dependency source reviewed as vendor-owned; no app-actionable finding recorded unless surfaced separately.,Track upstream version/deprecation state; avoid local vendored edits unless app-blocking.,Build College scheme; run relevant tests/smoke path.
9,1086,SourcePackages/checkouts/swift-collections/Tests/ContainersTests/BoxTests.swift,C-dependency,44,Low,dependency-watch,dependency-watch,Low,Dependency source reviewed as vendor-owned; no app-actionable finding recorded unless surfaced separately.,Track upstream version/deprecation state; avoid local vendored edits unless app-blocking.,Build College scheme; run relevant tests/smoke path.
9,1087,SourcePackages/checkouts/swift-collections/Tests/ContainersTests/MutTests.swift,C-dependency,36,Low,dependency-watch,dependency-watch,Low,Dependency source reviewed as vendor-owned; no app-actionable finding recorded unless surfaced separately.,Track upstream version/deprecation state; avoid local vendored edits unless app-blocking.,Build College scheme; run relevant tests/smoke path.
9,1088,SourcePackages/checkouts/swift-collections/Tests/ContainersTests/RefTests.swift,C-dependency,27,Low,dependency-watch,dependency-watch,Low,Dependency source reviewed as vendor-owned; no app-actionable finding recorded unless surfaced separately.,Track upstream version/deprecation state; avoid local vendored edits unless app-blocking.,Build College scheme; run relevant tests/smoke path.
9,1089,SourcePackages/checkouts/swift-collections/Tests/DequeTests/DequeInternals.swift,C-dependency,87,Low,dependency-watch,dependency-watch,Low,Dependency source reviewed as vendor-owned; no app-actionable finding recorded unless surfaced separately.,Track upstream version/deprecation state; avoid local vendored edits unless app-blocking.,Build College scheme; run relevant tests/smoke path.
9,1090,SourcePackages/checkouts/swift-collections/Tests/DequeTests/DequeTests.swift,C-dependency,377,Low,dependency-watch,dependency-watch,Low,Dependency source reviewed as vendor-owned; no app-actionable finding recorded unless surfaced separately.,Track upstream version/deprecation state; avoid local vendored edits unless app-blocking.,Build College scheme; run relevant tests/smoke path.
9,1091,SourcePackages/checkouts/swift-collections/Tests/DequeTests/MutableCollectionTests.swift,C-dependency,167,Low,dependency-watch,dependency-watch,Low,Dependency source reviewed as vendor-owned; no app-actionable finding recorded unless surfaced separately.,Track upstream version/deprecation state; avoid local vendored edits unless app-blocking.,Build College scheme; run relevant tests/smoke path.
9,1092,SourcePackages/checkouts/swift-collections/Tests/DequeTests/RangeReplaceableCollectionTests.swift,C-dependency,500,Low,dependency-watch,dependency-watch,Low,Dependency source reviewed as vendor-owned; no app-actionable finding recorded unless surfaced separately.,Track upstream version/deprecation state; avoid local vendored edits unless app-blocking.,Build College scheme; run relevant tests/smoke path.
9,1093,SourcePackages/checkouts/swift-collections/Tests/HashTreeCollectionsTests/Colliders.swift,C-dependency,98,Low,dependency-watch,dependency-watch,Low,Dependency source reviewed as vendor-owned; no app-actionable finding recorded unless surfaced separately.,Track upstream version/deprecation state; avoid local vendored edits unless app-blocking.,Build College scheme; run relevant tests/smoke path.
9,1094,SourcePackages/checkouts/swift-collections/Tests/HashTreeCollectionsTests/Hash.swift,C-dependency,80,Low,dependency-watch,dependency-watch,Low,Dependency source reviewed as vendor-owned; no app-actionable finding recorded unless surfaced separately.,Track upstream version/deprecation state; avoid local vendored edits unless app-blocking.,Build College scheme; run relevant tests/smoke path.
9,1095,SourcePackages/checkouts/swift-collections/Tests/HashTreeCollectionsTests/TreeDictionary Smoke Tests.swift,C-dependency,628,Low,dependency-watch,dependency-watch,Low,Dependency source reviewed as vendor-owned; no app-actionable finding recorded unless surfaced separately.,Track upstream version/deprecation state; avoid local vendored edits unless app-blocking.,Build College scheme; run relevant tests/smoke path.
9,1096,SourcePackages/checkouts/swift-collections/Tests/HashTreeCollectionsTests/TreeDictionary Tests.swift,C-dependency,2621,Low,dependency-watch,dependency-watch,Low,Dependency source reviewed as vendor-owned; no app-actionable finding recorded unless surfaced separately.,Track upstream version/deprecation state; avoid local vendored edits unless app-blocking.,Build College scheme; run relevant tests/smoke path.
9,1097,SourcePackages/checkouts/swift-collections/Tests/HashTreeCollectionsTests/TreeDictionary.Keys Tests.swift,C-dependency,184,Low,dependency-watch,dependency-watch,Low,Dependency source reviewed as vendor-owned; no app-actionable finding recorded unless surfaced separately.,Track upstream version/deprecation state; avoid local vendored edits unless app-blocking.,Build College scheme; run relevant tests/smoke path.
9,1098,SourcePackages/checkouts/swift-collections/Tests/HashTreeCollectionsTests/TreeDictionary.Values Tests.swift,C-dependency,45,Low,dependency-watch,dependency-watch,Low,Dependency source reviewed as vendor-owned; no app-actionable finding recorded unless surfaced separately.,Track upstream version/deprecation state; avoid local vendored edits unless app-blocking.,Build College scheme; run relevant tests/smoke path.
9,1099,SourcePackages/checkouts/swift-collections/Tests/HashTreeCollectionsTests/TreeHashedCollections Fixtures.swift,C-dependency,473,Low,dependency-watch,dependency-watch,Low,Dependency source reviewed as vendor-owned; no app-actionable finding recorded unless surfaced separately.,Track upstream version/deprecation state; avoid local vendored edits unless app-blocking.,Build College scheme; run relevant tests/smoke path.
9,1100,SourcePackages/checkouts/swift-collections/Tests/HashTreeCollectionsTests/TreeSet Tests.swift,C-dependency,789,Low,dependency-watch,dependency-watch,Low,Dependency source reviewed as vendor-owned; no app-actionable finding recorded unless surfaced separately.,Track upstream version/deprecation state; avoid local vendored edits unless app-blocking.,Build College scheme; run relevant tests/smoke path.
9,1101,SourcePackages/checkouts/swift-collections/Tests/HashTreeCollectionsTests/Utilities.swift,C-dependency,233,Low,dependency-watch,dependency-watch,Low,Dependency source reviewed as vendor-owned; no app-actionable finding recorded unless surfaced separately.,Track upstream version/deprecation state; avoid local vendored edits unless app-blocking.,Build College scheme; run relevant tests/smoke path.
9,1102,SourcePackages/checkouts/swift-collections/Tests/HeapTests/HeapNodeTests.swift,C-dependency,34,Low,dependency-watch,dependency-watch,Low,Dependency source reviewed as vendor-owned; no app-actionable finding recorded unless surfaced separately.,Track upstream version/deprecation state; avoid local vendored edits unless app-blocking.,Build College scheme; run relevant tests/smoke path.
9,1103,SourcePackages/checkouts/swift-collections/Tests/HeapTests/HeapTests.swift,C-dependency,707,Low,dependency-watch,dependency-watch,Low,Dependency source reviewed as vendor-owned; no app-actionable finding recorded unless surfaced separately.,Track upstream version/deprecation state; avoid local vendored edits unless app-blocking.,Build College scheme; run relevant tests/smoke path.
9,1104,SourcePackages/checkouts/swift-collections/Tests/OrderedCollectionsTests/HashTable/HashTableTests.swift,C-dependency,624,Low,dependency-watch,dependency-watch,Low,Dependency source reviewed as vendor-owned; no app-actionable finding recorded unless surfaced separately.,Track upstream version/deprecation state; avoid local vendored edits unless app-blocking.,Build College scheme; run relevant tests/smoke path.
9,1105,SourcePackages/checkouts/swift-collections/Tests/OrderedCollectionsTests/OrderedDictionary/OrderedDictionary Tests.swift,C-dependency,1366,Low,dependency-watch,dependency-watch,Low,Dependency source reviewed as vendor-owned; no app-actionable finding recorded unless surfaced separately.,Track upstream version/deprecation state; avoid local vendored edits unless app-blocking.,Build College scheme; run relevant tests/smoke path.
9,1106,SourcePackages/checkouts/swift-collections/Tests/OrderedCollectionsTests/OrderedDictionary/OrderedDictionary Utils.swift,C-dependency,34,Low,dependency-watch,dependency-watch,Low,Dependency source reviewed as vendor-owned; no app-actionable finding recorded unless surfaced separately.,Track upstream version/deprecation state; avoid local vendored edits unless app-blocking.,Build College scheme; run relevant tests/smoke path.
9,1107,SourcePackages/checkouts/swift-collections/Tests/OrderedCollectionsTests/OrderedDictionary/OrderedDictionary+Elements Tests.swift,C-dependency,505,Low,dependency-watch,dependency-watch,Low,Dependency source reviewed as vendor-owned; no app-actionable finding recorded unless surfaced separately.,Track upstream version/deprecation state; avoid local vendored edits unless app-blocking.,Build College scheme; run relevant tests/smoke path.
9,1108,SourcePackages/checkouts/swift-collections/Tests/OrderedCollectionsTests/OrderedDictionary/OrderedDictionary+Values Tests.swift,C-dependency,259,Low,dependency-watch,dependency-watch,Low,Dependency source reviewed as vendor-owned; no app-actionable finding recorded unless surfaced separately.,Track upstream version/deprecation state; avoid local vendored edits unless app-blocking.,Build College scheme; run relevant tests/smoke path.
9,1109,SourcePackages/checkouts/swift-collections/Tests/OrderedCollectionsTests/OrderedSet/OrderedSet Diffing Tests.swift,C-dependency,147,Low,dependency-watch,dependency-watch,Low,Dependency source reviewed as vendor-owned; no app-actionable finding recorded unless surfaced separately.,Track upstream version/deprecation state; avoid local vendored edits unless app-blocking.,Build College scheme; run relevant tests/smoke path.
9,1110,SourcePackages/checkouts/swift-collections/Tests/OrderedCollectionsTests/OrderedSet/OrderedSet.UnorderedView Tests.swift,C-dependency,85,Low,dependency-watch,dependency-watch,Low,Dependency source reviewed as vendor-owned; no app-actionable finding recorded unless surfaced separately.,Track upstream version/deprecation state; avoid local vendored edits unless app-blocking.,Build College scheme; run relevant tests/smoke path.
9,1111,SourcePackages/checkouts/swift-collections/Tests/OrderedCollectionsTests/OrderedSet/OrderedSetInternals.swift,C-dependency,85,Low,dependency-watch,dependency-watch,Low,Dependency source reviewed as vendor-owned; no app-actionable finding recorded unless surfaced separately.,Track upstream version/deprecation state; avoid local vendored edits unless app-blocking.,Build College scheme; run relevant tests/smoke path.
9,1112,SourcePackages/checkouts/swift-collections/Tests/OrderedCollectionsTests/OrderedSet/OrderedSetTests.swift,C-dependency,1581,Low,dependency-watch,dependency-watch,Low,Dependency source reviewed as vendor-owned; no app-actionable finding recorded unless surfaced separately.,Track upstream version/deprecation state; avoid local vendored edits unless app-blocking.,Build College scheme; run relevant tests/smoke path.
9,1113,SourcePackages/checkouts/swift-collections/Tests/OrderedCollectionsTests/OrderedSet/RandomAccessCollection+Extras.swift,C-dependency,67,Low,dependency-watch,dependency-watch,Low,Dependency source reviewed as vendor-owned; no app-actionable finding recorded unless surfaced separately.,Track upstream version/deprecation state; avoid local vendored edits unless app-blocking.,Build College scheme; run relevant tests/smoke path.
9,1114,SourcePackages/checkouts/swift-collections/Tests/RopeModuleTests/Availability.swift,C-dependency,17,Low,dependency-watch,dependency-watch,Low,Dependency source reviewed as vendor-owned; no app-actionable finding recorded unless surfaced separately.,Track upstream version/deprecation state; avoid local vendored edits unless app-blocking.,Build College scheme; run relevant tests/smoke path.
9,1115,SourcePackages/checkouts/swift-collections/Tests/RopeModuleTests/SampleStrings.swift,C-dependency,168,Low,dependency-watch,dependency-watch,Low,Dependency source reviewed as vendor-owned; no app-actionable finding recorded unless surfaced separately.,Track upstream version/deprecation state; avoid local vendored edits unless app-blocking.,Build College scheme; run relevant tests/smoke path.
9,1116,SourcePackages/checkouts/swift-collections/Tests/RopeModuleTests/TestBigString.swift,C-dependency,1136,Low,dependency-watch,dependency-watch,Low,Dependency source reviewed as vendor-owned; no app-actionable finding recorded unless surfaced separately.,Track upstream version/deprecation state; avoid local vendored edits unless app-blocking.,Build College scheme; run relevant tests/smoke path.
9,1117,SourcePackages/checkouts/swift-collections/Tests/RopeModuleTests/TestRope.swift,C-dependency,702,Low,dependency-watch,dependency-watch,Low,Dependency source reviewed as vendor-owned; no app-actionable finding recorded unless surfaced separately.,Track upstream version/deprecation state; avoid local vendored edits unless app-blocking.,Build College scheme; run relevant tests/smoke path.
9,1118,SourcePackages/checkouts/swift-collections/Tests/SortedCollectionsTests/BTree/BTree Tests.swift,C-dependency,175,Low,dependency-watch,dependency-watch,Low,Dependency source reviewed as vendor-owned; no app-actionable finding recorded unless surfaced separately.,Track upstream version/deprecation state; avoid local vendored edits unless app-blocking.,Build College scheme; run relevant tests/smoke path.
9,1119,SourcePackages/checkouts/swift-collections/Tests/SortedCollectionsTests/BTree/BTree+Deletion Tests.swift,C-dependency,57,Low,dependency-watch,dependency-watch,Low,Dependency source reviewed as vendor-owned; no app-actionable finding recorded unless surfaced separately.,Track upstream version/deprecation state; avoid local vendored edits unless app-blocking.,Build College scheme; run relevant tests/smoke path.
9,1120,SourcePackages/checkouts/swift-collections/Tests/SortedCollectionsTests/BTree/BTree.Builder Tests.swift,C-dependency,31,Low,dependency-watch,dependency-watch,Low,Dependency source reviewed as vendor-owned; no app-actionable finding recorded unless surfaced separately.,Track upstream version/deprecation state; avoid local vendored edits unless app-blocking.,Build College scheme; run relevant tests/smoke path.
9,1121,SourcePackages/checkouts/swift-collections/Tests/SortedCollectionsTests/BTree/Node Utils.swift,C-dependency,85,Low,dependency-watch,dependency-watch,Low,Dependency source reviewed as vendor-owned; no app-actionable finding recorded unless surfaced separately.,Track upstream version/deprecation state; avoid local vendored edits unless app-blocking.,Build College scheme; run relevant tests/smoke path.
9,1122,SourcePackages/checkouts/swift-collections/Tests/SortedCollectionsTests/BTree/Node+Balancing Tests.swift,C-dependency,238,Low,dependency-watch,dependency-watch,Low,Dependency source reviewed as vendor-owned; no app-actionable finding recorded unless surfaced separately.,Track upstream version/deprecation state; avoid local vendored edits unless app-blocking.,Build College scheme; run relevant tests/smoke path.
9,1123,SourcePackages/checkouts/swift-collections/Tests/SortedCollectionsTests/BTree/Node+Insertion Tests.swift,C-dependency,547,Low,dependency-watch,dependency-watch,Low,Dependency source reviewed as vendor-owned; no app-actionable finding recorded unless surfaced separately.,Track upstream version/deprecation state; avoid local vendored edits unless app-blocking.,Build College scheme; run relevant tests/smoke path.
9,1124,SourcePackages/checkouts/swift-collections/Tests/SortedCollectionsTests/BTree/Node+Join Tests.swift,C-dependency,107,Low,dependency-watch,dependency-watch,Low,Dependency source reviewed as vendor-owned; no app-actionable finding recorded unless surfaced separately.,Track upstream version/deprecation state; avoid local vendored edits unless app-blocking.,Build College scheme; run relevant tests/smoke path.
9,1125,SourcePackages/checkouts/swift-collections/Tests/SortedCollectionsTests/BTree/NodeTests.swift,C-dependency,145,Low,dependency-watch,dependency-watch,Low,Dependency source reviewed as vendor-owned; no app-actionable finding recorded unless surfaced separately.,Track upstream version/deprecation state; avoid local vendored edits unless app-blocking.,Build College scheme; run relevant tests/smoke path.
10,1126,SourcePackages/checkouts/swift-collections/Tests/SortedCollectionsTests/SortedDictionary/SortedDictionary Tests.swift,C-dependency,285,Low,dependency-watch,dependency-watch,Low,Dependency source reviewed as vendor-owned; no app-actionable finding recorded unless surfaced separately.,Track upstream version/deprecation state; avoid local vendored edits unless app-blocking.,Build College scheme; run relevant tests/smoke path.
10,1127,SourcePackages/checkouts/swift-collections/Tests/SortedCollectionsTests/SortedDictionary/SortedDictionary Utils.swift,C-dependency,34,Low,dependency-watch,dependency-watch,Low,Dependency source reviewed as vendor-owned; no app-actionable finding recorded unless surfaced separately.,Track upstream version/deprecation state; avoid local vendored edits unless app-blocking.,Build College scheme; run relevant tests/smoke path.
10,1128,SourcePackages/checkouts/swift-collections/Tests/SortedCollectionsTests/SortedSet/SortedSet Tests.swift,C-dependency,478,Low,dependency-watch,dependency-watch,Low,Dependency source reviewed as vendor-owned; no app-actionable finding recorded unless surfaced separately.,Track upstream version/deprecation state; avoid local vendored edits unless app-blocking.,Build College scheme; run relevant tests/smoke path.
10,1129,SourcePackages/checkouts/swift-collections/Tests/TrailingElementsTests/TrailingElementsTests.swift,C-dependency,184,Low,dependency-watch,dependency-watch,Low,Dependency source reviewed as vendor-owned; no app-actionable finding recorded unless surfaced separately.,Track upstream version/deprecation state; avoid local vendored edits unless app-blocking.,Build College scheme; run relevant tests/smoke path.
10,1130,SourcePackages/checkouts/swift-collections/Tests/_CollectionsTestSupport/AssertionContexts/Assertions+Containers.swift,C-dependency,224,Low,dependency-watch,dependency-watch,Low,Dependency source reviewed as vendor-owned; no app-actionable finding recorded unless surfaced separately.,Track upstream version/deprecation state; avoid local vendored edits unless app-blocking.,Build College scheme; run relevant tests/smoke path.
10,1131,SourcePackages/checkouts/swift-collections/Tests/_CollectionsTestSupport/AssertionContexts/Assertions.swift,C-dependency,428,Low,dependency-watch,dependency-watch,Low,Dependency source reviewed as vendor-owned; no app-actionable finding recorded unless surfaced separately.,Track upstream version/deprecation state; avoid local vendored edits unless app-blocking.,Build College scheme; run relevant tests/smoke path.
10,1132,SourcePackages/checkouts/swift-collections/Tests/_CollectionsTestSupport/AssertionContexts/CollectionTestCase.swift,C-dependency,44,Low,dependency-watch,dependency-watch,Low,Dependency source reviewed as vendor-owned; no app-actionable finding recorded unless surfaced separately.,Track upstream version/deprecation state; avoid local vendored edits unless app-blocking.,Build College scheme; run relevant tests/smoke path.
10,1133,SourcePackages/checkouts/swift-collections/Tests/_CollectionsTestSupport/AssertionContexts/Combinatorics.swift,C-dependency,279,Low,dependency-watch,dependency-watch,Low,Dependency source reviewed as vendor-owned; no app-actionable finding recorded unless surfaced separately.,Track upstream version/deprecation state; avoid local vendored edits unless app-blocking.,Build College scheme; run relevant tests/smoke path.
10,1134,SourcePackages/checkouts/swift-collections/Tests/_CollectionsTestSupport/AssertionContexts/TestContext.swift,C-dependency,259,Low,dependency-watch,dependency-watch,Low,Dependency source reviewed as vendor-owned; no app-actionable finding recorded unless surfaced separately.,Track upstream version/deprecation state; avoid local vendored edits unless app-blocking.,Build College scheme; run relevant tests/smoke path.
10,1135,SourcePackages/checkouts/swift-collections/Tests/_CollectionsTestSupport/ConformanceCheckers/CheckBidirectionalCollection.swift,C-dependency,201,Low,dependency-watch,dependency-watch,Low,Dependency source reviewed as vendor-owned; no app-actionable finding recorded unless surfaced separately.,Track upstream version/deprecation state; avoid local vendored edits unless app-blocking.,Build College scheme; run relevant tests/smoke path.
10,1136,SourcePackages/checkouts/swift-collections/Tests/_CollectionsTestSupport/ConformanceCheckers/CheckCollection.swift,C-dependency,284,Low,dependency-watch,dependency-watch,Low,Dependency source reviewed as vendor-owned; no app-actionable finding recorded unless surfaced separately.,Track upstream version/deprecation state; avoid local vendored edits unless app-blocking.,Build College scheme; run relevant tests/smoke path.
10,1137,SourcePackages/checkouts/swift-collections/Tests/_CollectionsTestSupport/ConformanceCheckers/CheckComparable.swift,C-dependency,194,Low,dependency-watch,dependency-watch,Low,Dependency source reviewed as vendor-owned; no app-actionable finding recorded unless surfaced separately.,Track upstream version/deprecation state; avoid local vendored edits unless app-blocking.,Build College scheme; run relevant tests/smoke path.
10,1138,SourcePackages/checkouts/swift-collections/Tests/_CollectionsTestSupport/ConformanceCheckers/CheckContainer.swift,C-dependency,133,Low,dependency-watch,dependency-watch,Low,Dependency source reviewed as vendor-owned; no app-actionable finding recorded unless surfaced separately.,Track upstream version/deprecation state; avoid local vendored edits unless app-blocking.,Build College scheme; run relevant tests/smoke path.
10,1139,SourcePackages/checkouts/swift-collections/Tests/_CollectionsTestSupport/ConformanceCheckers/CheckEquatable.swift,C-dependency,137,Low,dependency-watch,dependency-watch,Low,Dependency source reviewed as vendor-owned; no app-actionable finding recorded unless surfaced separately.,Track upstream version/deprecation state; avoid local vendored edits unless app-blocking.,Build College scheme; run relevant tests/smoke path.
10,1140,SourcePackages/checkouts/swift-collections/Tests/_CollectionsTestSupport/ConformanceCheckers/CheckHashable.swift,C-dependency,124,Low,dependency-watch,dependency-watch,Low,Dependency source reviewed as vendor-owned; no app-actionable finding recorded unless surfaced separately.,Track upstream version/deprecation state; avoid local vendored edits unless app-blocking.,Build College scheme; run relevant tests/smoke path.
10,1141,SourcePackages/checkouts/swift-collections/Tests/_CollectionsTestSupport/ConformanceCheckers/CheckSequence.swift,C-dependency,96,Low,dependency-watch,dependency-watch,Low,Dependency source reviewed as vendor-owned; no app-actionable finding recorded unless surfaced separately.,Track upstream version/deprecation state; avoid local vendored edits unless app-blocking.,Build College scheme; run relevant tests/smoke path.
10,1142,SourcePackages/checkouts/swift-collections/Tests/_CollectionsTestSupport/MinimalTypes/MinimalBidirectionalCollection.swift,C-dependency,155,Low,dependency-watch,dependency-watch,Low,Dependency source reviewed as vendor-owned; no app-actionable finding recorded unless surfaced separately.,Track upstream version/deprecation state; avoid local vendored edits unless app-blocking.,Build College scheme; run relevant tests/smoke path.
10,1143,SourcePackages/checkouts/swift-collections/Tests/_CollectionsTestSupport/MinimalTypes/MinimalCollection.swift,C-dependency,149,Low,dependency-watch,dependency-watch,Low,Dependency source reviewed as vendor-owned; no app-actionable finding recorded unless surfaced separately.,Track upstream version/deprecation state; avoid local vendored edits unless app-blocking.,Build College scheme; run relevant tests/smoke path.
10,1144,SourcePackages/checkouts/swift-collections/Tests/_CollectionsTestSupport/MinimalTypes/MinimalDecoder.swift,C-dependency,756,Low,dependency-watch,dependency-watch,Low,Dependency source reviewed as vendor-owned; no app-actionable finding recorded unless surfaced separately.,Track upstream version/deprecation state; avoid local vendored edits unless app-blocking.,Build College scheme; run relevant tests/smoke path.
10,1145,SourcePackages/checkouts/swift-collections/Tests/_CollectionsTestSupport/MinimalTypes/MinimalEncoder.swift,C-dependency,716,Low,dependency-watch,dependency-watch,Low,Dependency source reviewed as vendor-owned; no app-actionable finding recorded unless surfaced separately.,Track upstream version/deprecation state; avoid local vendored edits unless app-blocking.,Build College scheme; run relevant tests/smoke path.
10,1146,SourcePackages/checkouts/swift-collections/Tests/_CollectionsTestSupport/MinimalTypes/MinimalIndex.swift,C-dependency,59,Low,dependency-watch,dependency-watch,Low,Dependency source reviewed as vendor-owned; no app-actionable finding recorded unless surfaced separately.,Track upstream version/deprecation state; avoid local vendored edits unless app-blocking.,Build College scheme; run relevant tests/smoke path.
10,1147,SourcePackages/checkouts/swift-collections/Tests/_CollectionsTestSupport/MinimalTypes/MinimalIterator.swift,C-dependency,54,Low,dependency-watch,dependency-watch,Low,Dependency source reviewed as vendor-owned; no app-actionable finding recorded unless surfaced separately.,Track upstream version/deprecation state; avoid local vendored edits unless app-blocking.,Build College scheme; run relevant tests/smoke path.
10,1148,SourcePackages/checkouts/swift-collections/Tests/_CollectionsTestSupport/MinimalTypes/MinimalMutableRandomAccessCollection.swift,C-dependency,194,Low,dependency-watch,dependency-watch,Low,Dependency source reviewed as vendor-owned; no app-actionable finding recorded unless surfaced separately.,Track upstream version/deprecation state; avoid local vendored edits unless app-blocking.,Build College scheme; run relevant tests/smoke path.
10,1149,SourcePackages/checkouts/swift-collections/Tests/_CollectionsTestSupport/MinimalTypes/MinimalMutableRangeReplaceableRandomAccessCollection.swift,C-dependency,261,Low,dependency-watch,dependency-watch,Low,Dependency source reviewed as vendor-owned; no app-actionable finding recorded unless surfaced separately.,Track upstream version/deprecation state; avoid local vendored edits unless app-blocking.,Build College scheme; run relevant tests/smoke path.
10,1150,SourcePackages/checkouts/swift-collections/Tests/_CollectionsTestSupport/MinimalTypes/MinimalRandomAccessCollection.swift,C-dependency,137,Low,dependency-watch,dependency-watch,Low,Dependency source reviewed as vendor-owned; no app-actionable finding recorded unless surfaced separately.,Track upstream version/deprecation state; avoid local vendored edits unless app-blocking.,Build College scheme; run relevant tests/smoke path.
10,1151,SourcePackages/checkouts/swift-collections/Tests/_CollectionsTestSupport/MinimalTypes/MinimalRangeReplaceableRandomAccessCollection.swift,C-dependency,216,Low,dependency-watch,dependency-watch,Low,Dependency source reviewed as vendor-owned; no app-actionable finding recorded unless surfaced separately.,Track upstream version/deprecation state; avoid local vendored edits unless app-blocking.,Build College scheme; run relevant tests/smoke path.
10,1152,SourcePackages/checkouts/swift-collections/Tests/_CollectionsTestSupport/MinimalTypes/MinimalSequence.swift,C-dependency,96,Low,dependency-watch,dependency-watch,Low,Dependency source reviewed as vendor-owned; no app-actionable finding recorded unless surfaced separately.,Track upstream version/deprecation state; avoid local vendored edits unless app-blocking.,Build College scheme; run relevant tests/smoke path.
10,1153,SourcePackages/checkouts/swift-collections/Tests/_CollectionsTestSupport/MinimalTypes/ResettableValue.swift,C-dependency,37,Low,dependency-watch,dependency-watch,Low,Dependency source reviewed as vendor-owned; no app-actionable finding recorded unless surfaced separately.,Track upstream version/deprecation state; avoid local vendored edits unless app-blocking.,Build College scheme; run relevant tests/smoke path.
10,1154,SourcePackages/checkouts/swift-collections/Tests/_CollectionsTestSupport/MinimalTypes/StaccatoContainer.swift,C-dependency,88,Low,dependency-watch,dependency-watch,Low,Dependency source reviewed as vendor-owned; no app-actionable finding recorded unless surfaced separately.,Track upstream version/deprecation state; avoid local vendored edits unless app-blocking.,Build College scheme; run relevant tests/smoke path.
10,1155,SourcePackages/checkouts/swift-collections/Tests/_CollectionsTestSupport/MinimalTypes/_CollectionState.swift,C-dependency,241,Low,dependency-watch,dependency-watch,Low,Dependency source reviewed as vendor-owned; no app-actionable finding recorded unless surfaced separately.,Track upstream version/deprecation state; avoid local vendored edits unless app-blocking.,Build College scheme; run relevant tests/smoke path.
10,1156,SourcePackages/checkouts/swift-collections/Tests/_CollectionsTestSupport/MinimalTypes/_MinimalCollectionCore.swift,C-dependency,357,Low,dependency-watch,dependency-watch,Low,Dependency source reviewed as vendor-owned; no app-actionable finding recorded unless surfaced separately.,Track upstream version/deprecation state; avoid local vendored edits unless app-blocking.,Build College scheme; run relevant tests/smoke path.
10,1157,SourcePackages/checkouts/swift-collections/Tests/_CollectionsTestSupport/Utilities/AllOnesRandomNumberGenerator.swift,C-dependency,21,Low,dependency-watch,dependency-watch,Low,Dependency source reviewed as vendor-owned; no app-actionable finding recorded unless surfaced separately.,Track upstream version/deprecation state; avoid local vendored edits unless app-blocking.,Build College scheme; run relevant tests/smoke path.
10,1158,SourcePackages/checkouts/swift-collections/Tests/_CollectionsTestSupport/Utilities/ClassBox.swift,C-dependency,16,Low,dependency-watch,dependency-watch,Low,Dependency source reviewed as vendor-owned; no app-actionable finding recorded unless surfaced separately.,Track upstream version/deprecation state; avoid local vendored edits unless app-blocking.,Build College scheme; run relevant tests/smoke path.
10,1159,SourcePackages/checkouts/swift-collections/Tests/_CollectionsTestSupport/Utilities/DictionaryAPIChecker.swift,C-dependency,147,Low,dependency-watch,dependency-watch,Low,Dependency source reviewed as vendor-owned; no app-actionable finding recorded unless surfaced separately.,Track upstream version/deprecation state; avoid local vendored edits unless app-blocking.,Build College scheme; run relevant tests/smoke path.
10,1160,SourcePackages/checkouts/swift-collections/Tests/_CollectionsTestSupport/Utilities/HashableBox.swift,C-dependency,24,Low,dependency-watch,dependency-watch,Low,Dependency source reviewed as vendor-owned; no app-actionable finding recorded unless surfaced separately.,Track upstream version/deprecation state; avoid local vendored edits unless app-blocking.,Build College scheme; run relevant tests/smoke path.
10,1161,SourcePackages/checkouts/swift-collections/Tests/_CollectionsTestSupport/Utilities/IndexRangeCollection.swift,C-dependency,90,Low,dependency-watch,dependency-watch,Low,Dependency source reviewed as vendor-owned; no app-actionable finding recorded unless surfaced separately.,Track upstream version/deprecation state; avoid local vendored edits unless app-blocking.,Build College scheme; run relevant tests/smoke path.
10,1162,SourcePackages/checkouts/swift-collections/Tests/_CollectionsTestSupport/Utilities/Integer Square Root.swift,C-dependency,26,Low,dependency-watch,dependency-watch,Low,Dependency source reviewed as vendor-owned; no app-actionable finding recorded unless surfaced separately.,Track upstream version/deprecation state; avoid local vendored edits unless app-blocking.,Build College scheme; run relevant tests/smoke path.
10,1163,SourcePackages/checkouts/swift-collections/Tests/_CollectionsTestSupport/Utilities/LifetimeTracked.swift,C-dependency,85,Low,dependency-watch,dependency-watch,Low,Dependency source reviewed as vendor-owned; no app-actionable finding recorded unless surfaced separately.,Track upstream version/deprecation state; avoid local vendored edits unless app-blocking.,Build College scheme; run relevant tests/smoke path.
10,1164,SourcePackages/checkouts/swift-collections/Tests/_CollectionsTestSupport/Utilities/LifetimeTrackedStruct.swift,C-dependency,44,Low,dependency-watch,dependency-watch,Low,Dependency source reviewed as vendor-owned; no app-actionable finding recorded unless surfaced separately.,Track upstream version/deprecation state; avoid local vendored edits unless app-blocking.,Build College scheme; run relevant tests/smoke path.
10,1165,SourcePackages/checkouts/swift-collections/Tests/_CollectionsTestSupport/Utilities/LifetimeTracker.swift,C-dependency,66,Low,dependency-watch,dependency-watch,Low,Dependency source reviewed as vendor-owned; no app-actionable finding recorded unless surfaced separately.,Track upstream version/deprecation state; avoid local vendored edits unless app-blocking.,Build College scheme; run relevant tests/smoke path.
10,1166,SourcePackages/checkouts/swift-collections/Tests/_CollectionsTestSupport/Utilities/RandomStableSample.swift,C-dependency,69,Low,dependency-watch,dependency-watch,Low,Dependency source reviewed as vendor-owned; no app-actionable finding recorded unless surfaced separately.,Track upstream version/deprecation state; avoid local vendored edits unless app-blocking.,Build College scheme; run relevant tests/smoke path.
10,1167,SourcePackages/checkouts/swift-collections/Tests/_CollectionsTestSupport/Utilities/RepeatableRandomNumberGenerator.swift,C-dependency,49,Low,dependency-watch,dependency-watch,Low,Dependency source reviewed as vendor-owned; no app-actionable finding recorded unless surfaced separately.,Track upstream version/deprecation state; avoid local vendored edits unless app-blocking.,Build College scheme; run relevant tests/smoke path.
10,1168,SourcePackages/checkouts/swift-collections/Tests/_CollectionsTestSupport/Utilities/SetAPIChecker.swift,C-dependency,81,Low,dependency-watch,dependency-watch,Low,Dependency source reviewed as vendor-owned; no app-actionable finding recorded unless surfaced separately.,Track upstream version/deprecation state; avoid local vendored edits unless app-blocking.,Build College scheme; run relevant tests/smoke path.
10,1169,SourcePackages/checkouts/swift-collections/Tests/_CollectionsTestSupport/Utilities/SortedCollectionAPIChecker.swift,C-dependency,33,Low,dependency-watch,dependency-watch,Low,Dependency source reviewed as vendor-owned; no app-actionable finding recorded unless surfaced separately.,Track upstream version/deprecation state; avoid local vendored edits unless app-blocking.,Build College scheme; run relevant tests/smoke path.
10,1170,SourcePackages/checkouts/swift-collections/Tests/_CollectionsTestSupport/Utilities/StringConvertibleValue.swift,C-dependency,34,Low,dependency-watch,dependency-watch,Low,Dependency source reviewed as vendor-owned; no app-actionable finding recorded unless surfaced separately.,Track upstream version/deprecation state; avoid local vendored edits unless app-blocking.,Build College scheme; run relevant tests/smoke path.
10,1171,SourcePackages/checkouts/swift-collections/Tests/_CollectionsTestSupport/Utilities/TestPrintable.swift,C-dependency,126,Low,dependency-watch,dependency-watch,Low,Dependency source reviewed as vendor-owned; no app-actionable finding recorded unless surfaced separately.,Track upstream version/deprecation state; avoid local vendored edits unless app-blocking.,Build College scheme; run relevant tests/smoke path.
10,1172,SourcePackages/checkouts/swift-jinja/Package.swift,C-dependency,38,Low,dependency-watch,dependency-watch,Low,Dependency source reviewed as vendor-owned; no app-actionable finding recorded unless surfaced separately.,Track upstream version/deprecation state; avoid local vendored edits unless app-blocking.,Build College scheme; run relevant tests/smoke path.
10,1173,SourcePackages/checkouts/swift-jinja/Sources/Jinja/AST.swift,C-dependency,195,Low,dependency-watch,dependency-watch,Low,Dependency source reviewed as vendor-owned; no app-actionable finding recorded unless surfaced separately.,Track upstream version/deprecation state; avoid local vendored edits unless app-blocking.,Build College scheme; run relevant tests/smoke path.
10,1174,SourcePackages/checkouts/swift-jinja/Sources/Jinja/Error.swift,C-dependency,22,Low,dependency-watch,dependency-watch,Low,Dependency source reviewed as vendor-owned; no app-actionable finding recorded unless surfaced separately.,Track upstream version/deprecation state; avoid local vendored edits unless app-blocking.,Build College scheme; run relevant tests/smoke path.
10,1175,SourcePackages/checkouts/swift-jinja/Sources/Jinja/Filters.swift,C-dependency,2147,Low,dependency-watch,dependency-watch,Low,Dependency source reviewed as vendor-owned; no app-actionable finding recorded unless surfaced separately.,Track upstream version/deprecation state; avoid local vendored edits unless app-blocking.,Build College scheme; run relevant tests/smoke path.
10,1176,SourcePackages/checkouts/swift-jinja/Sources/Jinja/Globals.swift,C-dependency,448,Low,dependency-watch,dependency-watch,Low,Dependency source reviewed as vendor-owned; no app-actionable finding recorded unless surfaced separately.,Track upstream version/deprecation state; avoid local vendored edits unless app-blocking.,Build College scheme; run relevant tests/smoke path.
10,1177,SourcePackages/checkouts/swift-jinja/Sources/Jinja/Interpreter.swift,C-dependency,883,Low,dependency-watch,dependency-watch,Low,Dependency source reviewed as vendor-owned; no app-actionable finding recorded unless surfaced separately.,Track upstream version/deprecation state; avoid local vendored edits unless app-blocking.,Build College scheme; run relevant tests/smoke path.
10,1178,SourcePackages/checkouts/swift-jinja/Sources/Jinja/Lexer.swift,C-dependency,492,Low,dependency-watch,dependency-watch,Low,Dependency source reviewed as vendor-owned; no app-actionable finding recorded unless surfaced separately.,Track upstream version/deprecation state; avoid local vendored edits unless app-blocking.,Build College scheme; run relevant tests/smoke path.
10,1179,SourcePackages/checkouts/swift-jinja/Sources/Jinja/Macro.swift,C-dependency,74,Low,dependency-watch,dependency-watch,Low,Dependency source reviewed as vendor-owned; no app-actionable finding recorded unless surfaced separately.,Track upstream version/deprecation state; avoid local vendored edits unless app-blocking.,Build College scheme; run relevant tests/smoke path.
10,1180,SourcePackages/checkouts/swift-jinja/Sources/Jinja/Parser.swift,C-dependency,763,Low,dependency-watch,dependency-watch,Low,Dependency source reviewed as vendor-owned; no app-actionable finding recorded unless surfaced separately.,Track upstream version/deprecation state; avoid local vendored edits unless app-blocking.,Build College scheme; run relevant tests/smoke path.
10,1181,SourcePackages/checkouts/swift-jinja/Sources/Jinja/PropertyMembers.swift,C-dependency,292,Low,dependency-watch,dependency-watch,Low,Dependency source reviewed as vendor-owned; no app-actionable finding recorded unless surfaced separately.,Track upstream version/deprecation state; avoid local vendored edits unless app-blocking.,Build College scheme; run relevant tests/smoke path.
10,1182,SourcePackages/checkouts/swift-jinja/Sources/Jinja/Template.swift,C-dependency,91,Low,dependency-watch,dependency-watch,Low,Dependency source reviewed as vendor-owned; no app-actionable finding recorded unless surfaced separately.,Track upstream version/deprecation state; avoid local vendored edits unless app-blocking.,Build College scheme; run relevant tests/smoke path.
10,1183,SourcePackages/checkouts/swift-jinja/Sources/Jinja/Tests.swift,C-dependency,615,Low,dependency-watch,dependency-watch,Low,Dependency source reviewed as vendor-owned; no app-actionable finding recorded unless surfaced separately.,Track upstream version/deprecation state; avoid local vendored edits unless app-blocking.,Build College scheme; run relevant tests/smoke path.
10,1184,SourcePackages/checkouts/swift-jinja/Sources/Jinja/Token.swift,C-dependency,175,Low,dependency-watch,dependency-watch,Low,Dependency source reviewed as vendor-owned; no app-actionable finding recorded unless surfaced separately.,Track upstream version/deprecation state; avoid local vendored edits unless app-blocking.,Build College scheme; run relevant tests/smoke path.
10,1185,SourcePackages/checkouts/swift-jinja/Sources/Jinja/Utilities.swift,C-dependency,65,Low,dependency-watch,dependency-watch,Low,Dependency source reviewed as vendor-owned; no app-actionable finding recorded unless surfaced separately.,Track upstream version/deprecation state; avoid local vendored edits unless app-blocking.,Build College scheme; run relevant tests/smoke path.
10,1186,SourcePackages/checkouts/swift-jinja/Sources/Jinja/Value.swift,C-dependency,637,Low,dependency-watch,dependency-watch,Low,Dependency source reviewed as vendor-owned; no app-actionable finding recorded unless surfaced separately.,Track upstream version/deprecation state; avoid local vendored edits unless app-blocking.,Build College scheme; run relevant tests/smoke path.
10,1187,SourcePackages/checkouts/swift-jinja/Tests/JinjaTests/FiltersTests.swift,C-dependency,632,Low,dependency-watch,dependency-watch,Low,Dependency source reviewed as vendor-owned; no app-actionable finding recorded unless surfaced separately.,Track upstream version/deprecation state; avoid local vendored edits unless app-blocking.,Build College scheme; run relevant tests/smoke path.
10,1188,SourcePackages/checkouts/swift-jinja/Tests/JinjaTests/GlobalsTests.swift,C-dependency,127,Low,dependency-watch,dependency-watch,Low,Dependency source reviewed as vendor-owned; no app-actionable finding recorded unless surfaced separately.,Track upstream version/deprecation state; avoid local vendored edits unless app-blocking.,Build College scheme; run relevant tests/smoke path.
10,1189,SourcePackages/checkouts/swift-jinja/Tests/JinjaTests/IntegrationTests.swift,C-dependency,1659,Low,dependency-watch,dependency-watch,Low,Dependency source reviewed as vendor-owned; no app-actionable finding recorded unless surfaced separately.,Track upstream version/deprecation state; avoid local vendored edits unless app-blocking.,Build College scheme; run relevant tests/smoke path.
10,1190,SourcePackages/checkouts/swift-jinja/Tests/JinjaTests/InterpreterTests.swift,C-dependency,47,Low,dependency-watch,dependency-watch,Low,Dependency source reviewed as vendor-owned; no app-actionable finding recorded unless surfaced separately.,Track upstream version/deprecation state; avoid local vendored edits unless app-blocking.,Build College scheme; run relevant tests/smoke path.
10,1191,SourcePackages/checkouts/swift-jinja/Tests/JinjaTests/PerformanceTests.swift,C-dependency,657,Low,dependency-watch,dependency-watch,Low,Dependency source reviewed as vendor-owned; no app-actionable finding recorded unless surfaced separately.,Track upstream version/deprecation state; avoid local vendored edits unless app-blocking.,Build College scheme; run relevant tests/smoke path.
10,1192,SourcePackages/checkouts/swift-jinja/Tests/JinjaTests/PropertyMembersTests.swift,C-dependency,432,Low,dependency-watch,dependency-watch,Low,Dependency source reviewed as vendor-owned; no app-actionable finding recorded unless surfaced separately.,Track upstream version/deprecation state; avoid local vendored edits unless app-blocking.,Build College scheme; run relevant tests/smoke path.
10,1193,SourcePackages/checkouts/swift-jinja/Tests/JinjaTests/TemplateTests.swift,C-dependency,2422,Low,dependency-watch,dependency-watch,Low,Dependency source reviewed as vendor-owned; no app-actionable finding recorded unless surfaced separately.,Track upstream version/deprecation state; avoid local vendored edits unless app-blocking.,Build College scheme; run relevant tests/smoke path.
10,1194,SourcePackages/checkouts/swift-jinja/Tests/JinjaTests/TestsTests.swift,C-dependency,655,Low,dependency-watch,dependency-watch,Low,Dependency source reviewed as vendor-owned; no app-actionable finding recorded unless surfaced separately.,Track upstream version/deprecation state; avoid local vendored edits unless app-blocking.,Build College scheme; run relevant tests/smoke path.
10,1195,SourcePackages/checkouts/swift-jinja/Tests/JinjaTests/ValueTests.swift,C-dependency,442,Low,dependency-watch,dependency-watch,Low,Dependency source reviewed as vendor-owned; no app-actionable finding recorded unless surfaced separately.,Track upstream version/deprecation state; avoid local vendored edits unless app-blocking.,Build College scheme; run relevant tests/smoke path.
10,1196,SourcePackages/checkouts/swift-numerics/Package.swift,C-dependency,74,Low,dependency-watch,dependency-watch,Low,Dependency source reviewed as vendor-owned; no app-actionable finding recorded unless surfaced separately.,Track upstream version/deprecation state; avoid local vendored edits unless app-blocking.,Build College scheme; run relevant tests/smoke path.
10,1197,SourcePackages/checkouts/swift-numerics/Sources/ComplexModule/Complex+AdditiveArithmetic.swift,C-dependency,42,Low,dependency-watch,dependency-watch,Low,Dependency source reviewed as vendor-owned; no app-actionable finding recorded unless surfaced separately.,Track upstream version/deprecation state; avoid local vendored edits unless app-blocking.,Build College scheme; run relevant tests/smoke path.
10,1198,SourcePackages/checkouts/swift-numerics/Sources/ComplexModule/Complex+AlgebraicField.swift,C-dependency,182,Low,dependency-watch,dependency-watch,Low,Dependency source reviewed as vendor-owned; no app-actionable finding recorded unless surfaced separately.,Track upstream version/deprecation state; avoid local vendored edits unless app-blocking.,Build College scheme; run relevant tests/smoke path.
10,1199,SourcePackages/checkouts/swift-numerics/Sources/ComplexModule/Complex+Codable.swift,C-dependency,36,Low,dependency-watch,dependency-watch,Low,Dependency source reviewed as vendor-owned; no app-actionable finding recorded unless surfaced separately.,Track upstream version/deprecation state; avoid local vendored edits unless app-blocking.,Build College scheme; run relevant tests/smoke path.
10,1200,SourcePackages/checkouts/swift-numerics/Sources/ComplexModule/Complex+ElementaryFunctions.swift,C-dependency,482,Low,dependency-watch,dependency-watch,Low,Dependency source reviewed as vendor-owned; no app-actionable finding recorded unless surfaced separately.,Track upstream version/deprecation state; avoid local vendored edits unless app-blocking.,Build College scheme; run relevant tests/smoke path.
10,1201,SourcePackages/checkouts/swift-numerics/Sources/ComplexModule/Complex+Hashable.swift,C-dependency,42,Low,dependency-watch,dependency-watch,Low,Dependency source reviewed as vendor-owned; no app-actionable finding recorded unless surfaced separately.,Track upstream version/deprecation state; avoid local vendored edits unless app-blocking.,Build College scheme; run relevant tests/smoke path.
10,1202,SourcePackages/checkouts/swift-numerics/Sources/ComplexModule/Complex+IntegerLiteral.swift,C-dependency,19,Low,dependency-watch,dependency-watch,Low,Dependency source reviewed as vendor-owned; no app-actionable finding recorded unless surfaced separately.,Track upstream version/deprecation state; avoid local vendored edits unless app-blocking.,Build College scheme; run relevant tests/smoke path.
10,1203,SourcePackages/checkouts/swift-numerics/Sources/ComplexModule/Complex+Numeric.swift,C-dependency,59,Low,dependency-watch,dependency-watch,Low,Dependency source reviewed as vendor-owned; no app-actionable finding recorded unless surfaced separately.,Track upstream version/deprecation state; avoid local vendored edits unless app-blocking.,Build College scheme; run relevant tests/smoke path.
10,1204,SourcePackages/checkouts/swift-numerics/Sources/ComplexModule/Complex+StringConvertible.swift,C-dependency,26,Low,dependency-watch,dependency-watch,Low,Dependency source reviewed as vendor-owned; no app-actionable finding recorded unless surfaced separately.,Track upstream version/deprecation state; avoid local vendored edits unless app-blocking.,Build College scheme; run relevant tests/smoke path.
10,1205,SourcePackages/checkouts/swift-numerics/Sources/ComplexModule/Complex.swift,C-dependency,208,Low,dependency-watch,dependency-watch,Low,Dependency source reviewed as vendor-owned; no app-actionable finding recorded unless surfaced separately.,Track upstream version/deprecation state; avoid local vendored edits unless app-blocking.,Build College scheme; run relevant tests/smoke path.
10,1206,SourcePackages/checkouts/swift-numerics/Sources/ComplexModule/Polar.swift,C-dependency,130,Low,dependency-watch,dependency-watch,Low,Dependency source reviewed as vendor-owned; no app-actionable finding recorded unless surfaced separately.,Track upstream version/deprecation state; avoid local vendored edits unless app-blocking.,Build College scheme; run relevant tests/smoke path.
10,1207,SourcePackages/checkouts/swift-numerics/Sources/ComplexModule/Scale.swift,C-dependency,41,Low,dependency-watch,dependency-watch,Low,Dependency source reviewed as vendor-owned; no app-actionable finding recorded unless surfaced separately.,Track upstream version/deprecation state; avoid local vendored edits unless app-blocking.,Build College scheme; run relevant tests/smoke path.
10,1208,SourcePackages/checkouts/swift-numerics/Sources/Numerics/Numerics.swift,C-dependency,14,Low,dependency-watch,dependency-watch,Low,Dependency source reviewed as vendor-owned; no app-actionable finding recorded unless surfaced separately.,Track upstream version/deprecation state; avoid local vendored edits unless app-blocking.,Build College scheme; run relevant tests/smoke path.
10,1209,SourcePackages/checkouts/swift-numerics/Sources/RealModule/AlgebraicField.swift,C-dependency,132,Low,dependency-watch,dependency-watch,Low,Dependency source reviewed as vendor-owned; no app-actionable finding recorded unless surfaced separately.,Track upstream version/deprecation state; avoid local vendored edits unless app-blocking.,Build College scheme; run relevant tests/smoke path.
10,1210,SourcePackages/checkouts/swift-numerics/Sources/RealModule/ApproximateEquality.swift,C-dependency,247,Low,dependency-watch,dependency-watch,Low,Dependency source reviewed as vendor-owned; no app-actionable finding recorded unless surfaced separately.,Track upstream version/deprecation state; avoid local vendored edits unless app-blocking.,Build College scheme; run relevant tests/smoke path.
10,1211,SourcePackages/checkouts/swift-numerics/Sources/RealModule/AugmentedArithmetic.swift,C-dependency,147,Low,dependency-watch,dependency-watch,Low,Dependency source reviewed as vendor-owned; no app-actionable finding recorded unless surfaced separately.,Track upstream version/deprecation state; avoid local vendored edits unless app-blocking.,Build College scheme; run relevant tests/smoke path.
10,1212,SourcePackages/checkouts/swift-numerics/Sources/RealModule/Double+Real.swift,C-dependency,232,Low,dependency-watch,dependency-watch,Low,Dependency source reviewed as vendor-owned; no app-actionable finding recorded unless surfaced separately.,Track upstream version/deprecation state; avoid local vendored edits unless app-blocking.,Build College scheme; run relevant tests/smoke path.
10,1213,SourcePackages/checkouts/swift-numerics/Sources/RealModule/ElementaryFunctions.swift,C-dependency,224,Low,dependency-watch,dependency-watch,Low,Dependency source reviewed as vendor-owned; no app-actionable finding recorded unless surfaced separately.,Track upstream version/deprecation state; avoid local vendored edits unless app-blocking.,Build College scheme; run relevant tests/smoke path.
10,1214,SourcePackages/checkouts/swift-numerics/Sources/RealModule/Float+Real.swift,C-dependency,205,Low,dependency-watch,dependency-watch,Low,Dependency source reviewed as vendor-owned; no app-actionable finding recorded unless surfaced separately.,Track upstream version/deprecation state; avoid local vendored edits unless app-blocking.,Build College scheme; run relevant tests/smoke path.
10,1215,SourcePackages/checkouts/swift-numerics/Sources/RealModule/Float16+Real.swift,C-dependency,192,Low,dependency-watch,dependency-watch,Low,Dependency source reviewed as vendor-owned; no app-actionable finding recorded unless surfaced separately.,Track upstream version/deprecation state; avoid local vendored edits unless app-blocking.,Build College scheme; run relevant tests/smoke path.
10,1216,SourcePackages/checkouts/swift-numerics/Sources/RealModule/Float80+Real.swift,C-dependency,179,Low,dependency-watch,dependency-watch,Low,Dependency source reviewed as vendor-owned; no app-actionable finding recorded unless surfaced separately.,Track upstream version/deprecation state; avoid local vendored edits unless app-blocking.,Build College scheme; run relevant tests/smoke path.
10,1217,SourcePackages/checkouts/swift-numerics/Sources/RealModule/Real.swift,C-dependency,150,Low,dependency-watch,dependency-watch,Low,Dependency source reviewed as vendor-owned; no app-actionable finding recorded unless surfaced separately.,Track upstream version/deprecation state; avoid local vendored edits unless app-blocking.,Build College scheme; run relevant tests/smoke path.
10,1218,SourcePackages/checkouts/swift-numerics/Sources/RealModule/RealFunctions.swift,C-dependency,98,Low,dependency-watch,dependency-watch,Low,Dependency source reviewed as vendor-owned; no app-actionable finding recorded unless surfaced separately.,Track upstream version/deprecation state; avoid local vendored edits unless app-blocking.,Build College scheme; run relevant tests/smoke path.
10,1219,SourcePackages/checkouts/swift-numerics/Sources/RealModule/RelaxedArithmetic.swift,C-dependency,82,Low,dependency-watch,dependency-watch,Low,Dependency source reviewed as vendor-owned; no app-actionable finding recorded unless surfaced separately.,Track upstream version/deprecation state; avoid local vendored edits unless app-blocking.,Build College scheme; run relevant tests/smoke path.
10,1220,SourcePackages/checkouts/swift-numerics/Sources/_TestSupport/BlackHole.swift,C-dependency,19,Low,dependency-watch,dependency-watch,Low,Dependency source reviewed as vendor-owned; no app-actionable finding recorded unless surfaced separately.,Track upstream version/deprecation state; avoid local vendored edits unless app-blocking.,Build College scheme; run relevant tests/smoke path.
10,1221,SourcePackages/checkouts/swift-numerics/Sources/_TestSupport/DoubleWidth.swift,C-dependency,782,Low,dependency-watch,dependency-watch,Low,Dependency source reviewed as vendor-owned; no app-actionable finding recorded unless surfaced separately.,Track upstream version/deprecation state; avoid local vendored edits unless app-blocking.,Build College scheme; run relevant tests/smoke path.
10,1222,SourcePackages/checkouts/swift-numerics/Sources/_TestSupport/Error.swift,C-dependency,32,Low,dependency-watch,dependency-watch,Low,Dependency source reviewed as vendor-owned; no app-actionable finding recorded unless surfaced separately.,Track upstream version/deprecation state; avoid local vendored edits unless app-blocking.,Build College scheme; run relevant tests/smoke path.
10,1223,SourcePackages/checkouts/swift-numerics/Sources/_TestSupport/Interval.swift,C-dependency,51,Low,dependency-watch,dependency-watch,Low,Dependency source reviewed as vendor-owned; no app-actionable finding recorded unless surfaced separately.,Track upstream version/deprecation state; avoid local vendored edits unless app-blocking.,Build College scheme; run relevant tests/smoke path.
10,1224,SourcePackages/checkouts/swift-numerics/Sources/_TestSupport/RealTestSupport.swift,C-dependency,33,Low,dependency-watch,dependency-watch,Low,Dependency source reviewed as vendor-owned; no app-actionable finding recorded unless surfaced separately.,Track upstream version/deprecation state; avoid local vendored edits unless app-blocking.,Build College scheme; run relevant tests/smoke path.
10,1225,SourcePackages/checkouts/swift-numerics/Tests/ComplexTests/ApproximateEqualityTests.swift,C-dependency,68,Low,dependency-watch,dependency-watch,Low,Dependency source reviewed as vendor-owned; no app-actionable finding recorded unless surfaced separately.,Track upstream version/deprecation state; avoid local vendored edits unless app-blocking.,Build College scheme; run relevant tests/smoke path.
10,1226,SourcePackages/checkouts/swift-numerics/Tests/ComplexTests/ArithmeticTests.swift,C-dependency,255,Low,dependency-watch,dependency-watch,Low,Dependency source reviewed as vendor-owned; no app-actionable finding recorded unless surfaced separately.,Track upstream version/deprecation state; avoid local vendored edits unless app-blocking.,Build College scheme; run relevant tests/smoke path.
10,1227,SourcePackages/checkouts/swift-numerics/Tests/ComplexTests/ElementaryFunctionTests.swift,C-dependency,461,Low,dependency-watch,dependency-watch,Low,Dependency source reviewed as vendor-owned; no app-actionable finding recorded unless surfaced separately.,Track upstream version/deprecation state; avoid local vendored edits unless app-blocking.,Build College scheme; run relevant tests/smoke path.
10,1228,SourcePackages/checkouts/swift-numerics/Tests/ComplexTests/PropertyTests.swift,C-dependency,132,Low,dependency-watch,dependency-watch,Low,Dependency source reviewed as vendor-owned; no app-actionable finding recorded unless surfaced separately.,Track upstream version/deprecation state; avoid local vendored edits unless app-blocking.,Build College scheme; run relevant tests/smoke path.
10,1229,SourcePackages/checkouts/swift-numerics/Tests/RealTests/ApproximateEqualityTests.swift,C-dependency,145,Low,dependency-watch,dependency-watch,Low,Dependency source reviewed as vendor-owned; no app-actionable finding recorded unless surfaced separately.,Track upstream version/deprecation state; avoid local vendored edits unless app-blocking.,Build College scheme; run relevant tests/smoke path.
10,1230,SourcePackages/checkouts/swift-numerics/Tests/RealTests/AugmentedArithmeticTests.swift,C-dependency,160,Low,dependency-watch,dependency-watch,Low,Dependency source reviewed as vendor-owned; no app-actionable finding recorded unless surfaced separately.,Track upstream version/deprecation state; avoid local vendored edits unless app-blocking.,Build College scheme; run relevant tests/smoke path.
10,1231,SourcePackages/checkouts/swift-numerics/Tests/RealTests/ElementaryFunctionChecks.swift,C-dependency,178,Low,dependency-watch,dependency-watch,Low,Dependency source reviewed as vendor-owned; no app-actionable finding recorded unless surfaced separately.,Track upstream version/deprecation state; avoid local vendored edits unless app-blocking.,Build College scheme; run relevant tests/smoke path.
10,1232,SourcePackages/checkouts/swift-numerics/Tests/RealTests/IntegerExponentTests.swift,C-dependency,198,Low,dependency-watch,dependency-watch,Low,Dependency source reviewed as vendor-owned; no app-actionable finding recorded unless surfaced separately.,Track upstream version/deprecation state; avoid local vendored edits unless app-blocking.,Build College scheme; run relevant tests/smoke path.
10,1233,SourcePackages/checkouts/swift-numerics/Tests/RealTests/RelaxedArithmeticTests.swift,C-dependency,129,Low,dependency-watch,dependency-watch,Low,Dependency source reviewed as vendor-owned; no app-actionable finding recorded unless surfaced separately.,Track upstream version/deprecation state; avoid local vendored edits unless app-blocking.,Build College scheme; run relevant tests/smoke path.
10,1234,SourcePackages/checkouts/swift-transformers/Examples/transformers-cli/Package.swift,C-dependency,24,Low,dependency-watch,dependency-watch,Low,Dependency source reviewed as vendor-owned; no app-actionable finding recorded unless surfaced separately.,Track upstream version/deprecation state; avoid local vendored edits unless app-blocking.,Build College scheme; run relevant tests/smoke path.
10,1235,SourcePackages/checkouts/swift-transformers/Examples/transformers-cli/Sources/transformers-cli/Transformers.swift,C-dependency,189,Low,dependency-watch,dependency-watch,Low,Dependency source reviewed as vendor-owned; no app-actionable finding recorded unless surfaced separately.,Track upstream version/deprecation state; avoid local vendored edits unless app-blocking.,Build College scheme; run relevant tests/smoke path.
10,1236,SourcePackages/checkouts/swift-transformers/Package.swift,C-dependency,43,Low,dependency-watch,dependency-watch,Low,Dependency source reviewed as vendor-owned; no app-actionable finding recorded unless surfaced separately.,Track upstream version/deprecation state; avoid local vendored edits unless app-blocking.,Build College scheme; run relevant tests/smoke path.
10,1237,SourcePackages/checkouts/swift-transformers/Sources/Generation/Decoders.swift,C-dependency,55,Low,dependency-watch,dependency-watch,Low,Dependency source reviewed as vendor-owned; no app-actionable finding recorded unless surfaced separately.,Track upstream version/deprecation state; avoid local vendored edits unless app-blocking.,Build College scheme; run relevant tests/smoke path.
10,1238,SourcePackages/checkouts/swift-transformers/Sources/Generation/Generation.swift,C-dependency,201,Low,dependency-watch,dependency-watch,Low,Dependency source reviewed as vendor-owned; no app-actionable finding recorded unless surfaced separately.,Track upstream version/deprecation state; avoid local vendored edits unless app-blocking.,Build College scheme; run relevant tests/smoke path.
10,1239,SourcePackages/checkouts/swift-transformers/Sources/Generation/GenerationConfig.swift,C-dependency,123,Low,dependency-watch,dependency-watch,Low,Dependency source reviewed as vendor-owned; no app-actionable finding recorded unless surfaced separately.,Track upstream version/deprecation state; avoid local vendored edits unless app-blocking.,Build College scheme; run relevant tests/smoke path.
10,1240,SourcePackages/checkouts/swift-transformers/Sources/Generation/LogitsWarper/LogitsProcessor.swift,C-dependency,59,Low,dependency-watch,dependency-watch,Low,Dependency source reviewed as vendor-owned; no app-actionable finding recorded unless surfaced separately.,Track upstream version/deprecation state; avoid local vendored edits unless app-blocking.,Build College scheme; run relevant tests/smoke path.
10,1241,SourcePackages/checkouts/swift-transformers/Sources/Generation/LogitsWarper/MinPLogitsWarper.swift,C-dependency,98,Low,dependency-watch,dependency-watch,Low,Dependency source reviewed as vendor-owned; no app-actionable finding recorded unless surfaced separately.,Track upstream version/deprecation state; avoid local vendored edits unless app-blocking.,Build College scheme; run relevant tests/smoke path.
10,1242,SourcePackages/checkouts/swift-transformers/Sources/Generation/LogitsWarper/RepetitionPenaltyLogitsProcessor.swift,C-dependency,92,Low,dependency-watch,dependency-watch,Low,Dependency source reviewed as vendor-owned; no app-actionable finding recorded unless surfaced separately.,Track upstream version/deprecation state; avoid local vendored edits unless app-blocking.,Build College scheme; run relevant tests/smoke path.
10,1243,SourcePackages/checkouts/swift-transformers/Sources/Generation/LogitsWarper/TemperatureLogitsWarper.swift,C-dependency,34,Low,dependency-watch,dependency-watch,Low,Dependency source reviewed as vendor-owned; no app-actionable finding recorded unless surfaced separately.,Track upstream version/deprecation state; avoid local vendored edits unless app-blocking.,Build College scheme; run relevant tests/smoke path.
10,1244,SourcePackages/checkouts/swift-transformers/Sources/Generation/LogitsWarper/TopKLogitsWarper.swift,C-dependency,85,Low,dependency-watch,dependency-watch,Low,Dependency source reviewed as vendor-owned; no app-actionable finding recorded unless surfaced separately.,Track upstream version/deprecation state; avoid local vendored edits unless app-blocking.,Build College scheme; run relevant tests/smoke path.
10,1245,SourcePackages/checkouts/swift-transformers/Sources/Generation/LogitsWarper/TopPLogitsWarper.swift,C-dependency,105,Low,dependency-watch,dependency-watch,Low,Dependency source reviewed as vendor-owned; no app-actionable finding recorded unless surfaced separately.,Track upstream version/deprecation state; avoid local vendored edits unless app-blocking.,Build College scheme; run relevant tests/smoke path.
10,1246,SourcePackages/checkouts/swift-transformers/Sources/Hub/BinaryDistinct.swift,C-dependency,270,Low,dependency-watch,dependency-watch,Low,Dependency source reviewed as vendor-owned; no app-actionable finding recorded unless surfaced separately.,Track upstream version/deprecation state; avoid local vendored edits unless app-blocking.,Build College scheme; run relevant tests/smoke path.
10,1247,SourcePackages/checkouts/swift-transformers/Sources/Hub/Config.swift,C-dependency,834,Low,dependency-watch,dependency-watch,Low,Dependency source reviewed as vendor-owned; no app-actionable finding recorded unless surfaced separately.,Track upstream version/deprecation state; avoid local vendored edits unless app-blocking.,Build College scheme; run relevant tests/smoke path.
10,1248,SourcePackages/checkouts/swift-transformers/Sources/Hub/Downloader.swift,C-dependency,495,Low,dependency-watch,dependency-watch,Low,Dependency source reviewed as vendor-owned; no app-actionable finding recorded unless surfaced separately.,Track upstream version/deprecation state; avoid local vendored edits unless app-blocking.,Build College scheme; run relevant tests/smoke path.
10,1249,SourcePackages/checkouts/swift-transformers/Sources/Hub/Extensions/JSONSerialization+BOM.swift,C-dependency,65,Low,dependency-watch,dependency-watch,Low,Dependency source reviewed as vendor-owned; no app-actionable finding recorded unless surfaced separately.,Track upstream version/deprecation state; avoid local vendored edits unless app-blocking.,Build College scheme; run relevant tests/smoke path.
10,1250,SourcePackages/checkouts/swift-transformers/Sources/Hub/Hub.swift,C-dependency,340,Low,dependency-watch,dependency-watch,Low,Dependency source reviewed as vendor-owned; no app-actionable finding recorded unless surfaced separately.,Track upstream version/deprecation state; avoid local vendored edits unless app-blocking.,Build College scheme; run relevant tests/smoke path.
11,1251,SourcePackages/checkouts/swift-transformers/Sources/Hub/HubApi.swift,C-dependency,1107,Low,dependency-watch,dependency-watch,Low,Dependency source reviewed as vendor-owned; no app-actionable finding recorded unless surfaced separately.,Track upstream version/deprecation state; avoid local vendored edits unless app-blocking.,Build College scheme; run relevant tests/smoke path.
11,1252,SourcePackages/checkouts/swift-transformers/Sources/Models/LanguageModel.swift,C-dependency,582,Low,dependency-watch,dependency-watch,Low,Dependency source reviewed as vendor-owned; no app-actionable finding recorded unless surfaced separately.,Track upstream version/deprecation state; avoid local vendored edits unless app-blocking.,Build College scheme; run relevant tests/smoke path.
11,1253,SourcePackages/checkouts/swift-transformers/Sources/Models/LanguageModelTypes.swift,C-dependency,120,Low,dependency-watch,dependency-watch,Low,Dependency source reviewed as vendor-owned; no app-actionable finding recorded unless surfaced separately.,Track upstream version/deprecation state; avoid local vendored edits unless app-blocking.,Build College scheme; run relevant tests/smoke path.
11,1254,SourcePackages/checkouts/swift-transformers/Sources/Models/Weights.swift,C-dependency,137,Low,dependency-watch,dependency-watch,Low,Dependency source reviewed as vendor-owned; no app-actionable finding recorded unless surfaced separately.,Track upstream version/deprecation state; avoid local vendored edits unless app-blocking.,Build College scheme; run relevant tests/smoke path.
11,1255,SourcePackages/checkouts/swift-transformers/Sources/Tokenizers/BPETokenizer.swift,C-dependency,240,Low,dependency-watch,dependency-watch,Low,Dependency source reviewed as vendor-owned; no app-actionable finding recorded unless surfaced separately.,Track upstream version/deprecation state; avoid local vendored edits unless app-blocking.,Build College scheme; run relevant tests/smoke path.
11,1256,SourcePackages/checkouts/swift-transformers/Sources/Tokenizers/BertTokenizer.swift,C-dependency,342,Low,dependency-watch,dependency-watch,Low,Dependency source reviewed as vendor-owned; no app-actionable finding recorded unless surfaced separately.,Track upstream version/deprecation state; avoid local vendored edits unless app-blocking.,Build College scheme; run relevant tests/smoke path.
11,1257,SourcePackages/checkouts/swift-transformers/Sources/Tokenizers/ByteEncoder.swift,C-dependency,270,Low,dependency-watch,dependency-watch,Low,Dependency source reviewed as vendor-owned; no app-actionable finding recorded unless surfaced separately.,Track upstream version/deprecation state; avoid local vendored edits unless app-blocking.,Build College scheme; run relevant tests/smoke path.
11,1258,SourcePackages/checkouts/swift-transformers/Sources/Tokenizers/Decoder.swift,C-dependency,276,Low,dependency-watch,dependency-watch,Low,Dependency source reviewed as vendor-owned; no app-actionable finding recorded unless surfaced separately.,Track upstream version/deprecation state; avoid local vendored edits unless app-blocking.,Build College scheme; run relevant tests/smoke path.
11,1259,SourcePackages/checkouts/swift-transformers/Sources/Tokenizers/Normalizer.swift,C-dependency,355,Low,dependency-watch,dependency-watch,Low,Dependency source reviewed as vendor-owned; no app-actionable finding recorded unless surfaced separately.,Track upstream version/deprecation state; avoid local vendored edits unless app-blocking.,Build College scheme; run relevant tests/smoke path.
11,1260,SourcePackages/checkouts/swift-transformers/Sources/Tokenizers/PostProcessor.swift,C-dependency,214,Low,dependency-watch,dependency-watch,Low,Dependency source reviewed as vendor-owned; no app-actionable finding recorded unless surfaced separately.,Track upstream version/deprecation state; avoid local vendored edits unless app-blocking.,Build College scheme; run relevant tests/smoke path.
11,1261,SourcePackages/checkouts/swift-transformers/Sources/Tokenizers/PreTokenizer.swift,C-dependency,278,Low,dependency-watch,dependency-watch,Low,Dependency source reviewed as vendor-owned; no app-actionable finding recorded unless surfaced separately.,Track upstream version/deprecation state; avoid local vendored edits unless app-blocking.,Build College scheme; run relevant tests/smoke path.
11,1262,SourcePackages/checkouts/swift-transformers/Sources/Tokenizers/String+PreTokenization.swift,C-dependency,158,Low,dependency-watch,dependency-watch,Low,Dependency source reviewed as vendor-owned; no app-actionable finding recorded unless surfaced separately.,Track upstream version/deprecation state; avoid local vendored edits unless app-blocking.,Build College scheme; run relevant tests/smoke path.
11,1263,SourcePackages/checkouts/swift-transformers/Sources/Tokenizers/TokenLattice.swift,C-dependency,152,Low,dependency-watch,dependency-watch,Low,Dependency source reviewed as vendor-owned; no app-actionable finding recorded unless surfaced separately.,Track upstream version/deprecation state; avoid local vendored edits unless app-blocking.,Build College scheme; run relevant tests/smoke path.
11,1264,SourcePackages/checkouts/swift-transformers/Sources/Tokenizers/Tokenizer.swift,C-dependency,1013,Low,dependency-watch,dependency-watch,Low,Dependency source reviewed as vendor-owned; no app-actionable finding recorded unless surfaced separately.,Track upstream version/deprecation state; avoid local vendored edits unless app-blocking.,Build College scheme; run relevant tests/smoke path.
11,1265,SourcePackages/checkouts/swift-transformers/Sources/Tokenizers/Trie.swift,C-dependency,101,Low,dependency-watch,dependency-watch,Low,Dependency source reviewed as vendor-owned; no app-actionable finding recorded unless surfaced separately.,Track upstream version/deprecation state; avoid local vendored edits unless app-blocking.,Build College scheme; run relevant tests/smoke path.
11,1266,SourcePackages/checkouts/swift-transformers/Sources/Tokenizers/UnigramTokenizer.swift,C-dependency,161,Low,dependency-watch,dependency-watch,Low,Dependency source reviewed as vendor-owned; no app-actionable finding recorded unless surfaced separately.,Track upstream version/deprecation state; avoid local vendored edits unless app-blocking.,Build College scheme; run relevant tests/smoke path.
11,1267,SourcePackages/checkouts/swift-transformers/Sources/Tokenizers/Utils.swift,C-dependency,75,Low,dependency-watch,dependency-watch,Low,Dependency source reviewed as vendor-owned; no app-actionable finding recorded unless surfaced separately.,Track upstream version/deprecation state; avoid local vendored edits unless app-blocking.,Build College scheme; run relevant tests/smoke path.
11,1268,SourcePackages/checkouts/swift-transformers/Tests/GenerationTests/GenerationIntegrationTests.swift,C-dependency,358,Low,dependency-watch,dependency-watch,Low,Dependency source reviewed as vendor-owned; no app-actionable finding recorded unless surfaced separately.,Track upstream version/deprecation state; avoid local vendored edits unless app-blocking.,Build College scheme; run relevant tests/smoke path.
11,1269,SourcePackages/checkouts/swift-transformers/Tests/GenerationTests/LogitsProcessorTests.swift,C-dependency,335,Low,dependency-watch,dependency-watch,Low,Dependency source reviewed as vendor-owned; no app-actionable finding recorded unless surfaced separately.,Track upstream version/deprecation state; avoid local vendored edits unless app-blocking.,Build College scheme; run relevant tests/smoke path.
11,1270,SourcePackages/checkouts/swift-transformers/Tests/HubTests/ConfigTests.swift,C-dependency,443,Low,dependency-watch,dependency-watch,Low,Dependency source reviewed as vendor-owned; no app-actionable finding recorded unless surfaced separately.,Track upstream version/deprecation state; avoid local vendored edits unless app-blocking.,Build College scheme; run relevant tests/smoke path.
11,1271,SourcePackages/checkouts/swift-transformers/Tests/HubTests/DownloaderTests.swift,C-dependency,190,Low,dependency-watch,dependency-watch,Low,Dependency source reviewed as vendor-owned; no app-actionable finding recorded unless surfaced separately.,Track upstream version/deprecation state; avoid local vendored edits unless app-blocking.,Build College scheme; run relevant tests/smoke path.
11,1272,SourcePackages/checkouts/swift-transformers/Tests/HubTests/HubApiTests.swift,C-dependency,1215,Low,dependency-watch,dependency-watch,Low,Dependency source reviewed as vendor-owned; no app-actionable finding recorded unless surfaced separately.,Track upstream version/deprecation state; avoid local vendored edits unless app-blocking.,Build College scheme; run relevant tests/smoke path.
11,1273,SourcePackages/checkouts/swift-transformers/Tests/HubTests/HubTests.swift,C-dependency,105,Low,dependency-watch,dependency-watch,Low,Dependency source reviewed as vendor-owned; no app-actionable finding recorded unless surfaced separately.,Track upstream version/deprecation state; avoid local vendored edits unless app-blocking.,Build College scheme; run relevant tests/smoke path.
11,1274,SourcePackages/checkouts/swift-transformers/Tests/ModelsTests/WeightsTests.swift,C-dependency,109,Low,dependency-watch,dependency-watch,Low,Dependency source reviewed as vendor-owned; no app-actionable finding recorded unless surfaced separately.,Track upstream version/deprecation state; avoid local vendored edits unless app-blocking.,Build College scheme; run relevant tests/smoke path.
11,1275,SourcePackages/checkouts/swift-transformers/Tests/TokenizersTests/BertTokenizerTests.swift,C-dependency,254,Low,dependency-watch,dependency-watch,Low,Dependency source reviewed as vendor-owned; no app-actionable finding recorded unless surfaced separately.,Track upstream version/deprecation state; avoid local vendored edits unless app-blocking.,Build College scheme; run relevant tests/smoke path.
11,1276,SourcePackages/checkouts/swift-transformers/Tests/TokenizersTests/ChatTemplateTests.swift,C-dependency,375,Low,dependency-watch,dependency-watch,Low,Dependency source reviewed as vendor-owned; no app-actionable finding recorded unless surfaced separately.,Track upstream version/deprecation state; avoid local vendored edits unless app-blocking.,Build College scheme; run relevant tests/smoke path.
11,1277,SourcePackages/checkouts/swift-transformers/Tests/TokenizersTests/DecoderTests.swift,C-dependency,54,Low,dependency-watch,dependency-watch,Low,Dependency source reviewed as vendor-owned; no app-actionable finding recorded unless surfaced separately.,Track upstream version/deprecation state; avoid local vendored edits unless app-blocking.,Build College scheme; run relevant tests/smoke path.
11,1278,SourcePackages/checkouts/swift-transformers/Tests/TokenizersTests/FactoryTests.swift,C-dependency,69,Low,dependency-watch,dependency-watch,Low,Dependency source reviewed as vendor-owned; no app-actionable finding recorded unless surfaced separately.,Track upstream version/deprecation state; avoid local vendored edits unless app-blocking.,Build College scheme; run relevant tests/smoke path.
11,1279,SourcePackages/checkouts/swift-transformers/Tests/TokenizersTests/NormalizerTests.swift,C-dependency,267,Low,dependency-watch,dependency-watch,Low,Dependency source reviewed as vendor-owned; no app-actionable finding recorded unless surfaced separately.,Track upstream version/deprecation state; avoid local vendored edits unless app-blocking.,Build College scheme; run relevant tests/smoke path.
11,1280,SourcePackages/checkouts/swift-transformers/Tests/TokenizersTests/PostProcessorTests.swift,C-dependency,108,Low,dependency-watch,dependency-watch,Low,Dependency source reviewed as vendor-owned; no app-actionable finding recorded unless surfaced separately.,Track upstream version/deprecation state; avoid local vendored edits unless app-blocking.,Build College scheme; run relevant tests/smoke path.
11,1281,SourcePackages/checkouts/swift-transformers/Tests/TokenizersTests/PreTokenizerTests.swift,C-dependency,277,Low,dependency-watch,dependency-watch,Low,Dependency source reviewed as vendor-owned; no app-actionable finding recorded unless surfaced separately.,Track upstream version/deprecation state; avoid local vendored edits unless app-blocking.,Build College scheme; run relevant tests/smoke path.
11,1282,SourcePackages/checkouts/swift-transformers/Tests/TokenizersTests/TokenizerTests.swift,C-dependency,374,Low,dependency-watch,dependency-watch,Low,Dependency source reviewed as vendor-owned; no app-actionable finding recorded unless surfaced separately.,Track upstream version/deprecation state; avoid local vendored edits unless app-blocking.,Build College scheme; run relevant tests/smoke path.
11,1283,SourcePackages/checkouts/swift-transformers/Tests/TokenizersTests/TrieTests.swift,C-dependency,68,Low,dependency-watch,dependency-watch,Low,Dependency source reviewed as vendor-owned; no app-actionable finding recorded unless surfaced separately.,Track upstream version/deprecation state; avoid local vendored edits unless app-blocking.,Build College scheme; run relevant tests/smoke path.
